[
  {
    "name": "Парацетамол, таблетки 200 мг 10 шт",
    "producer": "Татхимфармпрепараты, Россия",
    "active_component": "Парацетамол",
    "qrcode": [
      4604060005959,
      4604060071121
    ],
    "url": "https://www.eapteka.ru/goods/id85898/"
  },
  {
    "name": "Перекись водорода, раствор для наружного применения 40 мл   1 шт",
    "producer": "Йодные технологии и маркетинг, Россия",
    "active_component": "Водорода пероксид",
    "qrcode": [
      4605404000159,
      4605404000678,
      4621404000159
    ],
    "url": "https://www.eapteka.ru/goods/id234140/"
  },
  {
    "name": "Парацетамол, таблетки   10 шт",
    "producer": "Фармстандарт-Лексредства, Россия",
    "active_component": "Парацетамол",
    "qrcode": [
      "-",
      4601669000590
    ],
    "url": "https://www.eapteka.ru/goods/id34977/"
  },
  {
    "name": "Перекись водорода, раствор для наружного применения 100 мл   1 шт",
    "producer": "Йодные технологии и маркетинг, Россия",
    "active_component": "Водорода пероксид",
    "qrcode": [
      4605404000715
    ],
    "url": "https://www.eapteka.ru/goods/id234146/"
  },
  {
    "name": "Ацетилсалициловая кислота, таблетки 500 мг 10 шт",
    "producer": "Фармстандарт-Лексредства, Россия",
    "active_component": "Ацетилсалициловая кислота",
    "qrcode": [
      4601669001269
    ],
    "url": "https://www.eapteka.ru/goods/id90034/"
  },
  {
    "name": "Шприц 3-х компонентный 23G (0,60х30мм) 2 мл, 1 шт.",
    "producer": "СФМ Госпитал Продукт, Германия",
    "active_component": "",
    "qrcode": [
      4036534205020,
      4036534205037
    ],
    "url": "https://www.eapteka.ru/goods/id511219/"
  },
  {
    "name": "Уголь активированный, таблетки 250 мг 10 шт",
    "producer": "Фармстандарт-Лексредства, Россия",
    "active_component": "Активированный уголь",
    "qrcode": [
      4601669002600
    ],
    "url": "https://www.eapteka.ru/goods/id34967/"
  },
  {
    "name": "Микстура от кашля для взрослых сухая, порошок д/приг р-ра для приема внутрь 1,7 г 1 шт",
    "producer": "Московская ФФ, Россия",
    "active_component": "",
    "qrcode": [
      4601429001102,
      4601429003748
    ],
    "url": "https://www.eapteka.ru/goods/id66514/"
  },
  {
    "name": "Кеторолак, таблетки покрыт.плен.об. 10 мг 10 шт",
    "producer": "Синтез ОАО, Россия",
    "active_component": "Кеторолак",
    "qrcode": [
      4602565020132
    ],
    "url": "https://www.eapteka.ru/goods/id235155/"
  },
  {
    "name": "Преднизолон мазь 0.5%, мазь 0,5 % 10 г 1 шт",
    "producer": "Алтайвитамины, Россия",
    "active_component": "Преднизолон",
    "qrcode": [
      4603679001031
    ],
    "url": "https://www.eapteka.ru/goods/id234021/"
  },
  {
    "name": "Люголя раствор с глицерином, флаконы  25 мл",
    "producer": "Самарамедпром, Россия",
    "active_component": "",
    "qrcode": [
      4603933002743,
      4603933005324
    ],
    "url": "https://www.eapteka.ru/goods/id271581/"
  },
  {
    "name": "Лидокаин, капли глазные 2 % 5 мл",
    "producer": "Синтез ОАО, Россия",
    "active_component": "Лидокаин",
    "qrcode": [
      4602565021351
    ],
    "url": "https://www.eapteka.ru/goods/id124847/"
  },
  {
    "name": "Салициловой кислоты р-р спиртовой 2% флакон, раствор для наружного применения 40 мл   1 шт",
    "producer": "Ярославская фармфабрика, Россия",
    "active_component": "Салициловая кислота",
    "qrcode": [
      4603380003164
    ],
    "url": "https://www.eapteka.ru/goods/id241834/"
  },
  {
    "name": "Салициловой кислоты, раствор для наружного применения 1 % 40 мл 1 шт",
    "producer": "Ярославская фармфабрика, Россия",
    "active_component": "Салициловая кислота",
    "qrcode": [
      4603380000170
    ],
    "url": "https://www.eapteka.ru/goods/id288189/"
  },
  {
    "name": "Анаприлин, таблетки 10 мг, 50 шт.",
    "producer": "Татхимфармпрепараты, Россия",
    "active_component": "Пропранолол",
    "qrcode": [
      4604060006079,
      4604060991450
    ],
    "url": "https://www.eapteka.ru/goods/id86024/"
  },
  {
    "name": "Аллохол, таблетки покрыт.плен.об. 10 шт",
    "producer": "Фармстандарт-Томскхимфарм, Россия",
    "active_component": "Активированный уголь, Желчь, Крапивы двудомной листья, Чеснока посевного луковицы",
    "qrcode": [
      4602196002866,
      "-",
      "*",
      4602196000015
    ],
    "url": "https://www.eapteka.ru/goods/id106053/"
  },
  {
    "name": "Анаприлин, таблетки 10 мг, 50 шт.",
    "producer": "Биосинтез, Россия",
    "active_component": "Пропранолол",
    "qrcode": [
      4602884001799
    ],
    "url": "https://www.eapteka.ru/goods/id44083/"
  },
  {
    "name": "Парацетамол, таблетки   20 шт",
    "producer": "Фармстандарт-Лексредства, Россия",
    "active_component": "Парацетамол",
    "qrcode": [
      4601669000606
    ],
    "url": "https://www.eapteka.ru/goods/id34986/"
  },
  {
    "name": "Ацетилсалициловая кислота, таблетки 500 мг 20 шт",
    "producer": "Фармстандарт-Лексредства, Россия",
    "active_component": "Ацетилсалициловая кислота",
    "qrcode": [
      4601669002563
    ],
    "url": "https://www.eapteka.ru/goods/id35030/"
  },
  {
    "name": "Ципрофлоксацин, таблетки покрыт.плен.об. 250 мг 10 шт",
    "producer": "Синтез ОАО, Россия",
    "active_component": "Ципрофлоксацин",
    "qrcode": [
      4602565020279
    ],
    "url": "https://www.eapteka.ru/goods/id499333/"
  }
]