[
  {
    "name": "Кофицил-плюс, таблетки   10 шт",
    "producer": "Фармстандарт-Лексредства, Россия",
    "active_component": "Ацетилсалициловая кислота, Кофеин, Парацетамол",
    "qrcode": [
      4601669002709
    ],
    "url": "https://www.eapteka.ru/goods/id35245/"
  },
  {
    "name": "Пиперазин, таблетки 500 мг 10 шт",
    "producer": "Фармстандарт-Лексредства, Россия",
    "active_component": "",
    "qrcode": [
      4601669000620,
      "-",
      4601669010513,
      104601669010
    ],
    "url": "https://www.eapteka.ru/goods/id34987/"
  },
  {
    "name": "Омепразол, капсулы кишечнорастворимые 20 мг 30 шт",
    "producer": "Озон, Россия",
    "active_component": "Омепразол",
    "qrcode": [
      4607027760182,
      4630015110096
    ],
    "url": "https://www.eapteka.ru/goods/id233776/"
  },
  {
    "name": "Мятные, таблетки   10 шт",
    "producer": "Вифитех, Россия",
    "active_component": "",
    "qrcode": [
      4605180006697,
      4605180007601
    ],
    "url": "https://www.eapteka.ru/goods/id234085/"
  },
  {
    "name": "Магния сульфат раствор для в/в введ.250 мг/мл 5 мл амп, 10 шт.",
    "producer": "Борисовский завод медицинских препаратов, Беларусь",
    "active_component": "Магния сульфат",
    "qrcode": [
      4810201001845,
      4810201019659,
      4810201019666,
      4810201019673
    ],
    "url": "https://www.eapteka.ru/goods/id19084/"
  },
  {
    "name": "Горчичник-компресс согревающий, 20 шт.",
    "producer": "Оникс, Россия",
    "active_component": "",
    "qrcode": [
      4620005420045
    ],
    "url": "https://www.eapteka.ru/goods/id277726/"
  },
  {
    "name": "Пилокарпин Renewal, капли глазные 1 % 5 мл 1 шт",
    "producer": "Обновление ПФК АО, Россия",
    "active_component": "Пилокарпин",
    "qrcode": [
      4603988012360
    ],
    "url": "https://www.eapteka.ru/goods/id244726/"
  },
  {
    "name": "Галоперидол, таблетки 1,5 мг, 50 шт.",
    "producer": "Озон, Россия",
    "active_component": "Галоперидол",
    "qrcode": [
      4607027762179
    ],
    "url": "https://www.eapteka.ru/goods/id221550/"
  },
  {
    "name": "Вольтарен, таблетки покрыт.кишечнораств.об. 25 мг 30 шт",
    "producer": "Новартис Саглик Гида ве Тарим Юрюнлери Санайи, Турция",
    "active_component": "Диклофенак",
    "qrcode": [
      4603695000056
    ],
    "url": "https://www.eapteka.ru/goods/id104519/"
  },
  {
    "name": "Диклофенак-ФПО, таблетки кишечнораст.покрыт.плен.об. 50 мг 20 шт",
    "producer": "Оболенское ФП АО, Россия",
    "active_component": "Диклофенак",
    "qrcode": [
      4605077002412
    ],
    "url": "https://www.eapteka.ru/goods/id274708/"
  },
  {
    "name": "Ципрофлоксацин, таблетки покрыт.плен.об. 500 мг 10 шт",
    "producer": "Синтез ОАО, Россия",
    "active_component": "Ципрофлоксацин",
    "qrcode": [
      4602565020286
    ],
    "url": "https://www.eapteka.ru/goods/id233921/"
  },
  {
    "name": "Цефазолин, пор. д/приг р-ра для в/вен.и в/мыш.введ. фл. 1 г",
    "producer": "Биосинтез, Россия",
    "active_component": "Цефазолин",
    "qrcode": [
      4602884016151
    ],
    "url": "https://www.eapteka.ru/goods/id44415/"
  },
  {
    "name": "Ацикловир, мазь для наружного применения 5 % 10 г 1 шт",
    "producer": "Озон, Россия",
    "active_component": "Ацикловир",
    "qrcode": [
      4607027764050,
      4680020180317
    ],
    "url": "https://www.eapteka.ru/goods/id228054/"
  },
  {
    "name": "Бисакодил-Нижфарм, суппозитории ректальные 10 мг 10 шт.",
    "producer": "Нижфарм АО, Россия",
    "active_component": "Бисакодил",
    "qrcode": [
      4601026154720
    ],
    "url": "https://www.eapteka.ru/goods/id204077/"
  },
  {
    "name": "Глицерин, жидкость для местного применения , 40 г",
    "producer": "Самарамедпром, Россия",
    "active_component": "Глицерол",
    "qrcode": [
      4603933002699,
      "-",
      4603933005492,
      4605404003402
    ],
    "url": "https://www.eapteka.ru/goods/id233171/"
  },
  {
    "name": "Эуфиллин, раствор для инъекций 2,4 % 5 мл 10 шт",
    "producer": "Дальхимфарм, Россия",
    "active_component": "Аминофиллин",
    "qrcode": [
      4602824006143,
      4602565020101
    ],
    "url": "https://www.eapteka.ru/goods/id52462/"
  },
  {
    "name": "Цетиризин ДС, таблетки   10 шт",
    "producer": "Данафа Фармасьютикал Джойнт, Вьетнам",
    "active_component": "Цетиризин",
    "qrcode": [
      8934901320085
    ],
    "url": "https://www.eapteka.ru/goods/id218872/"
  },
  {
    "name": "Кальция глюконат, таблетки 500 мг 30 шт",
    "producer": "Обновление ПФК АО, Россия",
    "active_component": "Кальция глюконат",
    "qrcode": [
      4603988005997
    ],
    "url": "https://www.eapteka.ru/goods/id224544/"
  },
  {
    "name": "Глюкоза, раствор для в/в введ.400 мг/мл 10 мл амп 10 шт",
    "producer": "Славянская аптека, Россия",
    "active_component": "Декстроза",
    "qrcode": [
      4607005934048
    ],
    "url": "https://www.eapteka.ru/goods/id50754/"
  },
  {
    "name": "Горчичники-лист, 10 шт.",
    "producer": "Висмут, Россия",
    "active_component": "",
    "qrcode": [
      4820031540032
    ],
    "url": "https://www.eapteka.ru/goods/id294825/"
  }
]