[
  {
    "name": "Клюквы сироп, на фруктозе, 250 мл",
    "producer": "Биоинвентика, Россия",
    "active_component": "",
    "qrcode": [
      4605927000544
    ],
    "url": "https://www.eapteka.ru/goods/id220625/"
  },
  {
    "name": "Трубка газоотводная, n17",
    "producer": "Альфапластик, Россия",
    "active_component": "",
    "qrcode": [
      4601835001604,
      4601835001611,
      4601835003561
    ],
    "url": "https://www.eapteka.ru/goods/id214262/"
  },
  {
    "name": "Моксонидин Канон, таблетки покрыт.плен.об. 0,4 мг 14 шт",
    "producer": "Канонфарма продакшн ЗАО, Россия",
    "active_component": "Моксонидин",
    "qrcode": [
      4606486022305
    ],
    "url": "https://www.eapteka.ru/goods/id255970/"
  },
  {
    "name": "Нурофен для детей суспензия 100 мг/5 мл клубника, 200 мл",
    "producer": "Рекитт Бенкизер Хелскэр Индия Прайвит Лимитед, Индия",
    "active_component": "Ибупрофен",
    "qrcode": [
      5000158071032
    ],
    "url": "https://www.eapteka.ru/goods/id274384/"
  },
  {
    "name": "Амоксиклав, таблетки покрыт.плен.об. 500 мг+125 мг 15 шт",
    "producer": "Лек д.д., Словения",
    "active_component": "Амоксициллин, Клавулановая кислота",
    "qrcode": [
      3838958075720,
      3838957075720,
      3838957872244,
      "-"
    ],
    "url": "https://www.eapteka.ru/goods/id99053/"
  },
  {
    "name": "Эзомепразол Канон, таблетки покрыт.кишечнораств.об. 20 мг   28 шт",
    "producer": "Канонфарма продакшн ЗАО, Россия",
    "active_component": "Эзомепразол",
    "qrcode": [
      4606486023364
    ],
    "url": "https://www.eapteka.ru/goods/id275686/"
  },
  {
    "name": "Нутриэн Пульмо с нейтральным вкусом лечебное (энтеральное) питание, 200 мл",
    "producer": "Инфаприм ЗАО, Россия",
    "active_component": "",
    "qrcode": [
      4600490621158
    ],
    "url": "https://www.eapteka.ru/goods/id513523/"
  },
  {
    "name": "Фарингосепт, таблетки для рассасывания 10 мг 10 шт",
    "producer": "C.К. Терапия С.А., Румыния",
    "active_component": "Амбазон",
    "qrcode": [
      5944702206917,
      5944702001864
    ],
    "url": "https://www.eapteka.ru/goods/id125714/"
  },
  {
    "name": "Ортосифона тычиночного (Почечного чая) листья пачка, сырье растительное     1 шт",
    "producer": "Фирма Здоровье, Россия",
    "active_component": "Ортосифона тычиночного листья",
    "qrcode": [
      4601214000570
    ],
    "url": "https://www.eapteka.ru/goods/id240595/"
  },
  {
    "name": "Пустырник трава, сырье растительное   1,5 г 20 шт",
    "producer": "Красногорсклексредства, Россия",
    "active_component": "Пустырника трава",
    "qrcode": [
      4601498007005
    ],
    "url": "https://www.eapteka.ru/goods/id61580/"
  },
  {
    "name": "Гастрозол, капсулы 20 мг, 28 шт.",
    "producer": "Фармстандарт-Лексредства, Россия",
    "active_component": "Омепразол",
    "qrcode": [
      4601669005861
    ],
    "url": "https://www.eapteka.ru/goods/id212639/"
  },
  {
    "name": "Гастал, таблетки для рассасывания 12 шт.",
    "producer": "Тева Оперейшнс Поланд Сп. з о.о., Польша",
    "active_component": "Гидроталцит, Магния гидроксид",
    "qrcode": [
      5900004074357,
      3850114227988,
      5900004074814
    ],
    "url": "https://www.eapteka.ru/goods/id220466/"
  },
  {
    "name": "Одуванчика корни, сырье растительное     1 шт",
    "producer": "Фирма Здоровье, Россия",
    "active_component": "",
    "qrcode": [
      4601214000518
    ],
    "url": "https://www.eapteka.ru/goods/id125223/"
  },
  {
    "name": "Фитогепатол №3 желчегонный сбор, сырье растительное   2 г 20 шт",
    "producer": "Красногорсклексредства, Россия",
    "active_component": "Календула, Мята, Пижма, Ромашка, Тысячелистник",
    "qrcode": [
      4601498005759
    ],
    "url": "https://www.eapteka.ru/goods/id61790/"
  },
  {
    "name": "Санорин с ментолом и эвкалиптом, спрей назальный 10 мл   1 шт",
    "producer": "Гротекс ООО, Россия",
    "active_component": "Нафазолин",
    "qrcode": [
      4650069651376
    ],
    "url": "https://www.eapteka.ru/goods/id500001/"
  },
  {
    "name": "Лидокавер, гель для нанесения на десны 0,33%+0,1% 10 г",
    "producer": "Вертекс, Россия",
    "active_component": "Лидокаин, Цетилпиридиния хлорид",
    "qrcode": [
      4670033322217
    ],
    "url": "https://www.eapteka.ru/goods/id513577/"
  },
  {
    "name": "Тромбитал, таблетки покрыт.плен.об. 75 мг+15,2 мг 30 шт",
    "producer": "Фармстандарт-Лексредства, Россия",
    "active_component": "Ацетилсалициловая кислота, Магния гидроксид",
    "qrcode": [
      4601669012258
    ],
    "url": "https://www.eapteka.ru/goods/id294259/"
  },
  {
    "name": "Боровая матка, трава, 30 г",
    "producer": "Камелия-ЛТ, Россия",
    "active_component": "",
    "qrcode": [
      4630000892693
    ],
    "url": "https://www.eapteka.ru/goods/id223996/"
  },
  {
    "name": "Успокой, гранулы 10 г",
    "producer": "Материа Медика Холдинг, Россия",
    "active_component": "Гомеопатический состав",
    "qrcode": [
      4607009580388
    ],
    "url": "https://www.eapteka.ru/goods/id65712/"
  },
  {
    "name": "Мелоксикам р-р для в/м введ.10 мг/мл 1,5 мл ампулы, 3 шт.",
    "producer": "Курская биофабрика-фирма Биок, Россия",
    "active_component": "Мелоксикам",
    "qrcode": [
      4605526008491
    ],
    "url": "https://www.eapteka.ru/goods/id504076/"
  }
]