[
  {
    "name": "Флемоксин Солютаб, таблетки диспергируемые 125 мг   20 шт",
    "producer": "Астеллас Фарма Юроп Б.В., Нидерланды",
    "active_component": "Амоксициллин",
    "qrcode": [
      4607098450159,
      4607098452191,
      4606556000394,
      4606556003524,
      460656003524
    ],
    "url": "https://www.eapteka.ru/goods/id34185/"
  },
  {
    "name": "Чемеричная вода, раствор для наружного применения   100 мл 1 шт",
    "producer": "Московская ФФ, Россия",
    "active_component": "Чемерицы Лобеля корневищ с корнями настойка",
    "qrcode": [
      4601429002574,
      4601429005070
    ],
    "url": "https://www.eapteka.ru/goods/id66841/"
  },
  {
    "name": "Ингарон, лиофилизат д/приг р-ра для интраназального введ. 100000 ме фл 1 шт",
    "producer": "Фармаклон, Россия",
    "active_component": "Интерферон гамма человеческий рекомбинантный",
    "qrcode": [
      4607063890362,
      4607063890119
    ],
    "url": "https://www.eapteka.ru/goods/id208545/"
  },
  {
    "name": "Ацикловир, таблетки 400 мг, 20 шт.",
    "producer": "Озон, Россия",
    "active_component": "Ацикловир",
    "qrcode": [
      4607027762124,
      4630015110270
    ],
    "url": "https://www.eapteka.ru/goods/id238226/"
  },
  {
    "name": "Чага, сырье растительное     1 шт",
    "producer": "Красногорсклексредства, Россия",
    "active_component": "Гриб березовый",
    "qrcode": [
      4601498006671
    ],
    "url": "https://www.eapteka.ru/goods/id61847/"
  },
  {
    "name": "Липы цветки, сырье растительное 50 г 1 шт",
    "producer": "Фирма Здоровье, Россия",
    "active_component": "Липы цветки",
    "qrcode": [
      4601214000686
    ],
    "url": "https://www.eapteka.ru/goods/id234170/"
  },
  {
    "name": "Мерифатин МВ, таблетки с модифиц высвобождением 500 мг 60 шт",
    "producer": "Фармасинтез-Тюмень, Россия",
    "active_component": "Метформин",
    "qrcode": [
      4620017863403
    ],
    "url": "https://www.eapteka.ru/goods/id338551/"
  },
  {
    "name": "Глимепирид, таблетки 3 мг 30 шт",
    "producer": "Фармстандарт-Лексредства, Россия",
    "active_component": "Глимепирид",
    "qrcode": [
      4601669006172
    ],
    "url": "https://www.eapteka.ru/goods/id215426/"
  },
  {
    "name": "Бидоп Кор, таблетки 2,5 мг 56 шт",
    "producer": "Гедеон Рихтер-Рус, Россия",
    "active_component": "Бисопролол",
    "qrcode": [
      4605469003256,
      4605469003287
    ],
    "url": "https://www.eapteka.ru/goods/id238207/"
  },
  {
    "name": "Нипертен, таблетки 10 мг 30 шт",
    "producer": "КРКА дд Ново место, Словения",
    "active_component": "Бисопролол",
    "qrcode": [
      4607055133279
    ],
    "url": "https://www.eapteka.ru/goods/id212748/"
  },
  {
    "name": "Но-шпа, таблетки 40 мг 100 шт",
    "producer": "Хиноин Завод Фармацевтических и Химических пр-тов, Венгрия",
    "active_component": "Дротаверин",
    "qrcode": [
      5997086103280
    ],
    "url": "https://www.eapteka.ru/goods/id21630/"
  },
  {
    "name": "Римантадин Авексима, таблетки 50 мг 20 шт",
    "producer": "Ирбитский ХФЗ, Россия",
    "active_component": "Римантадин",
    "qrcode": [
      4603276008266
    ],
    "url": "https://www.eapteka.ru/goods/id275736/"
  },
  {
    "name": "Ацикловир таблетки 200 мг, 20 шт.",
    "producer": "Авва Рус, Россия",
    "active_component": "Ацикловир",
    "qrcode": [
      4680020230326
    ],
    "url": "https://www.eapteka.ru/goods/id506517/"
  },
  {
    "name": "Рабепразол-Вертекс, капсулы кишечнорастворимые 10 мг   14 шт",
    "producer": "Вертекс, Россия",
    "active_component": "Рабепразол",
    "qrcode": [
      4670033320787
    ],
    "url": "https://www.eapteka.ru/goods/id513599/"
  },
  {
    "name": "Аир, корневища измельченные 75 г 1 шт",
    "producer": "Красногорсклексредства, Россия",
    "active_component": "Аира корневища",
    "qrcode": [
      4601498006329
    ],
    "url": "https://www.eapteka.ru/goods/id61237/"
  },
  {
    "name": "Бальзам Золотая звезда, звезда флакон 5 мл",
    "producer": "Данафа Фармасьютикал Джойнт, Вьетнам",
    "active_component": "",
    "qrcode": [
      8934901730037
    ],
    "url": "https://www.eapteka.ru/goods/id22198/"
  },
  {
    "name": "Офтаквикс, капли глазные 0,5 % 5 мл 1 шт",
    "producer": "НекстФарма, Финляндия",
    "active_component": "Левофлоксацин",
    "qrcode": [
      6419716965130,
      4987084308184
    ],
    "url": "https://www.eapteka.ru/goods/id210262/"
  },
  {
    "name": "Депакин хроно, таблетки пролонг действия покрыт.об. 500 мг 30 шт",
    "producer": "Санофи Винтроп Индустрия, Франция",
    "active_component": "Вальпроевая кислота",
    "qrcode": [
      3582910004301
    ],
    "url": "https://www.eapteka.ru/goods/id103393/"
  },
  {
    "name": "Тизанидин, таблетки 4 мг 30 шт",
    "producer": "Озон, Россия",
    "active_component": "Тизанидин",
    "qrcode": [
      4680020181956
    ],
    "url": "https://www.eapteka.ru/goods/id504188/"
  },
  {
    "name": "Азитрал, капсулы 500 мг 3 шт",
    "producer": "Шрея Лайф Саенсиз Пвт.Лтд, Индия",
    "active_component": "Азитромицин",
    "qrcode": [
      8906000573280
    ],
    "url": "https://www.eapteka.ru/goods/id218878/"
  }
]