[
  {
    "name": "Ацикловир Сандоз таблетки 200 мг, 25 шт.",
    "producer": "Салютас Фарма ГмбХ, Германия",
    "active_component": "Ацикловир",
    "qrcode": [
      4030855498123,
      7613421046873
    ],
    "url": "https://www.eapteka.ru/goods/id231269/"
  },
  {
    "name": "Сангвиритрин, раствор для наружного применения 50 мл   1 шт",
    "producer": "Фармцентр ВИЛАР АО, Россия",
    "active_component": "",
    "qrcode": [
      4602329001339,
      4602329001810
    ],
    "url": "https://www.eapteka.ru/goods/id47346/"
  },
  {
    "name": "Сандра, таблетки гомеопатические 0,25 г 30 шт",
    "producer": "Фармцентр ВИЛАР АО, Россия",
    "active_component": "Гомеопатический состав",
    "qrcode": [
      4602329001360,
      4602329001834,
      4602329000547
    ],
    "url": "https://www.eapteka.ru/goods/id47468/"
  },
  {
    "name": "Метопролол раствор для внутривенного введения 1 мг/мл 5 мл, 5 шт.",
    "producer": "МЭЗ, Россия",
    "active_component": "Метопролол",
    "qrcode": [
      4602676008937
    ],
    "url": "https://www.eapteka.ru/goods/id335215/"
  },
  {
    "name": "Панаспар, таблетки покрыт.плен.об. 316 мг+280 мг  50 шт",
    "producer": "Фармстандарт-Лексредства, Россия",
    "active_component": "Калия и магния аспарагинат",
    "qrcode": [
      4601669013323
    ],
    "url": "https://www.eapteka.ru/goods/id326834/"
  },
  {
    "name": "Валокордин, капли для приема внутрь, 20 мл",
    "producer": "Кревель Мойзельбах ГмбХ, Германия",
    "active_component": "",
    "qrcode": [
      4030031898303
    ],
    "url": "https://www.eapteka.ru/goods/id24338/"
  },
  {
    "name": "Темпалгин, таблетки   20 шт",
    "producer": "Софарма, Болгария",
    "active_component": "Метамизол натрия, Триацетонамин-4-толуолсульфонат",
    "qrcode": [
      3800010643412
    ],
    "url": "https://www.eapteka.ru/goods/id233890/"
  },
  {
    "name": "Папаверин буфус Renewal, раствор для инъекций 20 мг/мл  2 мл 10 шт",
    "producer": "Обновление ПФК АО, Россия",
    "active_component": "Папаверин",
    "qrcode": [
      4603988009506
    ],
    "url": "https://www.eapteka.ru/goods/id233994/"
  },
  {
    "name": "Називин, капли назальные 0,01%  5 мл",
    "producer": "Софаримекс Индустрия Кимика э Фармасуэтика С.А., Португалия",
    "active_component": "Оксиметазолин",
    "qrcode": [
      4054839084331,
      4054839472589,
      4022536645612
    ],
    "url": "https://www.eapteka.ru/goods/id24458/"
  },
  {
    "name": "Проктофитол противогеморроидальный сбор, сырье растительное   2 г 20 шт",
    "producer": "Красногорсклексредства, Россия",
    "active_component": "",
    "qrcode": [
      4601498005773
    ],
    "url": "https://www.eapteka.ru/goods/id61566/"
  },
  {
    "name": "Эдас-131, капли для приема внутрь     1 шт",
    "producer": "Эдас, Россия",
    "active_component": "Гомеопатический состав",
    "qrcode": [
      4600908020917
    ],
    "url": "https://www.eapteka.ru/goods/id220937/"
  },
  {
    "name": "Лизинотон, 28 шт.",
    "producer": "Актавис Лтд, Мальта",
    "active_component": "Лизиноприл",
    "qrcode": [
      4607141990298,
      4630013790023
    ],
    "url": "https://www.eapteka.ru/goods/id207997/"
  },
  {
    "name": "Кордафлекс РД, таблетки с модифиц высвобож покрыт.плен.об. 40 мг 30 шт",
    "producer": "Зигфрид Мальта Лтд, Швейцария",
    "active_component": "Нифедипин",
    "qrcode": [
      5995327119793
    ],
    "url": "https://www.eapteka.ru/goods/id210336/"
  },
  {
    "name": "Дексаметазон, капли глазные 0,1 % 10 мл",
    "producer": "Фармак, Украина",
    "active_component": "Дексаметазон",
    "qrcode": [
      4823002207866
    ],
    "url": "https://www.eapteka.ru/goods/id225611/"
  },
  {
    "name": "Мелоксикам-Вертекс таблетки 15 мг, 10 шт.",
    "producer": "Вертекс, Россия",
    "active_component": "Мелоксикам",
    "qrcode": [
      4607003241995,
      4670033320695
    ],
    "url": "https://www.eapteka.ru/goods/id224225/"
  },
  {
    "name": "Мелоксикам-Вертекс таблетки 7,5 мг, 20 шт.",
    "producer": "Вертекс, Россия",
    "active_component": "Мелоксикам",
    "qrcode": [
      4607003246167,
      4670033321067
    ],
    "url": "https://www.eapteka.ru/goods/id224227/"
  },
  {
    "name": "Эманера, капсулы 20 мг   28 шт",
    "producer": "КРКА дд Ново место, Словения",
    "active_component": "Эзомепразол",
    "qrcode": [
      3838989625610
    ],
    "url": "https://www.eapteka.ru/goods/id219885/"
  },
  {
    "name": "АнвиМакс Клюква, пакетики 5 г, 3 шт.",
    "producer": "ФармВилар НПО, Россия",
    "active_component": "Парацетамол, Аскорбиновая кислота, Римантадин, Рутозид, Лоратадин, Кальция глюконат",
    "qrcode": [
      4605964004611
    ],
    "url": "https://www.eapteka.ru/goods/id227724/"
  },
  {
    "name": "Кольцо маточное, размер 3, 1 шт.",
    "producer": "Альфапластик, Россия",
    "active_component": "",
    "qrcode": [
      4601835001161,
      4823060801822,
      "-"
    ],
    "url": "https://www.eapteka.ru/goods/id205576/"
  },
  {
    "name": "Санорин капли назальные с морской водой, капли назальные 10 мл   1 шт",
    "producer": "Гротекс ООО, Россия",
    "active_component": "Нафазолин",
    "qrcode": [
      4607011636356
    ],
    "url": "https://www.eapteka.ru/goods/id513908/"
  }
]