[
  {
    "name": "Доксазозин, таблетки 2 мг 30 шт.",
    "producer": "Озон, Россия",
    "active_component": "Доксазозин",
    "qrcode": [
      4607027768447
    ],
    "url": "https://www.eapteka.ru/goods/id504026/"
  },
  {
    "name": "Агри, таблетки   40 шт",
    "producer": "Материа Медика Холдинг, Россия",
    "active_component": "Гомеопатический состав",
    "qrcode": [
      4607009583877
    ],
    "url": "https://www.eapteka.ru/goods/id209865/"
  },
  {
    "name": "Форметин Лонг, таблетки пролонгированного действия 750 мг   60 шт",
    "producer": "Фармстандарт-Лексредства, Россия",
    "active_component": "Метформин",
    "qrcode": [
      4602196004303,
      4601669012838,
      "-"
    ],
    "url": "https://www.eapteka.ru/goods/id294253/"
  },
  {
    "name": "Сульфокамфокаин р-р д/инъекций 50.4 мг/мл+49.6 мг/мл 2 мл ампулы, 10 шт.",
    "producer": "Фармстандарт-УфаВИТА, Россия",
    "active_component": "Прокаин, Сульфокамфорная кислота",
    "qrcode": [
      4601808006445,
      4601808013986
    ],
    "url": "https://www.eapteka.ru/goods/id36641/"
  },
  {
    "name": "Пикамилон р-р для в/вен. и в/мыш. введ.50 мг/мл  2 мл ампулы, 10 шт.",
    "producer": "Фармстандарт-Лексредства, Россия",
    "active_component": "Никотиноил гамма-аминомасляная кислота",
    "qrcode": [
      4601808008432,
      4601808013993
    ],
    "url": "https://www.eapteka.ru/goods/id326835/"
  },
  {
    "name": "Индометацин, суппозитории ректальные 50 мг, 6 шт.",
    "producer": "Софарма, Болгария",
    "active_component": "Индометацин",
    "qrcode": [
      3800010650380,
      "-"
    ],
    "url": "https://www.eapteka.ru/goods/id108671/"
  },
  {
    "name": "Дексаметазон-Виал, раствор для инъекций 4 мг/мл 1 мл амп 25 шт",
    "producer": "Си Эс Пи Си Оуи Фармасьютикал Ко.Лтд, Китай",
    "active_component": "Дексаметазон",
    "qrcode": [
      6916119020287,
      4603256010494
    ],
    "url": "https://www.eapteka.ru/goods/id226039/"
  },
  {
    "name": "Линкомицин, капсулы 250 мг, 20 шт.",
    "producer": "Озон, Россия",
    "active_component": "Линкомицин",
    "qrcode": [
      4607027769703
    ],
    "url": "https://www.eapteka.ru/goods/id294442/"
  },
  {
    "name": "Анвимакс порошок, для раствора для приема внутрь мед-лимон 5г 3 шт.",
    "producer": "ФармВилар НПО, Россия",
    "active_component": "Парацетамол, Аскорбиновая кислота, Римантадин, Рутозид, Лоратадин, Кальция глюконат",
    "qrcode": [
      4605964003836,
      4605964003676
    ],
    "url": "https://www.eapteka.ru/goods/id250382/"
  },
  {
    "name": "Солпадеин Фаст, таблетки покрыт.плен.об. 65 мг+500 мг  12 шт",
    "producer": "ГлаксоСмитКляйн Дангарван Лимитед, Ирландия",
    "active_component": "Кофеин, Парацетамол",
    "qrcode": [
      4602233006246
    ],
    "url": "https://www.eapteka.ru/goods/id215080/"
  },
  {
    "name": "Ревмарт, таблетки 15 мг 20 шт",
    "producer": "Алси Фарма, Россия",
    "active_component": "Мелоксикам",
    "qrcode": [
      4607011633843
    ],
    "url": "https://www.eapteka.ru/goods/id513196/"
  },
  {
    "name": "Цефоперазон, флакон,  1 г",
    "producer": "Красфарма ПАО, Россия",
    "active_component": "Цефоперазон",
    "qrcode": [
      4602521006644
    ],
    "url": "https://www.eapteka.ru/goods/id247157/"
  },
  {
    "name": "Тербинафин-МФФ, таблетки 250 мг 10 шт",
    "producer": "Московская ФФ, Россия",
    "active_component": "Тербинафин",
    "qrcode": [
      4601429004981
    ],
    "url": "https://www.eapteka.ru/goods/id294626/"
  },
  {
    "name": "Нормоэнзим таблетки кишечнораст.покрыт плен.об., 20 шт.",
    "producer": "Фармстандарт-Лексредства, Россия",
    "active_component": "Гемицеллюлаза, Желчи компоненты, Панкреатин",
    "qrcode": [
      4601669013972
    ],
    "url": "https://www.eapteka.ru/goods/id511398/"
  },
  {
    "name": "Таблетки из расторопши Биокор, 60 шт.",
    "producer": "Фирма Биокор ООО, Россия",
    "active_component": "",
    "qrcode": [
      4603907003226
    ],
    "url": "https://www.eapteka.ru/goods/id231062/"
  },
  {
    "name": "Бромгексин сироп 4 мг/5 мл со вкусом абрикоса, 100 мл",
    "producer": "Фармстандарт-Лексредства, Россия",
    "active_component": "Бромгексин",
    "qrcode": [
      4601669006905
    ],
    "url": "https://www.eapteka.ru/goods/id227356/"
  },
  {
    "name": "Эхинацея, таблетки   30 шт",
    "producer": "ФармВилар НПО, Россия",
    "active_component": "Эхинацеи пурпурной травы экстракт",
    "qrcode": [
      4610017501276
    ],
    "url": "https://www.eapteka.ru/goods/id498602/"
  },
  {
    "name": "Шиповника плоды пачка, сырье растительное   100 г 1 шт",
    "producer": "Фирма Здоровье, Россия",
    "active_component": "Шиповника плоды",
    "qrcode": [
      4601214005698,
      "-",
      4601214003366,
      "*"
    ],
    "url": "https://www.eapteka.ru/goods/id234205/"
  },
  {
    "name": "Новиган, таблетки покрыт.плен.об.   10 шт",
    "producer": "Д-р Редди`с, Индия",
    "active_component": "Ибупрофен, Питофенон, Фенпивериния бромид",
    "qrcode": [
      8901148232174,
      8901148200323,
      "-"
    ],
    "url": "https://www.eapteka.ru/goods/id230910/"
  },
  {
    "name": "Нормофлорин-Б, флакон, 100 мл",
    "producer": "Бифилюкс, Россия",
    "active_component": "",
    "qrcode": [
      4607021460064
    ],
    "url": "https://www.eapteka.ru/goods/id208571/"
  }
]