[
  {
    "name": "Ихтиол, суппозитории ректальные 10 шт.",
    "producer": "Нижфарм АО, Россия",
    "active_component": "Ихтаммол",
    "qrcode": [
      4601026012013
    ],
    "url": "https://www.eapteka.ru/goods/id70775/"
  },
  {
    "name": "МестаМидин-сенс Home р-р для наружного применения флаконы-капельницы, 50 мл",
    "producer": "Гротекс ООО, Россия",
    "active_component": "",
    "qrcode": [
      4680013247584
    ],
    "url": "https://www.eapteka.ru/goods/id287680/"
  },
  {
    "name": "Дилтиазем, таблетки 60 мг 30 шт",
    "producer": "Алкалоид АД Скопье, Республика Северная Македония",
    "active_component": "Дилтиазем",
    "qrcode": [
      5310001059545
    ],
    "url": "https://www.eapteka.ru/goods/id247064/"
  },
  {
    "name": "Зеленина капли, 25 мл",
    "producer": "Московская ФФ, Россия",
    "active_component": "",
    "qrcode": [
      4601429004936
    ],
    "url": "https://www.eapteka.ru/goods/id124559/"
  },
  {
    "name": "Долгит, крем для наружного применения 5 % 100 г 1 шт",
    "producer": "Долоргит ГмбХ и Ко.КГ, Германия",
    "active_component": "Ибупрофен",
    "qrcode": [
      4028352000123,
      4028352000116,
      "-"
    ],
    "url": "https://www.eapteka.ru/goods/id25058/"
  },
  {
    "name": "Кларбакт, таблетки покрыт.плен.об. 500 мг 10 шт",
    "producer": "Ипка Лабораториз Лимитед, Индия",
    "active_component": "Кларитромицин",
    "qrcode": [
      8901079004758
    ],
    "url": "https://www.eapteka.ru/goods/id215480/"
  },
  {
    "name": "Аугментин, таблетки покрыт.плен.об. 500 мг+125 мг 14 шт",
    "producer": "СмитКляйн Бичем, Великобритания",
    "active_component": "Амоксициллин, Клавулановая кислота",
    "qrcode": [
      4607008130850
    ],
    "url": "https://www.eapteka.ru/goods/id21422/"
  },
  {
    "name": "Тербинафин, спрей для наружного применения     1 шт",
    "producer": "Випс Мед Фирма, Россия",
    "active_component": "Тербинафин",
    "qrcode": [
      4603761001413,
      4603761000096
    ],
    "url": "https://www.eapteka.ru/goods/id246903/"
  },
  {
    "name": "Пантопразол-Вертекс, таблетки кишечнораствор.покрыт.плен.об. 20 мг   30 шт",
    "producer": "Вертекс, Россия",
    "active_component": "Пантопразол",
    "qrcode": [
      4670033322057
    ],
    "url": "https://www.eapteka.ru/goods/id513587/"
  },
  {
    "name": "Алоэ экстракт жидкий, раствор для п/кож.введ. 1 мл 10 шт",
    "producer": "Вифитех, Россия",
    "active_component": "Алоэ древовидного листьев экстракт",
    "qrcode": [
      4605180006079
    ],
    "url": "https://www.eapteka.ru/goods/id231368/"
  },
  {
    "name": "Видестим, мазь для наружного применения 0,5 % 35 г 1 шт",
    "producer": "Ретиноиды АО, Россия",
    "active_component": "Ретинол",
    "qrcode": [
      4601607000507
    ],
    "url": "https://www.eapteka.ru/goods/id117726/"
  },
  {
    "name": "Суприма-Лор, таблетки для рассасывания 16 шт",
    "producer": "Шрея Лайф Саенсиз Пвт.Лтд, Индия",
    "active_component": "Амилметакрезол, Дихлорбензиловый спирт",
    "qrcode": [
      8906000570906
    ],
    "url": "https://www.eapteka.ru/goods/id255207/"
  },
  {
    "name": "Эдас-801, раствор для наружного применения   15 мл 1 шт",
    "producer": "Эдас, Россия",
    "active_component": "Гомеопатический состав",
    "qrcode": [
      4600908021617
    ],
    "url": "https://www.eapteka.ru/goods/id228675/"
  },
  {
    "name": "Лизиноприл-Тева таблетки 20 мг, 30 шт.",
    "producer": "Тева ООО, Россия",
    "active_component": "Лизиноприл",
    "qrcode": [
      4670016770301,
      5995377485329
    ],
    "url": "https://www.eapteka.ru/goods/id250555/"
  },
  {
    "name": "Диротон, таблетки 5 мг, 56 шт.",
    "producer": "Гедеон Рихтер-Рус, Россия",
    "active_component": "Лизиноприл",
    "qrcode": [
      4605469002556,
      4605469002952
    ],
    "url": "https://www.eapteka.ru/goods/id212713/"
  },
  {
    "name": "Рабепразол-СЗ, капсулы кишечнорастворимые     28 шт",
    "producer": "Северная Звезда, Россия",
    "active_component": "Рабепразол",
    "qrcode": [
      4690655015441
    ],
    "url": "https://www.eapteka.ru/goods/id275778/"
  },
  {
    "name": "Панкреатин Renewal, таблетки 20000 ед 20 шт",
    "producer": "Обновление ПФК АО, Россия",
    "active_component": "Панкреатин",
    "qrcode": [
      4603988016436
    ],
    "url": "https://www.eapteka.ru/goods/id306305/"
  },
  {
    "name": "Атровент, раствор для ингаляций 0,25 мг/мл 20 мл",
    "producer": "Институт де Ангели С.р.Л, Италия",
    "active_component": "Ипратропия бромид",
    "qrcode": [
      9006968003993
    ],
    "url": "https://www.eapteka.ru/goods/id23104/"
  },
  {
    "name": "Симвастатин-Вертекс, таблетки покрыт.плен.об. 20 мг 30 шт",
    "producer": "Вертекс, Россия",
    "active_component": "Симвастатин",
    "qrcode": [
      4607003243661,
      4670033320879
    ],
    "url": "https://www.eapteka.ru/goods/id250753/"
  },
  {
    "name": "Красная щетка, пачка, 30 г",
    "producer": "Эвалар, Россия",
    "active_component": "Родиола четырехнадрезная",
    "qrcode": [
      4602242003595
    ],
    "url": "https://www.eapteka.ru/goods/id211381/"
  }
]