[
  {
    "name": "Бисопролол-Тева таблетки покрыт.плен.об. 10 мг, 30 шт.",
    "producer": "Р-Фарм Новоселки, Россия",
    "active_component": "Бисопролол",
    "qrcode": [
      4630157810151
    ],
    "url": "https://www.eapteka.ru/goods/id514126/"
  },
  {
    "name": "Валерианы корневища с корнями, сырье растительное   1,5 г 20 шт",
    "producer": "Красногорсклексредства, Россия",
    "active_component": "Валерианы лекарственной корневища с корнями",
    "qrcode": [
      4601498000693,
      "-"
    ],
    "url": "https://www.eapteka.ru/goods/id61321/"
  },
  {
    "name": "Зеленина капли, 25 мл",
    "producer": "Тверская фармфабрика, Россия",
    "active_component": "",
    "qrcode": [
      4603373002815,
      4603373005397
    ],
    "url": "https://www.eapteka.ru/goods/id203358/"
  },
  {
    "name": "Ванкорус лиофилизат для р-ра для инфузий 0,5 г флакон 1шт., упак.",
    "producer": "Синтез ОАО, Россия",
    "active_component": "Ванкомицин",
    "qrcode": [
      4602565011369,
      4602565031817,
      4602565029395
    ],
    "url": "https://www.eapteka.ru/goods/id212711/"
  },
  {
    "name": "Церукал, раствор для в/в и в/м введ. 5 мг/мл 2 мл 10 шт",
    "producer": "Меркле ГмбХ, Германия",
    "active_component": "Метоклопрамид",
    "qrcode": [
      4030096118415,
      4043589001750
    ],
    "url": "https://www.eapteka.ru/goods/id22504/"
  },
  {
    "name": "Имодиум Экспресс, таблетки-лиофилизат 2 мг 10 шт",
    "producer": "Каталент ЮК Суиндон Зайдис Лимитед /Янссен-Силаг, Великобритания",
    "active_component": "Лоперамид",
    "qrcode": [
      4602243001507
    ],
    "url": "https://www.eapteka.ru/goods/id259295/"
  },
  {
    "name": "Суприма-Бронхо, сироп 100 мл 1 шт",
    "producer": "Шрея Лайф Саенсиз Пвт.Лтд, Индия",
    "active_component": "Препарат растительного происхождения",
    "qrcode": [
      8906000573549
    ],
    "url": "https://www.eapteka.ru/goods/id230936/"
  },
  {
    "name": "Називин Сенситив, спрей назальный дозированный 11,25 мкг/доза 10 мл 1 шт",
    "producer": "Хемомонт Д.О.О, Черногория",
    "active_component": "Оксиметазолин",
    "qrcode": [
      4054839084348,
      "-"
    ],
    "url": "https://www.eapteka.ru/goods/id218182/"
  },
  {
    "name": "Окомистин, капли глазные и ушные 0,01 % 10 мл 1 шт",
    "producer": "Инфамед К, Россия",
    "active_component": "Бензилдиметил-миристоиламино-пропиламмоний",
    "qrcode": [
      4650068810033,
      4630008940099
    ],
    "url": "https://www.eapteka.ru/goods/id218694/"
  },
  {
    "name": "Тромбитал, таблетки покрыт.плен.об. 75 мг+15,2 мг  100 шт",
    "producer": "Фармстандарт-Лексредства, Россия",
    "active_component": "Ацетилсалициловая кислота, Магния гидроксид",
    "qrcode": [
      4601669012265
    ],
    "url": "https://www.eapteka.ru/goods/id286960/"
  },
  {
    "name": "Фурадонин Авексима, таблетки 50 мг 20 шт",
    "producer": "Ирбитский ХФЗ, Россия",
    "active_component": "Нитрофурантоин",
    "qrcode": [
      4603276008099,
      "-"
    ],
    "url": "https://www.eapteka.ru/goods/id233452/"
  },
  {
    "name": "Клотримазол-Акрихин, мазь для наружного применения 20 г   1 шт",
    "producer": "Акрихин ХФК АО, Россия",
    "active_component": "Клотримазол",
    "qrcode": [
      4601969007336
    ],
    "url": "https://www.eapteka.ru/goods/id38204/"
  },
  {
    "name": "Ацикловир Белупо таблетки покрыт. плен. об. 400 мг, 21 шт.",
    "producer": "Белупо,лекарства и косметика д.д, Хорватия",
    "active_component": "Ацикловир",
    "qrcode": [
      3850343028998
    ],
    "url": "https://www.eapteka.ru/goods/id335806/"
  },
  {
    "name": "Ацикловир форте таблетки 400 мг, 20 шт.",
    "producer": "Оболенское ФП АО, Россия",
    "active_component": "Ацикловир",
    "qrcode": [
      4605077004539
    ],
    "url": "https://www.eapteka.ru/goods/id229092/"
  },
  {
    "name": "Бессмертник песчаного цветки, сырье растительное 30 г 1 шт",
    "producer": "Красногорсклексредства, Россия",
    "active_component": "Бессмертника песчаного цветки",
    "qrcode": [
      4601498006626
    ],
    "url": "https://www.eapteka.ru/goods/id61291/"
  },
  {
    "name": "Бромгексин Renewal, таблетки 8 мг 28 шт",
    "producer": "Обновление ПФК АО, Россия",
    "active_component": "Бромгексин",
    "qrcode": [
      4603988013183
    ],
    "url": "https://www.eapteka.ru/goods/id278688/"
  },
  {
    "name": "АнвиМакс Лимон, пакетики 5 г, 6 шт.",
    "producer": "ФармВилар НПО, Россия",
    "active_component": "Парацетамол, Аскорбиновая кислота, Римантадин, Рутозид, Лоратадин, Кальция глюконат",
    "qrcode": [
      4605964003867,
      4605964003706
    ],
    "url": "https://www.eapteka.ru/goods/id221494/"
  },
  {
    "name": "Санорин, спрей назальный 10 мл   1 шт",
    "producer": "Санека Фармасьютикалс а.с., Словакия",
    "active_component": "Нафазолин",
    "qrcode": [
      8594737192517,
      4650069650485,
      4650069651802
    ],
    "url": "https://www.eapteka.ru/goods/id125524/"
  },
  {
    "name": "Пропосол, спрей для местного применения 25 г   1 шт",
    "producer": "Алтайвитамины, Россия",
    "active_component": "Прополис",
    "qrcode": [
      4603679003660
    ],
    "url": "https://www.eapteka.ru/goods/id219230/"
  },
  {
    "name": "Димексид, гель для наружного применения 25 % 30 г",
    "producer": "АВЗ С-П ООО, Россия",
    "active_component": "Диметилсульфоксид",
    "qrcode": [
      4607068360334,
      460358600137,
      4603586001377,
      4607068360891
    ],
    "url": "https://www.eapteka.ru/goods/id234923/"
  }
]