[
  {
    "name": "Торасемид Канон, таблетки 5 мг 20 шт",
    "producer": "Канонфарма продакшн ЗАО, Россия",
    "active_component": "Торасемид",
    "qrcode": [
      4606486020929
    ],
    "url": "https://www.eapteka.ru/goods/id227710/"
  },
  {
    "name": "Тиогамма, раствор для инфузий 12 мг/мл 50 мл 1 шт",
    "producer": "Солюфарм Фармацойтише Эрцойгниссе ГмбХ, Германия",
    "active_component": "Тиоктовая кислота",
    "qrcode": [
      4030674001283
    ],
    "url": "https://www.eapteka.ru/goods/id208141/"
  },
  {
    "name": "Дексаметазон, капли глазные 0,1 % 10 мл",
    "producer": "К.О.Ромфарм Компани С.Р.Л., Румыния",
    "active_component": "Дексаметазон",
    "qrcode": [
      5944728000216
    ],
    "url": "https://www.eapteka.ru/goods/id226041/"
  },
  {
    "name": "Дульколакс, таблетки покрыт.кишечнораств.об. 5 мг 30 шт",
    "producer": "Дельфарм Реймс, Франция",
    "active_component": "Бисакодил",
    "qrcode": [
      3582910082538,
      9006968003924
    ],
    "url": "https://www.eapteka.ru/goods/id102482/"
  },
  {
    "name": "Ренгалин, таблетки для рассасывания   20 шт",
    "producer": "Материа Медика Холдинг, Россия",
    "active_component": "Антитела",
    "qrcode": [
      4607009582023
    ],
    "url": "https://www.eapteka.ru/goods/id242331/"
  },
  {
    "name": "Аква Марис Насадки к назальному аспиратору для детей сменные, 10 шт",
    "producer": "ЯДРАН-ГАЛЕНСКИ ЛАБОРАТОРИЙ а.о., Хорватия",
    "active_component": "",
    "qrcode": [
      3856013220167
    ],
    "url": "https://www.eapteka.ru/goods/id304989/"
  },
  {
    "name": "Риностоп Экстра, капли назальные 0,05 %   1 шт",
    "producer": "Лекко ЗАО, Россия",
    "active_component": "Оксиметазолин",
    "qrcode": [
      4603671003224
    ],
    "url": "https://www.eapteka.ru/goods/id286957/"
  },
  {
    "name": "Риностоп Экстра, капли назальные 10 мл   1 шт",
    "producer": "Лекко ЗАО, Россия",
    "active_component": "Оксиметазолин",
    "qrcode": [
      4603671003217
    ],
    "url": "https://www.eapteka.ru/goods/id286959/"
  },
  {
    "name": "Ротокан-Виалайн готовое полоскание для полости рта, 200 мл",
    "producer": "Вифитех, Россия",
    "active_component": "",
    "qrcode": [
      4670010372044
    ],
    "url": "https://www.eapteka.ru/goods/id482431/"
  },
  {
    "name": "Микозон, крем для наружного применения 2 % 15 г 1 шт",
    "producer": "Аджио Фармацевтикалз Лтд, Индия",
    "active_component": "Миконазол",
    "qrcode": [
      8901043000441,
      8901043000448
    ],
    "url": "https://www.eapteka.ru/goods/id220213/"
  },
  {
    "name": "Валерианы корневища с корнями, сырье растительное 50 г 1 шт",
    "producer": "Фирма Здоровье, Россия",
    "active_component": "Валерианы лекарственной корневища с корнями",
    "qrcode": [
      4601214000075
    ],
    "url": "https://www.eapteka.ru/goods/id234177/"
  },
  {
    "name": "Глутаргин алкоклин, таблетки 1 г 2 шт",
    "producer": "Здоровье, Украина",
    "active_component": "Аргинина глутамат",
    "qrcode": [
      4820135580095
    ],
    "url": "https://www.eapteka.ru/goods/id243989/"
  },
  {
    "name": "Тизанил, таблетки 4 мг 30 шт",
    "producer": "Симпекс Фарма Пвт. Лтд, Индия",
    "active_component": "Тизанидин",
    "qrcode": [
      8901252950582,
      8901252950589
    ],
    "url": "https://www.eapteka.ru/goods/id220619/"
  },
  {
    "name": "Зи-фактор, капсулы 250 мг 6 шт",
    "producer": "Верофарм АО, Россия",
    "active_component": "Азитромицин",
    "qrcode": [
      4602930007423,
      4620011584090
    ],
    "url": "https://www.eapteka.ru/goods/id206849/"
  },
  {
    "name": "Сумамед форте, порошок д/приг суспензии для приема внутрь 200 мг/5 мл  15 мл 1 шт",
    "producer": "Плива Хрватска д.о.о., Хорватия",
    "active_component": "Азитромицин",
    "qrcode": [
      3850114216432
    ],
    "url": "https://www.eapteka.ru/goods/id103716/"
  },
  {
    "name": "Эритромицин, таблетки 250 мг 20 шт",
    "producer": "Ирбитский ХФЗ, Россия",
    "active_component": "Эритромицин",
    "qrcode": [
      4603276001335
    ],
    "url": "https://www.eapteka.ru/goods/id229786/"
  },
  {
    "name": "Бифидумбактерин таблетки 5 доз, 30 шт.",
    "producer": "Витафарма, Россия",
    "active_component": "Бифидобактерии бифидум",
    "qrcode": [
      4607006820128
    ],
    "url": "https://www.eapteka.ru/goods/id123982/"
  },
  {
    "name": "АнвиМакс Лимон, пакетики 5 г, 3 шт.",
    "producer": "ФармВилар НПО, Россия",
    "active_component": "Парацетамол, Аскорбиновая кислота, Римантадин, Рутозид, Лоратадин, Кальция глюконат",
    "qrcode": [
      4605964003669,
      4605964003829
    ],
    "url": "https://www.eapteka.ru/goods/id221493/"
  },
  {
    "name": "Агри детский, таблетки   40 шт",
    "producer": "Материа Медика Холдинг, Россия",
    "active_component": "Гомеопатический состав",
    "qrcode": [
      4607009580906
    ],
    "url": "https://www.eapteka.ru/goods/id209866/"
  },
  {
    "name": "Аторвастатин таблетки покрыт.плен.об. 20 мг, 30 шт.",
    "producer": "Канонфарма продакшн ЗАО, Россия",
    "active_component": "Аторвастатин",
    "qrcode": [
      4606486002437,
      4606486024965
    ],
    "url": "https://www.eapteka.ru/goods/id216830/"
  }
]