[
  {
    "name": "Эритромицин, таблетки 250 мг 20 шт",
    "producer": "Ирбитский ХФЗ, Россия",
    "active_component": "Эритромицин",
    "qrcode": [
      4603276001335
    ],
    "url": "https://www.eapteka.ru/goods/id229786/"
  },
  {
    "name": "Бифидумбактерин таблетки 5 доз, 30 шт.",
    "producer": "Витафарма, Россия",
    "active_component": "Бифидобактерии бифидум",
    "qrcode": [
      4607006820128
    ],
    "url": "https://www.eapteka.ru/goods/id123982/"
  },
  {
    "name": "АнвиМакс Лимон, пакетики 5 г, 3 шт.",
    "producer": "ФармВилар НПО, Россия",
    "active_component": "Парацетамол, Аскорбиновая кислота, Римантадин, Рутозид, Лоратадин, Кальция глюконат",
    "qrcode": [
      4605964003669,
      4605964003829
    ],
    "url": "https://www.eapteka.ru/goods/id221493/"
  },
  {
    "name": "Агри детский, таблетки   40 шт",
    "producer": "Материа Медика Холдинг, Россия",
    "active_component": "Гомеопатический состав",
    "qrcode": [
      4607009580906
    ],
    "url": "https://www.eapteka.ru/goods/id209866/"
  },
  {
    "name": "Аторвастатин таблетки покрыт.плен.об. 20 мг, 30 шт.",
    "producer": "Канонфарма продакшн ЗАО, Россия",
    "active_component": "Аторвастатин",
    "qrcode": [
      4606486002437,
      4606486024965
    ],
    "url": "https://www.eapteka.ru/goods/id216830/"
  },
  {
    "name": "Эваменол Назо, капли назальные   12 мл 10 шт",
    "producer": "Московская ФФ, Россия",
    "active_component": "Левоментол, Фенилсалицилат",
    "qrcode": [
      4601429005933
    ],
    "url": "https://www.eapteka.ru/goods/id481101/"
  },
  {
    "name": "Силденафил-СЗ, гранулы для приема внутрь 100 мг   4 шт",
    "producer": "Северная Звезда, Россия",
    "active_component": "Силденафил",
    "qrcode": [
      4690655021428
    ],
    "url": "https://www.eapteka.ru/goods/id484872/"
  },
  {
    "name": "Декспантенол-Вертекс, мазь для наружного применения 30 г   1 шт",
    "producer": "Вертекс, Россия",
    "active_component": "Декспантенол",
    "qrcode": [
      4607003249892,
      4607003241872
    ],
    "url": "https://www.eapteka.ru/goods/id220957/"
  },
  {
    "name": "Метилурацил, мазь 10 % 25 г",
    "producer": "Нижфарм АО, Россия",
    "active_component": "Диоксометилтетрагидропиримидин",
    "qrcode": [
      4601026029080
    ],
    "url": "https://www.eapteka.ru/goods/id70594/"
  },
  {
    "name": "Синяк EX-press, крем с гримирующим эффектом, 15 г",
    "producer": "Георг Биосистемы, Россия",
    "active_component": "",
    "qrcode": [
      4820065530191,
      4820065531105
    ],
    "url": "https://www.eapteka.ru/goods/id220615/"
  },
  {
    "name": "Мовасин, таблетки 15 мг 20 шт",
    "producer": "Синтез ОАО, Россия",
    "active_component": "Мелоксикам",
    "qrcode": [
      4602565009779
    ],
    "url": "https://www.eapteka.ru/goods/id210319/"
  },
  {
    "name": "Индометацин ДС, мазь для наружного применения 40 г   40 г шт",
    "producer": "ВетПром АД, Болгария",
    "active_component": "Индометацин",
    "qrcode": [
      3800021114154,
      3800021100836
    ],
    "url": "https://www.eapteka.ru/goods/id267859/"
  },
  {
    "name": "Календула, суппозитории ректальные гомеопатические 10 шт",
    "producer": "Московская ФФ, Россия",
    "active_component": "Календулы лекарственной цветков настойка гомеопатическая",
    "qrcode": [
      4601429000112
    ],
    "url": "https://www.eapteka.ru/goods/id67044/"
  },
  {
    "name": "Силденафил-СЗ, таблетки покрыт.плен.об. 50 мг 4 шт",
    "producer": "Северная Звезда, Россия",
    "active_component": "Силденафил",
    "qrcode": [
      4690655011658,
      4690655004704
    ],
    "url": "https://www.eapteka.ru/goods/id225499/"
  },
  {
    "name": "Бетагистин-Вертекс таблетки 16 мг, 30 шт.",
    "producer": "Вертекс, Россия",
    "active_component": "Бетагистин",
    "qrcode": [
      4607003249427,
      4607003245887
    ],
    "url": "https://www.eapteka.ru/goods/id218899/"
  },
  {
    "name": "Ацеклофенак, таблетки покрыт.плен.об. 100 мг 20 шт.",
    "producer": "Березовский фармацевтический завод, Россия",
    "active_component": "Ацеклофенак",
    "qrcode": [
      4607146761152
    ],
    "url": "https://www.eapteka.ru/goods/id296549/"
  },
  {
    "name": "Но-шпа Дуо, таблетки 40 мг+500 мг  12 шт",
    "producer": "Хиноин Завод Фармацевтических и Химических пр-тов, Венгрия",
    "active_component": "Дротаверин, Парацетамол",
    "qrcode": [
      3664798009859,
      "-"
    ],
    "url": "https://www.eapteka.ru/goods/id509049/"
  },
  {
    "name": "Мовасин, раствор для в/м введ. 10 мг/мл 1,5 мл 3 шт",
    "producer": "Синтез ОАО, Россия",
    "active_component": "Мелоксикам",
    "qrcode": [
      4602565018603,
      2684612145922
    ],
    "url": "https://www.eapteka.ru/goods/id224839/"
  },
  {
    "name": "Кларитромицин таблетки покрыт.плен.об. 500 мг, 10 шт.",
    "producer": "Рафарма АО, Россия",
    "active_component": "Кларитромицин",
    "qrcode": [
      4660007810598
    ],
    "url": "https://www.eapteka.ru/goods/id512603/"
  },
  {
    "name": "Мезим нео 10000, капсулы кишечнорастворимые 10000 ед 20 шт",
    "producer": "Адэр Фармасьютиклс С.р.л., Италия",
    "active_component": "Панкреатин",
    "qrcode": [
      "-",
      4013054003190
    ],
    "url": "https://www.eapteka.ru/goods/id509251/"
  }
]