[
  {
    "name": "Гевискон, таблетки жевательные мятные 12 шт",
    "producer": "Рекитт Бенкизер Хелскер, Великобритания",
    "active_component": "",
    "qrcode": [
      5000158071445
    ],
    "url": "https://www.eapteka.ru/goods/id276225/"
  },
  {
    "name": "Латран, раствор для в/в и в/м введ. 2 мг/мл 4 мл 5 шт",
    "producer": "ФГУП Фармзащита НПЦ, Россия",
    "active_component": "Ондансетрон",
    "qrcode": [
      4602779000036,
      4602779005819
    ],
    "url": "https://www.eapteka.ru/goods/id204549/"
  },
  {
    "name": "Флюстоп сироп Плюща от кашля, 150 мл",
    "producer": "Мирролла Лаб, Россия",
    "active_component": "",
    "qrcode": [
      4630061870302
    ],
    "url": "https://www.eapteka.ru/goods/id506288/"
  },
  {
    "name": "Алоэ экстракт жидкий, раствор для п/кож.введ. 1 мл 10 шт",
    "producer": "Дальхимфарм, Россия",
    "active_component": "",
    "qrcode": [
      4602824020798,
      4602824019884,
      4602824019877
    ],
    "url": "https://www.eapteka.ru/goods/id52457/"
  },
  {
    "name": "Нейрокс, таблетки покрыт.плен.об. 125 мг 30 шт",
    "producer": "Рафарма АО, Россия",
    "active_component": "Этилметилгидроксипиридина сукцинат",
    "qrcode": [
      4605964007285
    ],
    "url": "https://www.eapteka.ru/goods/id512583/"
  },
  {
    "name": "Кардионат раствор для инъекций 100мг/мл 5 мл амп, 10 шт",
    "producer": "Нижфарм АО, Россия",
    "active_component": "Мельдоний",
    "qrcode": [
      4602676007572
    ],
    "url": "https://www.eapteka.ru/goods/id215402/"
  },
  {
    "name": "Йодосепт, суппозитории вагинальные 200 мг 10 шт",
    "producer": "Биосинтез, Россия",
    "active_component": "Повидон-Йод",
    "qrcode": [
      4602884016182
    ],
    "url": "https://www.eapteka.ru/goods/id238615/"
  },
  {
    "name": "Грамицидин С Renewal, таблетки 1,5 мг 20 шт",
    "producer": "Обновление ПФК АО, Россия",
    "active_component": "Грамицидин С",
    "qrcode": [
      4603988003993,
      4603988004013
    ],
    "url": "https://www.eapteka.ru/goods/id72490/"
  },
  {
    "name": "Урефрон таблетки, 50 шт.",
    "producer": "Квадрат-С, Россия",
    "active_component": "",
    "qrcode": [
      4660011216263
    ],
    "url": "https://www.eapteka.ru/goods/id355328/"
  },
  {
    "name": "Укропная вода, 15 мл",
    "producer": "КоролевФарм, Россия",
    "active_component": "",
    "qrcode": [
      4607038730228,
      2671519754395
    ],
    "url": "https://www.eapteka.ru/goods/id225641/"
  },
  {
    "name": "Рамиприл-СЗ, таблетки 10 мг 30 шт",
    "producer": "Северная Звезда, Россия",
    "active_component": "Рамиприл",
    "qrcode": [
      4690655001420
    ],
    "url": "https://www.eapteka.ru/goods/id222338/"
  },
  {
    "name": "Пустырника настойка Реневал, настойка     1 шт",
    "producer": "Обновление ПФК АО, Россия",
    "active_component": "",
    "qrcode": [
      4603988014418,
      4603988019116
    ],
    "url": "https://www.eapteka.ru/goods/id271770/"
  },
  {
    "name": "Кавинтон концентрат д/приг р-ра для инфузий 5 мг/мл 2 мл амп, 10 шт.",
    "producer": "Гедеон Рихтер, Венгрия",
    "active_component": "Винпоцетин",
    "qrcode": [
      5997001390184
    ],
    "url": "https://www.eapteka.ru/goods/id22084/"
  },
  {
    "name": "Суматриптан-Алиум, таблетки покрыт.плен.об. 50 мг 2 шт",
    "producer": "Алиум АО, Россия",
    "active_component": "Суматриптан",
    "qrcode": [
      4605077006021,
      4605077015085,
      4605077017775
    ],
    "url": "https://www.eapteka.ru/goods/id230732/"
  },
  {
    "name": "Тизалуд, таблетки 4 мг 30 шт",
    "producer": "Верофарм АО, Россия",
    "active_component": "Тизанидин",
    "qrcode": [
      4607083726221
    ],
    "url": "https://www.eapteka.ru/goods/id220617/"
  },
  {
    "name": "Кетопрофен-Вертекс гель для наружного применения 5%, 30 г",
    "producer": "Вертекс, Россия",
    "active_component": "Кетопрофен",
    "qrcode": [
      4607003245672,
      4670033320398,
      "-"
    ],
    "url": "https://www.eapteka.ru/goods/id221809/"
  },
  {
    "name": "Необутин, таблетки 100 мг 10 шт",
    "producer": "Алиум АО, Россия",
    "active_component": "Тримебутин",
    "qrcode": [
      4605077011735,
      4605077014989
    ],
    "url": "https://www.eapteka.ru/goods/id274539/"
  },
  {
    "name": "ДэТриФерол капли для приема внутрь 15000 МЕ/мл со вкусом аниса, 15 мл",
    "producer": "Гротекс ООО, Россия",
    "active_component": "Колекальциферол",
    "qrcode": [
      4670028223826
    ],
    "url": "https://www.eapteka.ru/goods/id334418/"
  },
  {
    "name": "ДэТриФерол капли для приема внутрь 15000 МЕ/мл со вкусом банана, 15 мл",
    "producer": "Гротекс ООО, Россия",
    "active_component": "Колекальциферол",
    "qrcode": [
      4670028229224
    ],
    "url": "https://www.eapteka.ru/goods/id486383/"
  },
  {
    "name": "Суматролид Солюшн Таблетc, таблетки диспергируемые 500 мг 3 шт",
    "producer": "Озон, Россия",
    "active_component": "Азитромицин",
    "qrcode": [
      4607027768300
    ],
    "url": "https://www.eapteka.ru/goods/id294608/"
  }
]