[
  {
    "name": "Риностоп Экстра, спрей назальный 0,025 % 15 мл 1 шт",
    "producer": "Фармстандарт-Лексредства, Россия",
    "active_component": "Оксиметазолин",
    "qrcode": [
      4601669013477
    ],
    "url": "https://www.eapteka.ru/goods/id338078/"
  },
  {
    "name": "Календулы (Ноготков) цветки, сырье растительное 50 г 1 шт",
    "producer": "Красногорсклексредства, Россия",
    "active_component": "",
    "qrcode": [
      4601498007203
    ],
    "url": "https://www.eapteka.ru/goods/id61373/"
  },
  {
    "name": "Лапчатки корневище, сырье растительное   2,5 г 20 шт",
    "producer": "Красногорсклексредства, Россия",
    "active_component": "Лапчатки прямостоячей корневища",
    "qrcode": [
      4601498003946
    ],
    "url": "https://www.eapteka.ru/goods/id214788/"
  },
  {
    "name": "Агри, гранулы гомеопатические 20 г 1 шт",
    "producer": "Материа Медика Холдинг, Россия",
    "active_component": "Гомеопатический состав",
    "qrcode": [
      4607009581378
    ],
    "url": "https://www.eapteka.ru/goods/id65704/"
  },
  {
    "name": "Моксонидин Канон, таблетки покрыт.плен.об. 0,4 мг 28 шт",
    "producer": "Канонфарма продакшн ЗАО, Россия",
    "active_component": "Моксонидин",
    "qrcode": [
      4606486022428
    ],
    "url": "https://www.eapteka.ru/goods/id255971/"
  },
  {
    "name": "Моксарел, таблетки покрыт.плен.об. 0,2 мг 30 шт",
    "producer": "Вертекс, Россия",
    "active_component": "Моксонидин",
    "qrcode": [
      4607003247263
    ],
    "url": "https://www.eapteka.ru/goods/id242549/"
  },
  {
    "name": "Моксонидин-СЗ, таблетки покрыт.плен.об. 0,2 мг 30 шт",
    "producer": "Северная Звезда, Россия",
    "active_component": "Моксонидин",
    "qrcode": [
      4690655009617,
      4690655021268
    ],
    "url": "https://www.eapteka.ru/goods/id297023/"
  },
  {
    "name": "Упсарин Упса, таблетки шипучие 500 мг 16 шт",
    "producer": "УПСА САС, Франция",
    "active_component": "Ацетилсалициловая кислота",
    "qrcode": [
      4602505007643,
      4602505008459,
      3585552591710
    ],
    "url": "https://www.eapteka.ru/goods/id204058/"
  },
  {
    "name": "Эзомепразол-СЗ, капсулы кишечнорастворимые 40 мг   28 шт",
    "producer": "Северная Звезда, Россия",
    "active_component": "Эзомепразол",
    "qrcode": [
      4690655019784
    ],
    "url": "https://www.eapteka.ru/goods/id504936/"
  },
  {
    "name": "Подорожника листья пачка, сырье растительное     1 шт",
    "producer": "Фирма Здоровье, Россия",
    "active_component": "Подорожника большого листья",
    "qrcode": [
      4601214000129
    ],
    "url": "https://www.eapteka.ru/goods/id250648/"
  },
  {
    "name": "Сироп подорожника и мать-и-мачехи, флакон, 100 мл",
    "producer": "Эвалар, Россия",
    "active_component": "",
    "qrcode": [
      4602242005773
    ],
    "url": "https://www.eapteka.ru/goods/id229162/"
  },
  {
    "name": "Красная щетка, раствор, 50 мл",
    "producer": "Нарине, Россия",
    "active_component": "",
    "qrcode": [
      4607068880139,
      4607068880214
    ],
    "url": "https://www.eapteka.ru/goods/id220320/"
  },
  {
    "name": "Тафлопресс Ромфарм, капли глазные 0,015 мг/мл 2,5 мл 1 шт",
    "producer": "К.О.Ромфарм Компани С.Р.Л., Румыния",
    "active_component": "Тафлупрост",
    "qrcode": [
      5944728004528
    ],
    "url": "https://www.eapteka.ru/goods/id504285/"
  },
  {
    "name": "Нормакс, таблетки 400 мг 6 шт",
    "producer": "Ипка Лабораториз Лимитед, Индия",
    "active_component": "Норфлоксацин",
    "qrcode": [
      8901079002525
    ],
    "url": "https://www.eapteka.ru/goods/id28233/"
  },
  {
    "name": "Диабетон МВ, таблетки с модифиц высвобождением 60 мг 30 шт",
    "producer": "Сервье, Россия",
    "active_component": "Гликлазид",
    "qrcode": [
      4607159860514,
      4607159864185
    ],
    "url": "https://www.eapteka.ru/goods/id203744/"
  },
  {
    "name": "Глимепирид-Вертекс таблетки 2 мг, 30 шт.",
    "producer": "Вертекс, Россия",
    "active_component": "Глимепирид",
    "qrcode": [
      4607003247140,
      4670033322248
    ],
    "url": "https://www.eapteka.ru/goods/id229427/"
  },
  {
    "name": "Триган-Д, таблетки   20 шт",
    "producer": "Кадила Фармасьютикалз Лтд, Индия",
    "active_component": "Дицикловерин, Парацетамол",
    "qrcode": [
      8901149005524,
      8901149005521
    ],
    "url": "https://www.eapteka.ru/goods/id204107/"
  },
  {
    "name": "Лосек МАПС таблетки покрыт.плен.об. 20 мг, 14 шт",
    "producer": "АстраЗенека АБ, Швеция",
    "active_component": "Омепразол",
    "qrcode": [
      7321838741433,
      5000456022477
    ],
    "url": "https://www.eapteka.ru/goods/id105050/"
  },
  {
    "name": "Маалокс без сахара, таблетки жевательные 10 шт",
    "producer": "Санофи С.Р.Л., Франция",
    "active_component": "Алгелдрат, Магния гидроксид",
    "qrcode": [
      3664798000832
    ],
    "url": "https://www.eapteka.ru/goods/id317208/"
  },
  {
    "name": "Слабин фильтрпакетики 2 г, 20 шт",
    "producer": "Фирма Здоровье, Россия",
    "active_component": "",
    "qrcode": [
      4601214005797
    ],
    "url": "https://www.eapteka.ru/goods/id294602/"
  }
]