[
  {
    "name": "Анаприлин Реневал таблетки 40 мг, 112 шт.",
    "producer": "Обновление ПФК АО, Россия",
    "active_component": "Пропранолол",
    "qrcode": [
      4603988013541,
      4603988017723
    ],
    "url": "https://www.eapteka.ru/goods/id233450/"
  },
  {
    "name": "Атенолол, 30 шт.",
    "producer": "Обновление ПФК АО, Россия",
    "active_component": "Атенолол",
    "qrcode": [
      4603988009230
    ],
    "url": "https://www.eapteka.ru/goods/id278901/"
  },
  {
    "name": "Фуросемид буфус р-р для в/в и в/м введ.10 мг/мл 2 мл ампулы, 10 шт.",
    "producer": "Обновление ПФК АО, Россия",
    "active_component": "Фуросемид",
    "qrcode": [
      4603988017112
    ],
    "url": "https://www.eapteka.ru/goods/id511396/"
  },
  {
    "name": "Папазол, таблетки   10 шт",
    "producer": "Фармстандарт-Лексредства, Россия",
    "active_component": "Бендазол, Папаверин",
    "qrcode": [
      4601669008978,
      4602196000282
    ],
    "url": "https://www.eapteka.ru/goods/id106257/"
  },
  {
    "name": "Бисакодил, суппозитории ректальные 10 мг 10 шт",
    "producer": "Альтфарм, Россия",
    "active_component": "Бисакодил",
    "qrcode": [
      4607035440052
    ],
    "url": "https://www.eapteka.ru/goods/id228062/"
  },
  {
    "name": "Хлоргексидин Renewal, раствор для местного применения 0,05 % 10 мл 5 шт",
    "producer": "Обновление ПФК АО, Россия",
    "active_component": "Хлоргексидин",
    "qrcode": [
      4603988012049
    ],
    "url": "https://www.eapteka.ru/goods/id306312/"
  },
  {
    "name": "Эналаприл Гексал, таблетки 5 мг 20 шт",
    "producer": "Салютас Фарма ГмбХ, Германия",
    "active_component": "Эналаприл",
    "qrcode": [
      4030855038053,
      7613421046927
    ],
    "url": "https://www.eapteka.ru/goods/id209684/"
  },
  {
    "name": "Цифран, таблетки 250 мг 10 шт",
    "producer": "Сан Фармасьютикал Индастриз Лтд, Индия",
    "active_component": "Ципрофлоксацин",
    "qrcode": [
      4601764000020
    ],
    "url": "https://www.eapteka.ru/goods/id29191/"
  },
  {
    "name": "Омепразол-Тева, капсулы кишечнорастворимые 20 мг   14 шт",
    "producer": "Тева Фарма, С.Л.У., Испания",
    "active_component": "Омепразол",
    "qrcode": [
      3850114230865
    ],
    "url": "https://www.eapteka.ru/goods/id264954/"
  },
  {
    "name": "Фамотидин, таблетки покрыт.плен.об. 40 мг 20 шт",
    "producer": "Озон, Россия",
    "active_component": "Фамотидин",
    "qrcode": [
      4607027764272,
      4607027761073
    ],
    "url": "https://www.eapteka.ru/goods/id229522/"
  },
  {
    "name": "Тромбопол, таблетки   30 шт",
    "producer": "Польфарма АО, Польша",
    "active_component": "Ацетилсалициловая кислота",
    "qrcode": [
      5903060010802
    ],
    "url": "https://www.eapteka.ru/goods/id222968/"
  },
  {
    "name": "Окупрес-Е, капли глазные 0,5 % 5 мл 1 шт",
    "producer": "Индия",
    "active_component": "Тимолол",
    "qrcode": [
      8901149009737,
      8901149009734
    ],
    "url": "https://www.eapteka.ru/goods/id27787/"
  },
  {
    "name": "Тетрациклиновая, мазь глазная 1 % 3 г 1 шт",
    "producer": "Татхимфармпрепараты, Россия",
    "active_component": "Тетрациклин",
    "qrcode": [
      4604060203034,
      4604060003399
    ],
    "url": "https://www.eapteka.ru/goods/id85937/"
  },
  {
    "name": "Перекись водорода дез.средство фл 3%, 100 мл",
    "producer": "Самарамедпром, Россия",
    "active_component": "Водорода пероксид",
    "qrcode": [
      4603933003009
    ],
    "url": "https://www.eapteka.ru/goods/id234153/"
  },
  {
    "name": "Анаприлин Реневал таблетки 10 мг, 112 шт.",
    "producer": "Обновление ПФК АО, Россия",
    "active_component": "Пропранолол",
    "qrcode": [
      4603988013534,
      4603988017716
    ],
    "url": "https://www.eapteka.ru/goods/id229274/"
  },
  {
    "name": "Нитроглицерин, таблетки   40 шт",
    "producer": "Озон, Россия",
    "active_component": "Нитроглицерин",
    "qrcode": [
      4607027760076
    ],
    "url": "https://www.eapteka.ru/goods/id231039/"
  },
  {
    "name": "Диклофенак ретард Оболенское, таблетки кишечнораст с пролонг высвобож 100мг 20шт",
    "producer": "Оболенское ФП АО, Россия",
    "active_component": "Диклофенак",
    "qrcode": [
      4605077003785,
      4605077016709
    ],
    "url": "https://www.eapteka.ru/goods/id229572/"
  },
  {
    "name": "Цефазолин флакон, 1 г",
    "producer": "Борисовский завод медицинских препаратов, Беларусь",
    "active_component": "Цефазолин",
    "qrcode": [
      4810201015552
    ],
    "url": "https://www.eapteka.ru/goods/id296266/"
  },
  {
    "name": "Варфарин, таблетки 2,5 мг, 50 шт.",
    "producer": "Озон, Россия",
    "active_component": "Варфарин",
    "qrcode": [
      4607027762612,
      4607027761929
    ],
    "url": "https://www.eapteka.ru/goods/id234443/"
  },
  {
    "name": "Амлодипин-АЛСИ, таблетки 5 мг, 30 шт.",
    "producer": "Алси Фарма, Россия",
    "active_component": "Амлодипин",
    "qrcode": [
      4607011634772
    ],
    "url": "https://www.eapteka.ru/goods/id329891/"
  }
]