[
  {
    "name": "Браунодин Б.Браун, раствор 7,5%, 100 мл",
    "producer": "Б.Браун Мельзунген АГ, Швейцария",
    "active_component": "Повидон-Йод",
    "qrcode": [
      7612449135651
    ],
    "url": "https://www.eapteka.ru/goods/id224869/"
  },
  {
    "name": "Лизиноприл-Тева, таблетки 20 мг 30 шт",
    "producer": "Р-Фарм Новоселки, Россия",
    "active_component": "Лизиноприл",
    "qrcode": [
      4630157810281
    ],
    "url": "https://www.eapteka.ru/goods/id514083/"
  },
  {
    "name": "Вальпарин ХР таблетки пролонг действия покрыт.плен.об. 500 мг, 30 шт.",
    "producer": "Торрент Фармасьютикалс Лтд, Индия",
    "active_component": "Вальпроевая кислота",
    "qrcode": [
      4602656002429,
      8903855024271
    ],
    "url": "https://www.eapteka.ru/goods/id214662/"
  },
  {
    "name": "Кетонал раствор для в/в и в/м введ. 50 мг/мл 2 мл амп, 10 шт",
    "producer": "Лек д.д., Словения",
    "active_component": "Кетопрофен",
    "qrcode": [
      3838957499793
    ],
    "url": "https://www.eapteka.ru/goods/id98981/"
  },
  {
    "name": "Флемоклав Солютаб, таблетки диспергируемые 500 мг+125 мг    20 шт",
    "producer": "Астеллас Фарма Юроп Б.В., Нидерланды",
    "active_component": "Амоксициллин, Клавулановая кислота",
    "qrcode": [
      4607098450050
    ],
    "url": "https://www.eapteka.ru/goods/id208146/"
  },
  {
    "name": "Азитромицин Экомед, порошок д/приг суспензии для приема внутрь 200 мг/5 мл 16,5 г 1 шт",
    "producer": "Авва Рус, Россия",
    "active_component": "Азитромицин",
    "qrcode": [
      4680020230630,
      4680020232559
    ],
    "url": "https://www.eapteka.ru/goods/id276638/"
  },
  {
    "name": "Green SIDE Антацидный комплекс Изжоганет 600 мг таблетки со вкусом апельсина, 20 шт.",
    "producer": "Грин Сайд ООО, Россия",
    "active_component": "",
    "qrcode": [
      4660041996555
    ],
    "url": "https://www.eapteka.ru/goods/id514085/"
  },
  {
    "name": "Лазолван Макс, капсулы пролонгированного действия 75 мг 10 шт",
    "producer": "Берингер Ингельхайм Фарма ГмбХ и Ко.КГ, Германия",
    "active_component": "Амброксол",
    "qrcode": [
      3582910082651,
      9006968010793
    ],
    "url": "https://www.eapteka.ru/goods/id268050/"
  },
  {
    "name": "Биолит Берестовый деготь, 100 мл",
    "producer": "Биолит, Россия",
    "active_component": "Деготь березовый",
    "qrcode": [
      1705770201150,
      1705770151202
    ],
    "url": "https://www.eapteka.ru/goods/id234114/"
  },
  {
    "name": "Метформин Лонг Канон, таблетки пролонгированного действия 500 мг   60 шт",
    "producer": "Канонфарма продакшн ЗАО, Россия",
    "active_component": "Метформин",
    "qrcode": [
      4606486026938,
      4606486039334
    ],
    "url": "https://www.eapteka.ru/goods/id299354/"
  },
  {
    "name": "Комбитропил, капсулы, 30 шт.",
    "producer": "Синтез ОАО, Россия",
    "active_component": "Пирацетам, Циннаризин",
    "qrcode": [
      4602565014742
    ],
    "url": "https://www.eapteka.ru/goods/id222506/"
  },
  {
    "name": "Кетанов, таблетки покрыт.плен.об. 10 мг 100 шт",
    "producer": "C.К. Терапия С.А., Румыния",
    "active_component": "Кеторолак",
    "qrcode": [
      4601764007098,
      4601764007135
    ],
    "url": "https://www.eapteka.ru/goods/id29149/"
  },
  {
    "name": "Клотримазол-Тева, крем для наружного применения 1 % 30 г 1 шт",
    "producer": "Меркле ГмбХ, Германия",
    "active_component": "Клотримазол",
    "qrcode": [
      4030096117111
    ],
    "url": "https://www.eapteka.ru/goods/id264964/"
  },
  {
    "name": "Нексиум, таблетки покрыт.об. 20 мг   28 шт",
    "producer": "АстраЗенека АБ, Швеция",
    "active_component": "Эзомепразол",
    "qrcode": [
      4607085315454,
      5000456034296,
      4670012610212
    ],
    "url": "https://www.eapteka.ru/goods/id205397/"
  },
  {
    "name": "Глицерин, суппозитории ректальные 1,24 г 10 шт.",
    "producer": "Нижфарм АО, Россия",
    "active_component": "Глицерол",
    "qrcode": [
      4601026306303
    ],
    "url": "https://www.eapteka.ru/goods/id70545/"
  },
  {
    "name": "Плантаглюцид, гранулы д/приг суспензии для приема внутрь 1 г   25 шт",
    "producer": "Вифитех, Россия",
    "active_component": "Подорожника большого листья",
    "qrcode": [
      4605180006963
    ],
    "url": "https://www.eapteka.ru/goods/id297607/"
  },
  {
    "name": "Рибоксин Реневал, таблетки покрыт.плен.об. 200 мг 50 шт",
    "producer": "Обновление ПФК АО, Россия",
    "active_component": "Инозин",
    "qrcode": [
      4603988018843
    ],
    "url": "https://www.eapteka.ru/goods/id511395/"
  },
  {
    "name": "Редерм мазь, мазь для наружного применения   15 г 1 шт",
    "producer": "Вертекс, Россия",
    "active_component": "Бетаметазон, Салициловая кислота",
    "qrcode": [
      4607003243289
    ],
    "url": "https://www.eapteka.ru/goods/id250653/"
  },
  {
    "name": "Экофуцин, суппозитории вагинальные     3 шт",
    "producer": "Авва Рус, Россия",
    "active_component": "Натамицин",
    "qrcode": [
      4680020230142
    ],
    "url": "https://www.eapteka.ru/goods/id276631/"
  },
  {
    "name": "Фурацилин концентрат д/пригот р-ра для мест и наруж применения 4 мг/мл фл, концентрат для р-ра для наружн.прим. 4 мг/мл 100 мл 1 шт",
    "producer": "Фармстандарт-Лексредства, Россия",
    "active_component": "Нитрофурал",
    "qrcode": [
      4601669014214
    ],
    "url": "https://www.eapteka.ru/goods/id359433/"
  }
]