[
  {
    "name": "Кордиамин раствор для инъекций 250 мг/мл 1 мл амп, 10 шт.",
    "producer": "Дальхимфарм, Россия",
    "active_component": "Никетамид",
    "qrcode": [
      4602824021351,
      4602824000257
    ],
    "url": "https://www.eapteka.ru/goods/id52971/"
  },
  {
    "name": "Брусники листья, сырье растительное     1 шт",
    "producer": "Красногорсклексредства, Россия",
    "active_component": "Брусники листья",
    "qrcode": [
      4601498006190
    ],
    "url": "https://www.eapteka.ru/goods/id61318/"
  },
  {
    "name": "Altaivita Зверобой трава, 100 г",
    "producer": "Алтайвита ООО, Россия",
    "active_component": "",
    "qrcode": [
      4610021271462
    ],
    "url": "https://www.eapteka.ru/goods/id354619/"
  },
  {
    "name": "Некст, таблетки 400 мг+200 мг  6 шт",
    "producer": "Фармстандарт-Лексредства, Россия",
    "active_component": "Ибупрофен, Парацетамол",
    "qrcode": [
      4602196002736,
      4601669010643
    ],
    "url": "https://www.eapteka.ru/goods/id225541/"
  },
  {
    "name": "Ибуклин Юниор, таблетки диспергируемые 100 мг+125 мг 20 шт",
    "producer": "Д-р Редди`с, Индия",
    "active_component": "Ибупрофен, Парацетамол",
    "qrcode": [
      8901148210745,
      "-",
      118901148001,
      8901148030077,
      8901148001692
    ],
    "url": "https://www.eapteka.ru/goods/id215715/"
  },
  {
    "name": "Новиган, таблетки покрыт.плен.об.   20 шт",
    "producer": "Д-р Редди`с, Индия",
    "active_component": "Ибупрофен, Питофенон, Фенпивериния бромид",
    "qrcode": [
      8901148059016,
      8901148002699
    ],
    "url": "https://www.eapteka.ru/goods/id28035/"
  },
  {
    "name": "Мелоксикам-Акрихин таблетки 15 мг, 20 шт.",
    "producer": "Юникем Лабораториз Лтд, Индия",
    "active_component": "Мелоксикам",
    "qrcode": [
      8901315227125
    ],
    "url": "https://www.eapteka.ru/goods/id496959/"
  },
  {
    "name": "Гастрацид, таблетки жевательные 12 шт",
    "producer": "Др.мед.Ауфдермаур АГ, Швейцария",
    "active_component": "Алгелдрат, Магния гидроксид",
    "qrcode": [
      8717627110440,
      4607013581265,
      "-",
      8717627102803
    ],
    "url": "https://www.eapteka.ru/goods/id103051/"
  },
  {
    "name": "Глицерин, суппозитории ректальные 2,11 г 10 шт.",
    "producer": "Нижфарм АО, Россия",
    "active_component": "Глицерол",
    "qrcode": [
      4601026301667
    ],
    "url": "https://www.eapteka.ru/goods/id70543/"
  },
  {
    "name": "Пиносол капли назальные, капли назальные     1 шт",
    "producer": "Санека Фармасьютикалс а.с., Словакия",
    "active_component": "Мяты Перечной Масло, Тимол, Эвкалиптовое Масло, Сосны Обыкновенной Масло, Гвайязулен,",
    "qrcode": [
      8584005040985,
      3582910090625
    ],
    "url": "https://www.eapteka.ru/goods/id98612/"
  },
  {
    "name": "Шприц инсулиновый BD Micro-Fine Plus 0,5 мл/U-100 31G (0,25 мм х 6 мм), 10 шт.",
    "producer": "Бектон Дикинсон, США",
    "active_component": "",
    "qrcode": [
      382904904012,
      "-",
      382903249046,
      382904904012
    ],
    "url": "https://www.eapteka.ru/goods/id272677/"
  },
  {
    "name": "Глицин Форте, таблетки 300 мг 60 шт.",
    "producer": "Эвалар, Россия",
    "active_component": "Глицин",
    "qrcode": [
      4602242007074,
      2460224200707,
      "-"
    ],
    "url": "https://www.eapteka.ru/goods/id224730/"
  },
  {
    "name": "Зиннат таблетки покрыт. плен. об. 250 мг, 10 шт.",
    "producer": "Глаксо Оперэйшенс Великобритания Лтд, Великобритания",
    "active_component": "Цефуроксим",
    "qrcode": [
      5033439024533,
      4607008133363
    ],
    "url": "https://www.eapteka.ru/goods/id204173/"
  },
  {
    "name": "911 Средство педикулицидное Д-95 10 мл, саше 3 шт.",
    "producer": "Твинс Тэк, Россия",
    "active_component": "",
    "qrcode": [
      4607010248598
    ],
    "url": "https://www.eapteka.ru/goods/id266877/"
  },
  {
    "name": "Фламакс, ампулы 50 мг/мл, 2 мл, 10 шт.",
    "producer": "ФармФирма Сотекс, Россия",
    "active_component": "Кетопрофен",
    "qrcode": [
      4605964003010
    ],
    "url": "https://www.eapteka.ru/goods/id217319/"
  },
  {
    "name": "Азитромицин, таблетки покрыт.плен.об. 500 мг 3 шт",
    "producer": "Озон, Россия",
    "active_component": "Азитромицин",
    "qrcode": [
      4607027768263
    ],
    "url": "https://www.eapteka.ru/goods/id499264/"
  },
  {
    "name": "Коделак Бронхо, таблетки 20 шт",
    "producer": "Фармстандарт-Лексредства, Россия",
    "active_component": "Амброксол, Натрия гидрокарбонат, Натрия глицирризинат, Термопсиса экстракт",
    "qrcode": [
      4601669006967,
      2962586248680
    ],
    "url": "https://www.eapteka.ru/goods/id227421/"
  },
  {
    "name": "Коделак Бронхо, таблетки 10 шт",
    "producer": "Фармстандарт-Лексредства, Россия",
    "active_component": "Амброксол, Натрия гидрокарбонат, Натрия глицирризинат, Термопсиса экстракт",
    "qrcode": [
      4601669005533
    ],
    "url": "https://www.eapteka.ru/goods/id255210/"
  },
  {
    "name": "Реамберин, раствор для инфузий 1,5 % 400 мл 1 шт",
    "producer": "Полисан НТФФ ООО, Россия",
    "active_component": "Меглюмина натрия сукцинат",
    "qrcode": [
      4603191000123
    ],
    "url": "https://www.eapteka.ru/goods/id212623/"
  },
  {
    "name": "Суприма-Лор, таблетки для рассасывания 16 шт",
    "producer": "Шрея Лайф Саенсиз Пвт.Лтд, Индия",
    "active_component": "Амилметакрезол, Дихлорбензиловый спирт",
    "qrcode": [
      8906000570883
    ],
    "url": "https://www.eapteka.ru/goods/id230934/"
  }
]