[
  {
    "name": "Аджисепт лимонные, таблетки для рассасывания 24 шт",
    "producer": "Аджио Фармацевтикалз Лтд, Индия",
    "active_component": "Амилметакрезол, Дихлорбензиловый спирт",
    "qrcode": [
      8901043000427,
      "-",
      8901043000424
    ],
    "url": "https://www.eapteka.ru/goods/id287429/"
  },
  {
    "name": "ПротаЛор (Протаргол 2%) капли гигиеническое средство, 15 мл",
    "producer": "Эско-Фарм, Армения",
    "active_component": "",
    "qrcode": [
      4850006881334,
      4850006881723
    ],
    "url": "https://www.eapteka.ru/goods/id294560/"
  },
  {
    "name": "Риностоп Экстра, спрей назальный 0,05 % 15 мл 1 шт",
    "producer": "Фармстандарт-Лексредства, Россия",
    "active_component": "Оксиметазолин",
    "qrcode": [
      4601669012197
    ],
    "url": "https://www.eapteka.ru/goods/id312683/"
  },
  {
    "name": "Цефекон Н для взрослых, суппозитории ректальные     10 шт",
    "producer": "Нижфарм АО, Россия",
    "active_component": "Кофеин, Напроксен, Салициламид",
    "qrcode": [
      4601026301469
    ],
    "url": "https://www.eapteka.ru/goods/id205117/"
  },
  {
    "name": "Гэвкамен, мазь для наружного применения 25 г   1 шт",
    "producer": "Тульская фармфабрика, Россия",
    "active_component": "Камфора, Мяты перечной листьев масло/Левоментол, Эвкалипта прутовидного листьев масло",
    "qrcode": [
      4603905004720,
      4603905003990
    ],
    "url": "https://www.eapteka.ru/goods/id266992/"
  },
  {
    "name": "Экоклав, таблетки покрыт.плен.об. 500 мг+125 мг  15 шт",
    "producer": "Авва Рус, Россия",
    "active_component": "Амоксициллин, Клавулановая кислота",
    "qrcode": [
      4680020230098,
      4680020232603,
      4607003668471
    ],
    "url": "https://www.eapteka.ru/goods/id224047/"
  },
  {
    "name": "Глибенкламид+Метформин, таблетки покрыт.плен.об. 2,5 мг+500 мг 30 шт",
    "producer": "Озон, Россия",
    "active_component": "Глибенкламид, Метформин",
    "qrcode": [
      4680020181239
    ],
    "url": "https://www.eapteka.ru/goods/id484678/"
  },
  {
    "name": "Кетанов МД, таблетки диспергируемые в полости рта 10 мг 20 шт",
    "producer": "Сан Фармасьютикал Индастриз Лтд, Индия",
    "active_component": "Кеторолак",
    "qrcode": [
      8901296051528
    ],
    "url": "https://www.eapteka.ru/goods/id495527/"
  },
  {
    "name": "Некст, таблетки 400 мг+200 мг  10 шт",
    "producer": "Фармстандарт-Лексредства, Россия",
    "active_component": "Ибупрофен, Парацетамол",
    "qrcode": [
      4601669006103,
      4602196002705
    ],
    "url": "https://www.eapteka.ru/goods/id218080/"
  },
  {
    "name": "Спазмалгон, таблетки   20 шт",
    "producer": "Балканфарма - Дупница АД, Болгария",
    "active_component": "Метамизол натрия, Питофенон, Фенпивериния бромид",
    "qrcode": [
      4607141998706,
      4630013790597,
      3800712740112
    ],
    "url": "https://www.eapteka.ru/goods/id110665/"
  },
  {
    "name": "Бутадион, мазь для наружного применения 5 % 20 г 1 шт",
    "producer": "Озон, Россия",
    "active_component": "Фенилбутазон",
    "qrcode": [
      4607027765057
    ],
    "url": "https://www.eapteka.ru/goods/id294280/"
  },
  {
    "name": "Диклофенак гель 5%, 30 г",
    "producer": "Озон, Россия",
    "active_component": "Диклофенак",
    "qrcode": [
      4680020180133
    ],
    "url": "https://www.eapteka.ru/goods/id296172/"
  },
  {
    "name": "Рофлокс-Скан, таблетки покрыт.плен.об. 500 мг 10 шт",
    "producer": "Розлекс Фарм, Россия",
    "active_component": "Левофлоксацин",
    "qrcode": [
      8906060500486,
      4640018641138
    ],
    "url": "https://www.eapteka.ru/goods/id499914/"
  },
  {
    "name": "Желудочный сбор №3, сырье растительное   2 г 20 шт",
    "producer": "Красногорсклексредства, Россия",
    "active_component": "Аира корневища, Валерианы корневища с корнями, Крапивы листья, Крушины кора, Мята переч листья",
    "qrcode": [
      4601498005032
    ],
    "url": "https://www.eapteka.ru/goods/id216014/"
  },
  {
    "name": "Нормофлорин-Д, флакон, 100 мл",
    "producer": "Бифилюкс, Россия",
    "active_component": "",
    "qrcode": [
      4607021460125
    ],
    "url": "https://www.eapteka.ru/goods/id208572/"
  },
  {
    "name": "Цетрин, таблетки покрыт.плен.об. 10 мг 30 шт",
    "producer": "Д-р Редди`с, Индия",
    "active_component": "Цетиризин",
    "qrcode": [
      8901148228726,
      8901148145648,
      118901148145
    ],
    "url": "https://www.eapteka.ru/goods/id217963/"
  },
  {
    "name": "Капотен, таблетки 25 мг, 40 шт.",
    "producer": "Акрихин ХФК АО, Россия",
    "active_component": "Каптоприл",
    "qrcode": [
      4601969000580
    ],
    "url": "https://www.eapteka.ru/goods/id37521/"
  },
  {
    "name": "Дикловит, гель для наружного применения 1 %  20 г",
    "producer": "Нижфарм АО, Россия",
    "active_component": "Диклофенак",
    "qrcode": [
      4601026302077,
      4601026309229
    ],
    "url": "https://www.eapteka.ru/goods/id207409/"
  },
  {
    "name": "Бициллин-3 порошок д/приг.р-ра для в/м введ.1200000 ЕД фл, 1 шт.",
    "producer": "Синтез ОАО, Россия",
    "active_component": "Бензатина бензилпенициллин, Бензилпенициллин прокаина, Бензилпенициллин",
    "qrcode": [
      4602565029906,
      4602565018672
    ],
    "url": "https://www.eapteka.ru/goods/id124008/"
  },
  {
    "name": "Агри детский, гранулы гомеопатические 10 г 2 шт",
    "producer": "Материа Медика Холдинг, Россия",
    "active_component": "Гомеопатический состав",
    "qrcode": [
      4607009580180
    ],
    "url": "https://www.eapteka.ru/goods/id200899/"
  }
]