[
  {
    "name": "Красная щетка мерцана, раствор 50 мл",
    "producer": "Курортмедсервис, Россия",
    "active_component": "Родиола четырехнадрезная",
    "qrcode": [
      4601661000819
    ],
    "url": "https://www.eapteka.ru/goods/id236227/"
  },
  {
    "name": "Стрепсилс Клубника, таблетки для рассасывания 16 шт",
    "producer": "Рекитт Бенкизер Хелскер, Великобритания",
    "active_component": "Амилметакрезол, Дихлорбензиловый спирт",
    "qrcode": [
      5000158104501
    ],
    "url": "https://www.eapteka.ru/goods/id225593/"
  },
  {
    "name": "Линкас Лор пастилки апельсин, 16 шт.",
    "producer": "Хербион Пакистан Прайвет Лимитед, Пакистан",
    "active_component": "Препарат растительного происхождения",
    "qrcode": [
      4607006670495
    ],
    "url": "https://www.eapteka.ru/goods/id247836/"
  },
  {
    "name": "Отривин Бэби одноразовые сменные насадки, 10 шт",
    "producer": "СТИ Пластик, Франция",
    "active_component": "",
    "qrcode": [
      4607045192163
    ],
    "url": "https://www.eapteka.ru/goods/id211565/"
  },
  {
    "name": "Леовит Кисель Витаминный для глаз с лютеином 18 г пакеты, 5 шт.",
    "producer": "ЛЕОВИТ нутрио, Россия",
    "active_component": "",
    "qrcode": [
      4650070110046
    ],
    "url": "https://www.eapteka.ru/goods/id506964/"
  },
  {
    "name": "Белодерм, мазь для наружного применения 0,05 % 40 г 1 шт",
    "producer": "Белупо,лекарства и косметика д.д, Хорватия",
    "active_component": "Бетаметазон",
    "qrcode": [
      3850343001274
    ],
    "url": "https://www.eapteka.ru/goods/id217910/"
  },
  {
    "name": "Карведилол-Вертекс таблетки 12,5 мг 30 шт., 30 шт",
    "producer": "Вертекс, Россия",
    "active_component": "Карведилол",
    "qrcode": [
      4607003249533,
      4607003243616
    ],
    "url": "https://www.eapteka.ru/goods/id233547/"
  },
  {
    "name": "Бициллин-5 порошок д/приг.р-ра для в/м введ.1500000 ЕД фл., 1 шт.",
    "producer": "Синтез ОАО, Россия",
    "active_component": "Бензатина бензилпенициллин, Бензилпенициллин прокаина",
    "qrcode": [
      4602565011444,
      4602565018733
    ],
    "url": "https://www.eapteka.ru/goods/id124010/"
  },
  {
    "name": "Микразим, капсулы 10000 ед 20 шт",
    "producer": "Авва Рус, Россия",
    "active_component": "Панкреатин",
    "qrcode": [
      4607003664589
    ],
    "url": "https://www.eapteka.ru/goods/id212473/"
  },
  {
    "name": "Инспиракс р-р для ингаляций 0,25мг/мл+0,5мг/мл флакон, 20 мл",
    "producer": "Биннофарм, Россия",
    "active_component": "Ипратропия бромид, Фенотерол",
    "qrcode": [
      4610004581366
    ],
    "url": "https://www.eapteka.ru/goods/id329863/"
  },
  {
    "name": "Нутридринк, бутылочка, 200 мл банан",
    "producer": "Истра-Нутриция ДП АО, Россия",
    "active_component": "",
    "qrcode": [
      8716900554698
    ],
    "url": "https://www.eapteka.ru/goods/id216803/"
  },
  {
    "name": "Нутридринк, бутылочка, 200 мл клубника",
    "producer": "Истра-Нутриция ДП АО, Россия",
    "active_component": "",
    "qrcode": [
      8716900554773
    ],
    "url": "https://www.eapteka.ru/goods/id212276/"
  },
  {
    "name": "Нутридринк, бутылочка, 200 мл ваниль",
    "producer": "Истра-Нутриция ДП АО, Россия",
    "active_component": "",
    "qrcode": [
      8716900554797
    ],
    "url": "https://www.eapteka.ru/goods/id212275/"
  },
  {
    "name": "Назол, спрей назальный дозированный 0,025 г мкг/доза 10 мл 1 шт",
    "producer": "Байер Биттерфельд ГмбХ, Германия",
    "active_component": "Оксиметазолин",
    "qrcode": [
      4250369505609
    ],
    "url": "https://www.eapteka.ru/goods/id250603/"
  },
  {
    "name": "Монуфрон капсулы, 45 шт.",
    "producer": "Фарм-про, Россия",
    "active_component": "",
    "qrcode": [
      4610008496154
    ],
    "url": "https://www.eapteka.ru/goods/id506245/"
  },
  {
    "name": "Бадяга, порошок для наружного применения 20 г 1 шт",
    "producer": "Фирма Здоровье, Россия",
    "active_component": "",
    "qrcode": [
      4601214000501
    ],
    "url": "https://www.eapteka.ru/goods/id123880/"
  },
  {
    "name": "Бидоп, таблетки 10 мг, 28 шт.",
    "producer": "Гедеон Рихтер-Рус, Россия",
    "active_component": "Бисопролол",
    "qrcode": [
      4605469002242,
      4605469003188
    ],
    "url": "https://www.eapteka.ru/goods/id210829/"
  },
  {
    "name": "Лекофен Комбо таблетки покрыт.плен.об. 200 мг+500 мг, 6 шт.",
    "producer": "Ронтис Хеллас Медикал энд Фармасьютикал Продактс С, Греция",
    "active_component": "Ибупрофен, Парацетамол",
    "qrcode": [
      7613421059187
    ],
    "url": "https://www.eapteka.ru/goods/id513817/"
  },
  {
    "name": "Диклофенак-АКОС гель, гель 5%, 30 г",
    "producer": "Синтез ОАО, Россия",
    "active_component": "Диклофенак",
    "qrcode": [
      4602565013509,
      4602565031084
    ],
    "url": "https://www.eapteka.ru/goods/id221451/"
  },
  {
    "name": "Дексаметазон р-р для инъекций 4 мг/мл 1 мл ампулы, 25 шт.",
    "producer": "Эльфа ЗАО НПЦ, Россия",
    "active_component": "Дексаметазон",
    "qrcode": [
      4607037190603,
      4607037191334
    ],
    "url": "https://www.eapteka.ru/goods/id229266/"
  }
]