[
  {
    "name": "АнвиМакс Малина, пакетики 5 г, 3 шт.",
    "producer": "ФармВилар НПО, Россия",
    "active_component": "Парацетамол, Аскорбиновая кислота, Римантадин, Рутозид, Лоратадин, Кальция глюконат",
    "qrcode": [
      4605964003843
    ],
    "url": "https://www.eapteka.ru/goods/id221504/"
  },
  {
    "name": "Називин, спрей назальный дозированный 22,5 мкг/доза 10 мл 1 шт",
    "producer": "Софаримекс Индустрия Кимика э Фармасуэтика С.А., Португалия",
    "active_component": "Оксиметазолин",
    "qrcode": [
      4054839156984,
      4054839472596
    ],
    "url": "https://www.eapteka.ru/goods/id334608/"
  },
  {
    "name": "Глимепирид-СЗ таблетки 2 мг, 30 шт.",
    "producer": "Северная Звезда, Россия",
    "active_component": "Глимепирид",
    "qrcode": [
      4690655020742
    ],
    "url": "https://www.eapteka.ru/goods/id504864/"
  },
  {
    "name": "Амиодарон конц. для р-ра для в/в введ. 50мг/мл 3мл ампулы, 10 шт.",
    "producer": "Борисовский завод медицинских препаратов, Беларусь",
    "active_component": "Амиодарон",
    "qrcode": [
      4810201014272
    ],
    "url": "https://www.eapteka.ru/goods/id279401/"
  },
  {
    "name": "Тилаксин, таблетки покрыт.об. 125 мг 10 шт",
    "producer": "Дальхимфарм, Россия",
    "active_component": "Тилорон",
    "qrcode": [
      4602824019785,
      4602824019808
    ],
    "url": "https://www.eapteka.ru/goods/id251478/"
  },
  {
    "name": "Здравушка, шрот расторопши, 100 г",
    "producer": "ФО им. Пастера, Россия",
    "active_component": "",
    "qrcode": [
      4607004500220
    ],
    "url": "https://www.eapteka.ru/goods/id231002/"
  },
  {
    "name": "Феокарпин форте, капсулы, 24 шт.",
    "producer": "Бионет, Россия",
    "active_component": "",
    "qrcode": [
      4670012860075
    ],
    "url": "https://www.eapteka.ru/goods/id210134/"
  },
  {
    "name": "Лапчатки корневище пачка, 20 г",
    "producer": "Лекра-Сэт, Россия",
    "active_component": "",
    "qrcode": [
      4660019921114,
      4607022895797
    ],
    "url": "https://www.eapteka.ru/goods/id237422/"
  },
  {
    "name": "Амлодипин таблетки 10 мг, 90 шт.",
    "producer": "Канонфарма продакшн ЗАО, Россия",
    "active_component": "Амлодипин",
    "qrcode": [
      4606486008262,
      4606486010036
    ],
    "url": "https://www.eapteka.ru/goods/id228477/"
  },
  {
    "name": "Рисперидон-СЗ, таблетки покрыт.плен.об. 2 мг 20 шт",
    "producer": "Северная Звезда, Россия",
    "active_component": "Рисперидон",
    "qrcode": [
      4690655016448
    ],
    "url": "https://www.eapteka.ru/goods/id504932/"
  },
  {
    "name": "Паглюферал 1, таблетки   20 шт",
    "producer": "Московская ФФ, Россия",
    "active_component": "Бромизовал, Кальция глюконат, Кофеин, Папаверин, Фенобарбитал",
    "qrcode": [
      4601429001881
    ],
    "url": "https://www.eapteka.ru/goods/id66595/"
  },
  {
    "name": "Кетонал суппозитории ректальные 100 мг, 12 шт.",
    "producer": "Генвеон Илач Санайи Ве Тиджарет Аноним Ширкети, Турция",
    "active_component": "Кетопрофен",
    "qrcode": [
      8699516893163,
      7613421046408
    ],
    "url": "https://www.eapteka.ru/goods/id98983/"
  },
  {
    "name": "Кларитромицин таблетки с пролонг.высвобож покрыт.плен.об 500 мг, 7 шт.",
    "producer": "Фармстандарт-Томскхимфарм, Россия",
    "active_component": "Кларитромицин",
    "qrcode": [
      4602196004372,
      4601808013276,
      4602196003962
    ],
    "url": "https://www.eapteka.ru/goods/id269309/"
  },
  {
    "name": "Аугментин порошок д/приг суспензии для приема внутрь 400 мг+57 мг/5 мл, фл 12,6 г",
    "producer": "Глаксо Вэллком Продакшен, Франция",
    "active_component": "Амоксициллин, Клавулановая кислота",
    "qrcode": [
      4607008133622,
      4602233002187
    ],
    "url": "https://www.eapteka.ru/goods/id206713/"
  },
  {
    "name": "Суматролид Солюшн Таблетc, таблетки диспергируемые 250 мг 6 шт",
    "producer": "Озон, Россия",
    "active_component": "Азитромицин",
    "qrcode": [
      4607027767518
    ],
    "url": "https://www.eapteka.ru/goods/id214944/"
  },
  {
    "name": "Лактобактерин, лиофилизат д/приг.суспензии для приема внутрь 5 доз фл 10 шт",
    "producer": "Микроген НПО, Россия",
    "active_component": "",
    "qrcode": [
      4605260003998,
      4602784002469,
      4605260004247,
      4602784004159,
      4605021003052
    ],
    "url": "https://www.eapteka.ru/goods/id233786/"
  },
  {
    "name": "Бальзам Золотая звезда, мазь для наружного применения 4 г   1 шт",
    "producer": "Данафа Фармасьютикал Джойнт, Вьетнам",
    "active_component": "Гвоздики масло, Камфора, Коричника масло, Мяты масло, Перца н-ка, Тимол, Хлоралгидрат, Эвкалипт масло",
    "qrcode": [
      8934901710015
    ],
    "url": "https://www.eapteka.ru/goods/id203292/"
  },
  {
    "name": "Дезлоратадин Велфарм, таблетки покрыт.плен.об. 5 мг 10 шт",
    "producer": "Велфарм, Россия",
    "active_component": "Дезлоратадин",
    "qrcode": [
      4630085990079
    ],
    "url": "https://www.eapteka.ru/goods/id506061/"
  },
  {
    "name": "Вестибо, таблетки 16 мг 30 шт.",
    "producer": "Каталент Германи Шорндорф ГмбХ, Германия",
    "active_component": "Бетагистин",
    "qrcode": [
      4607141996139,
      4630013790306,
      4607141998959
    ],
    "url": "https://www.eapteka.ru/goods/id208743/"
  },
  {
    "name": "Метопролол ретард-Акрихин, таблетки пролонгированного действия 50 мг   30 шт",
    "producer": "Акрихин ХФК АО, Россия",
    "active_component": "Метопролол",
    "qrcode": [
      4601969007442
    ],
    "url": "https://www.eapteka.ru/goods/id269730/"
  }
]