[
  {
    "name": "Омарон, таблетки   30 шт",
    "producer": "Нижфарм АО, Россия",
    "active_component": "Пирацетам, Циннаризин",
    "qrcode": [
      4601026302800,
      4607143560963
    ],
    "url": "https://www.eapteka.ru/goods/id210120/"
  },
  {
    "name": "Зиннат гранулы д/приг суспензии для приема внутрь125 мг/5 мл флакон, 1 шт.",
    "producer": "Глаксо Оперэйшенс Великобритания Лтд, Великобритания",
    "active_component": "Цефуроксим",
    "qrcode": [
      5033439011380,
      4607008133349
    ],
    "url": "https://www.eapteka.ru/goods/id21009/"
  },
  {
    "name": "Микоспрей спрей Клотримазол лосьон для ногтей и кожи, 15 мл",
    "producer": "Корвет Фарма, Россия",
    "active_component": "",
    "qrcode": [
      4607069270991
    ],
    "url": "https://www.eapteka.ru/goods/id486108/"
  },
  {
    "name": "Витаботаника Расторопши экстракт, таблетки 0,25 г, 20 шт.",
    "producer": "Эвалар, Россия",
    "active_component": "",
    "qrcode": [
      4602242022985
    ],
    "url": "https://www.eapteka.ru/goods/id506794/"
  },
  {
    "name": "Фестал, таблетки кишечнораст.покрыт.плен.об.   20 шт",
    "producer": "Санофи Индия Лимитед, Индия",
    "active_component": "Гемицеллюлаза, Желчи компоненты, Панкреатин",
    "qrcode": [
      8901083060122,
      3664798036701
    ],
    "url": "https://www.eapteka.ru/goods/id117275/"
  },
  {
    "name": "Аллохол Реневал, таблетки покрыт.плен.об. 50 шт",
    "producer": "Обновление ПФК АО, Россия",
    "active_component": "Активированный уголь, Желчь, Крапивы двудомной листья, Чеснока посевного луковицы",
    "qrcode": [
      4603988015224,
      4603988018683
    ],
    "url": "https://www.eapteka.ru/goods/id299832/"
  },
  {
    "name": "Бромгексин раствор для приема внутрь 4 мг/5 мл, 60 мл",
    "producer": "Озон, Россия",
    "active_component": "Бромгексин",
    "qrcode": [
      4607027768997
    ],
    "url": "https://www.eapteka.ru/goods/id484013/"
  },
  {
    "name": "РиниКолд Макс, таблетки   10 шт",
    "producer": "Шрея Лайф Саенсиз Пвт.Лтд, Индия",
    "active_component": "Кофеин, Парацетамол, Фенилэфрин, Хлорфенамин",
    "qrcode": [
      8906000570432
    ],
    "url": "https://www.eapteka.ru/goods/id513071/"
  },
  {
    "name": "Тербикс, спрей для наружного применения     1 шт",
    "producer": "Алтайвитамины, Россия",
    "active_component": "Тербинафин",
    "qrcode": [
      4603679003721
    ],
    "url": "https://www.eapteka.ru/goods/id480170/"
  },
  {
    "name": "Спасательный круг Ратовник бальзам косметический, 30 г",
    "producer": "Dr.Retter EC, Польша",
    "active_component": "",
    "qrcode": [
      5904913544017,
      5904913544048
    ],
    "url": "https://www.eapteka.ru/goods/id220742/"
  },
  {
    "name": "Карведилол, таблетки 25 мг, 30 шт.",
    "producer": "Озон, Россия",
    "active_component": "Карведилол",
    "qrcode": [
      4607027762568
    ],
    "url": "https://www.eapteka.ru/goods/id230819/"
  },
  {
    "name": "ПК-Мерц, таблетки покрыт.плен.об. 100 мг 30 шт",
    "producer": "Клоке Фарма-Сервис ГмбХ, Германия",
    "active_component": "Амантадин",
    "qrcode": [
      4008491313568,
      4059821313567,
      4046222313562
    ],
    "url": "https://www.eapteka.ru/goods/id26421/"
  },
  {
    "name": "Пенталгин, таблетки покрыт.плен.об.   24 шт",
    "producer": "Фармстандарт-Лексредства, Россия",
    "active_component": "Дротаверин, Кофеин, Напроксен, Парацетамол, Фенирамин",
    "qrcode": [
      4601669006745,
      104601669006
    ],
    "url": "https://www.eapteka.ru/goods/id216234/"
  },
  {
    "name": "ТераФлю от гриппа и простуды, порошок д/приг р-ра д/приема внутрь     4 шт",
    "producer": "Делфарм Орлеан, Франция",
    "active_component": "Парацетамол, Фенилэфрин, Фенирамин, Аскорбиновая кислота",
    "qrcode": [
      4607045192224
    ],
    "url": "https://www.eapteka.ru/goods/id216868/"
  },
  {
    "name": "Амоксиклав порошок д/приг суспензии д/приема внутрь 400 мг+57 мг/5 мл, фл 35 г",
    "producer": "Лек д.д., Словения",
    "active_component": "Амоксициллин, Клавулановая кислота",
    "qrcode": [
      3838957000302
    ],
    "url": "https://www.eapteka.ru/goods/id270713/"
  },
  {
    "name": "Саноксал, таблетки жевательные 400 мг 1 шт",
    "producer": "Протекх Биосистемс Пвт.Лтд, Индия",
    "active_component": "Албендазол",
    "qrcode": [
      8901783000206,
      8902034113782
    ],
    "url": "https://www.eapteka.ru/goods/id236552/"
  },
  {
    "name": "Мезим 20000, таблетки кишечнораст.покрыт.об. 20000 ед 20 шт",
    "producer": "Берлин-Хеми АГ, Германия",
    "active_component": "Панкреатин",
    "qrcode": [
      4013054019832
    ],
    "url": "https://www.eapteka.ru/goods/id250581/"
  },
  {
    "name": "Слабилен, таблетки покрыт.плен.об. 5 мг 10 шт",
    "producer": "Верофарм АО, Россия",
    "active_component": "Натрия пикосульфат",
    "qrcode": [
      4607083727846
    ],
    "url": "https://www.eapteka.ru/goods/id508515/"
  },
  {
    "name": "В.Дикуль гель-бальзам спортивный, тюбик, 100 мл",
    "producer": "Фора-Фарм, Россия",
    "active_component": "",
    "qrcode": [
      4607011666049
    ],
    "url": "https://www.eapteka.ru/goods/id210087/"
  },
  {
    "name": "Рибоксин буфус Renewal, раствор для в/в введ. 2 % 10 мл 10 шт",
    "producer": "Обновление ПФК АО, Россия",
    "active_component": "Инозин",
    "qrcode": [
      4603988009421
    ],
    "url": "https://www.eapteka.ru/goods/id221055/"
  }
]