[
  {
    "name": "Шалфей Эвалар, таблетки, 20 шт.",
    "producer": "Эвалар, Россия",
    "active_component": "Шалфея экстракт, Шалфея масло, Гесперидин",
    "qrcode": [
      4602242020639,
      4602242001577
    ],
    "url": "https://www.eapteka.ru/goods/id216110/"
  },
  {
    "name": "Фурагин, таблетки 50 мг 30 шт",
    "producer": "Озон, Россия",
    "active_component": "Фуразидин",
    "qrcode": [
      4607027763190
    ],
    "url": "https://www.eapteka.ru/goods/id231120/"
  },
  {
    "name": "Экоклав порошок д/приг.суспензии д/приема внутрь 250+62.5 мг/5 мл флакон, 25 г",
    "producer": "Авва Рус, Россия",
    "active_component": "Амоксициллин, Клавулановая кислота",
    "qrcode": [
      4607003667276
    ],
    "url": "https://www.eapteka.ru/goods/id224045/"
  },
  {
    "name": "Глимепирид-СЗ таблетки 4 мг, 30 шт.",
    "producer": "Северная Звезда, Россия",
    "active_component": "Глимепирид",
    "qrcode": [
      4690655020865
    ],
    "url": "https://www.eapteka.ru/goods/id504865/"
  },
  {
    "name": "Бисопролол таблетки покрыт.плен.об. 10 мг, 50 шт.",
    "producer": "Рафарма АО, Россия",
    "active_component": "Бисопролол",
    "qrcode": [
      4660007810482
    ],
    "url": "https://www.eapteka.ru/goods/id512597/"
  },
  {
    "name": "Эвкалипт-М, таблетки для рассасывания   20 шт",
    "producer": "Др.мед.Ауфдермаур АГ, Швейцария",
    "active_component": "Эвкалипта прутовидного листьев масло, Левоментол",
    "qrcode": [
      4601372001648,
      4607013581487
    ],
    "url": "https://www.eapteka.ru/goods/id205893/"
  },
  {
    "name": "Липы цветки, сырье растительное 35 г 1 шт",
    "producer": "Красногорсклексредства, Россия",
    "active_component": "Липы цветки",
    "qrcode": [
      4601498006411
    ],
    "url": "https://www.eapteka.ru/goods/id61430/"
  },
  {
    "name": "Аторвастатин Авексима таблетки покрыт.об. 20 мг, 30 шт.",
    "producer": "Ирбитский ХФЗ, Россия",
    "active_component": "Аторвастатин",
    "qrcode": [
      4603276010023
    ],
    "url": "https://www.eapteka.ru/goods/id512936/"
  },
  {
    "name": "Живокост крем-бальзам с хондроитином для тела туба, 100 мл",
    "producer": "Твинс Тэк, Россия",
    "active_component": "",
    "qrcode": [
      4607010246877
    ],
    "url": "https://www.eapteka.ru/goods/id235345/"
  },
  {
    "name": "Мексифин р-р для в/в и в/м введен. 50 мг/мл 2 мл ампулы, 10 шт.",
    "producer": "ФГУП Фармзащита НПЦ, Россия",
    "active_component": "Этилметилгидроксипиридина сукцинат",
    "qrcode": [
      4607095330034,
      4602779005833
    ],
    "url": "https://www.eapteka.ru/goods/id209752/"
  },
  {
    "name": "Таурин Renewal, капли глазные 10 мл   1 шт",
    "producer": "Обновление ПФК АО, Россия",
    "active_component": "Таурин",
    "qrcode": [
      4603988012544,
      4603988017853,
      "-"
    ],
    "url": "https://www.eapteka.ru/goods/id234155/"
  },
  {
    "name": "ТераФлю ЭкстраТаб от гриппа и простуды, таблетки   10 шт",
    "producer": "Новартис Саглик Гида ве Тарим Юрюнлери Санайи, Турция",
    "active_component": "Парацетамол, Фенилэфрин, Хлорфенамин",
    "qrcode": [
      4607045190190
    ],
    "url": "https://www.eapteka.ru/goods/id206840/"
  },
  {
    "name": "Салвисар, мазь для наружного применения 25 г   1 шт",
    "producer": "Биохимик, Россия",
    "active_component": "Яд гадюки, Камфора, Салициловая кислота, Скипидар живичный",
    "qrcode": [
      4602509004334,
      4602509011004
    ],
    "url": "https://www.eapteka.ru/goods/id274002/"
  },
  {
    "name": "Индометацин, мазь для наружного применения 10 % 40 г 1 шт",
    "producer": "Софарма, Болгария",
    "active_component": "Индометацин",
    "qrcode": [
      3800010650700
    ],
    "url": "https://www.eapteka.ru/goods/id110650/"
  },
  {
    "name": "Ацикловир-Акрихин, таблетки 400 мг, 20 шт.",
    "producer": "Акрихин ХФК АО, Россия",
    "active_component": "Ацикловир",
    "qrcode": [
      4601969002737,
      4601969007244
    ],
    "url": "https://www.eapteka.ru/goods/id204086/"
  },
  {
    "name": "Витридинол таблетки покрыт.плен. об. 120 мг, 56 шт.",
    "producer": "Велфарм, Россия",
    "active_component": "Висмута трикалия дицитрат",
    "qrcode": [
      4650099784334
    ],
    "url": "https://www.eapteka.ru/goods/id480163/"
  },
  {
    "name": "Эркасил Силимарин таблетки 35мг, 80 шт.",
    "producer": "Миофарм, Россия",
    "active_component": "",
    "qrcode": [
      4665303450622,
      4606434749353
    ],
    "url": "https://www.eapteka.ru/goods/id506057/"
  },
  {
    "name": "Коделак Нео таблетки с модиф. высв. покрыт.плен.об. 50 мг, 10 шт.",
    "producer": "Фармстандарт-УфаВИТА, Россия",
    "active_component": "Бутамират",
    "qrcode": [
      4601808013412,
      4601808009842
    ],
    "url": "https://www.eapteka.ru/goods/id250531/"
  },
  {
    "name": "Хондроитин-Вертекс, гель для наружного применения     1 шт",
    "producer": "Вертекс, Россия",
    "active_component": "Хондроитина сульфат",
    "qrcode": [
      4607003242565,
      4607003249946
    ],
    "url": "https://www.eapteka.ru/goods/id223973/"
  },
  {
    "name": "Орнидазол-Вертекс, таблетки покрыт.плен.об. 500 мг 10 шт",
    "producer": "Вертекс, Россия",
    "active_component": "Орнидазол",
    "qrcode": [
      4607003244248,
      4670033322293
    ],
    "url": "https://www.eapteka.ru/goods/id219701/"
  }
]