[
  {
    "name": "Витридинол таблетки покрыт.плен. об. 120 мг, 56 шт.",
    "producer": "Велфарм, Россия",
    "active_component": "Висмута трикалия дицитрат",
    "qrcode": [
      4650099784334
    ],
    "url": "https://www.eapteka.ru/goods/id480163/"
  },
  {
    "name": "Эркасил Силимарин таблетки 35мг, 80 шт.",
    "producer": "Миофарм, Россия",
    "active_component": "",
    "qrcode": [
      4665303450622,
      4606434749353
    ],
    "url": "https://www.eapteka.ru/goods/id506057/"
  },
  {
    "name": "Коделак Нео таблетки с модиф. высв. покрыт.плен.об. 50 мг, 10 шт.",
    "producer": "Фармстандарт-УфаВИТА, Россия",
    "active_component": "Бутамират",
    "qrcode": [
      4601808013412,
      4601808009842
    ],
    "url": "https://www.eapteka.ru/goods/id250531/"
  },
  {
    "name": "Хондроитин-Вертекс, гель для наружного применения     1 шт",
    "producer": "Вертекс, Россия",
    "active_component": "Хондроитина сульфат",
    "qrcode": [
      4607003242565,
      4607003249946
    ],
    "url": "https://www.eapteka.ru/goods/id223973/"
  },
  {
    "name": "Орнидазол-Вертекс, таблетки покрыт.плен.об. 500 мг 10 шт",
    "producer": "Вертекс, Россия",
    "active_component": "Орнидазол",
    "qrcode": [
      4607003244248,
      4670033322293
    ],
    "url": "https://www.eapteka.ru/goods/id219701/"
  },
  {
    "name": "Хлорофиллипт, раствор для местного применения 1 % 50 мл 1 шт",
    "producer": "Вифитех, Россия",
    "active_component": "Эвкалипта листьев экстракт",
    "qrcode": [
      4603256009320,
      4605180006956,
      "-"
    ],
    "url": "https://www.eapteka.ru/goods/id338638/"
  },
  {
    "name": "Ихтиоловая, мазь для наружного применения 20 % 25 г 1 шт",
    "producer": "Озон, Россия",
    "active_component": "Ихтаммол",
    "qrcode": [
      4607027765224
    ],
    "url": "https://www.eapteka.ru/goods/id484024/"
  },
  {
    "name": "Глибенкламид+Метформин, таблетки покрыт.плен.об. 5 мг+500 мг 30 шт",
    "producer": "Озон, Россия",
    "active_component": "Глибенкламид, Метформин",
    "qrcode": [
      4680020181246
    ],
    "url": "https://www.eapteka.ru/goods/id484679/"
  },
  {
    "name": "Ортофен, мазь для наружного применения 2 % 100 г 1 шт",
    "producer": "Вертекс, Россия",
    "active_component": "Диклофенак",
    "qrcode": [
      4670033321814
    ],
    "url": "https://www.eapteka.ru/goods/id513567/"
  },
  {
    "name": "Флексид, таблетки покрыт.плен.об. 500 мг 5 шт",
    "producer": "Лек д.д., Словения",
    "active_component": "Левофлоксацин",
    "qrcode": [
      3838957013739
    ],
    "url": "https://www.eapteka.ru/goods/id211405/"
  },
  {
    "name": "Гриппферон с лоратадином, мазь назальная 10000 ме+2 мг/г 5 г 1 шт",
    "producer": "Фирн М, Россия",
    "active_component": "Интерферон альфа-2b, Лоратадин",
    "qrcode": [
      4606207000537
    ],
    "url": "https://www.eapteka.ru/goods/id246232/"
  },
  {
    "name": "Кука сироп, 100",
    "producer": "Мальтани Фармасьютикэлс, Индия",
    "active_component": "Базилика священного, Солодки голой, Адатоды сосудистой, Альпинии Галанги, Перца длинного, Мяты полев",
    "qrcode": [
      8901152331023
    ],
    "url": "https://www.eapteka.ru/goods/id220753/"
  },
  {
    "name": "Риностоп Экстра с ментолом и эвкалиптом, спрей назальный дозированный 15 мл   1 шт",
    "producer": "Фармстандарт-Лексредства, Россия",
    "active_component": "Оксиметазолин",
    "qrcode": [
      4601669013507
    ],
    "url": "https://www.eapteka.ru/goods/id486505/"
  },
  {
    "name": "Виксипин, капли глазные 1 % 10 мл 1 шт",
    "producer": "Гротекс ООО, Россия",
    "active_component": "Метилэтилпиридинол",
    "qrcode": [
      4680013248871,
      4630098000833
    ],
    "url": "https://www.eapteka.ru/goods/id297661/"
  },
  {
    "name": "Винилин (Шостаковского бальзам), жидкость для наружного применения , 50 г",
    "producer": "Химреактивкомплект, Россия",
    "active_component": "Поливинокс",
    "qrcode": [
      4603901000122,
      "-",
      4603901000641
    ],
    "url": "https://www.eapteka.ru/goods/id95499/"
  },
  {
    "name": "Чай детский Укропная водичка травяной с 0 мес фильтрпакетики, сырье растительное   1,5 г 20 шт",
    "producer": "Фирма Здоровье, Россия",
    "active_component": "",
    "qrcode": [
      4601214005223
    ],
    "url": "https://www.eapteka.ru/goods/id221462/"
  },
  {
    "name": "Моксонитекс, таблетки покрыт.плен.об. 0,2 мг 28 шт",
    "producer": "Салютас Фарма ГмбХ, Германия",
    "active_component": "Моксонидин",
    "qrcode": [
      4030855507528
    ],
    "url": "https://www.eapteka.ru/goods/id299211/"
  },
  {
    "name": "Моксонидин-СЗ, таблетки покрыт.плен.об. 0,2 мг 60 шт",
    "producer": "Северная Звезда, Россия",
    "active_component": "Моксонидин",
    "qrcode": [
      4690655009624,
      4690655021275
    ],
    "url": "https://www.eapteka.ru/goods/id265897/"
  },
  {
    "name": "Клотримазол-АКОС, мазь для наружного применения 20 г   1 шт",
    "producer": "Синтез ОАО, Россия",
    "active_component": "Клотримазол",
    "qrcode": [
      4602565013349,
      4602565031077
    ],
    "url": "https://www.eapteka.ru/goods/id233689/"
  },
  {
    "name": "Нифуроксазид-Вертекс, капсулы 200 мг 14 шт",
    "producer": "Вертекс, Россия",
    "active_component": "Нифуроксазид",
    "qrcode": [
      4670033320176
    ],
    "url": "https://www.eapteka.ru/goods/id513584/"
  }
]