[
  {
    "name": "Риностоп Двойная помощь, спрей назальный дозированный 0,1 мг+5 мг/доза 15 мл 1 шт",
    "producer": "Фармстандарт-Лексредства, Россия",
    "active_component": "Ксилометазолин, [Декспантенол]",
    "qrcode": [
      4601669013545
    ],
    "url": "https://www.eapteka.ru/goods/id486504/"
  },
  {
    "name": "Розамет, крем для наружного применения 25 г   1 шт",
    "producer": "ЯДРАН-ГАЛЕНСКИ ЛАБОРАТОРИЙ а.о., Хорватия",
    "active_component": "Метронидазол",
    "qrcode": [
      3858881053120,
      385888105312
    ],
    "url": "https://www.eapteka.ru/goods/id205428/"
  },
  {
    "name": "Кетонал ДУО, капсулы с модифиц высвобож 150 мг 30 шт",
    "producer": "Лек д.д., Словения",
    "active_component": "Кетопрофен",
    "qrcode": [
      3838957016419,
      4650069870104
    ],
    "url": "https://www.eapteka.ru/goods/id211383/"
  },
  {
    "name": "Триакорт, мазь для наружного применения 0,1 % 10 г 1 шт",
    "producer": "Акрихин ХФК АО, Россия",
    "active_component": "Триамцинолон",
    "qrcode": [
      4601969000511
    ],
    "url": "https://www.eapteka.ru/goods/id37878/"
  },
  {
    "name": "Доксициклин Солюшн Таблетс таблетки диспергируемые 100 мг, 10 шт.",
    "producer": "Озон, Россия",
    "active_component": "Доксициклин",
    "qrcode": [
      4680020183035
    ],
    "url": "https://www.eapteka.ru/goods/id352753/"
  },
  {
    "name": "Аллергоферон, гель 5 г",
    "producer": "Фирн М, Россия",
    "active_component": "Интерферон альфа-2b, Лоратадин",
    "qrcode": [
      4606207000339
    ],
    "url": "https://www.eapteka.ru/goods/id251483/"
  },
  {
    "name": "Порталак, сироп 250 мл   1 шт",
    "producer": "Белупо,лекарства и косметика д.д, Хорватия",
    "active_component": "Лактулоза",
    "qrcode": [
      3850343022071
    ],
    "url": "https://www.eapteka.ru/goods/id207672/"
  },
  {
    "name": "Транексам, таблетки покрыт.плен.об. 250 мг 10 шт",
    "producer": "Обнинская ХФК, Россия",
    "active_component": "Транексамовая кислота",
    "qrcode": [
      4607024942321
    ],
    "url": "https://www.eapteka.ru/goods/id233473/"
  },
  {
    "name": "Фарингосепт, таблетки для рассасывания 10 мг 20 шт",
    "producer": "C.К. Терапия С.А., Румыния",
    "active_component": "Амбазон",
    "qrcode": [
      5944702000010,
      5944702206931
    ],
    "url": "https://www.eapteka.ru/goods/id98547/"
  },
  {
    "name": "Протаргол Renewal, раствор для наружного применения 2 % 10 мл 1 шт",
    "producer": "Обновление ПФК АО, Россия",
    "active_component": "Протеинат серебра",
    "qrcode": [
      4640103850032
    ],
    "url": "https://www.eapteka.ru/goods/id334552/"
  },
  {
    "name": "Торасемид-СЗ, таблетки 5 мг 30 шт",
    "producer": "Северная Звезда, Россия",
    "active_component": "Торасемид",
    "qrcode": [
      4690655012907,
      4690655021381
    ],
    "url": "https://www.eapteka.ru/goods/id262339/"
  },
  {
    "name": "Рисперидон, таблетки 2 мг 20 шт",
    "producer": "Озон, Россия",
    "active_component": "Рисперидон",
    "qrcode": [
      4607027764173
    ],
    "url": "https://www.eapteka.ru/goods/id225739/"
  },
  {
    "name": "Мелатонин Эвалар, таблетки покрыт.плен.об. 3 мг 20 шт",
    "producer": "Эвалар, Россия",
    "active_component": "Мелатонин",
    "qrcode": [
      4602242010173
    ],
    "url": "https://www.eapteka.ru/goods/id335664/"
  },
  {
    "name": "Кетопрофен, гель 2,5%, 40 г",
    "producer": "Врамед, Болгария",
    "active_component": "Кетопрофен",
    "qrcode": [
      3800010629737
    ],
    "url": "https://www.eapteka.ru/goods/id228091/"
  },
  {
    "name": "Офтан Дексаметазон, капли глазные 1 мг/мл 5 мл 1 шт",
    "producer": "НекстФарма, Финляндия",
    "active_component": "Дексаметазон",
    "qrcode": [
      6419716601137,
      4987084311108
    ],
    "url": "https://www.eapteka.ru/goods/id102389/"
  },
  {
    "name": "Ипратерол, раствор для ингаляций 0,25 мг/мл+0,5 мг/мл 20 мл",
    "producer": "Фармстандарт-Лексредства, Россия",
    "active_component": "Ипратропия бромид, Фенотерол",
    "qrcode": [
      4601669015242
    ],
    "url": "https://www.eapteka.ru/goods/id513544/"
  },
  {
    "name": "Йод Renewal флаконы с лопаткой 5%, 25 мл",
    "producer": "Обновление ПФК АО, Россия",
    "active_component": "Йод, (Калия йодид, Этанол)",
    "qrcode": [
      4603988018867
    ],
    "url": "https://www.eapteka.ru/goods/id507133/"
  },
  {
    "name": "Велкардио таблетки 12,5 мг, 30 шт",
    "producer": "Велфарм, Россия",
    "active_component": "Карведилол",
    "qrcode": [
      4650099782705
    ],
    "url": "https://www.eapteka.ru/goods/id501676/"
  },
  {
    "name": "Пентоксифиллин, таблетки 100 мг 60 шт",
    "producer": "Фармпроект, Россия",
    "active_component": "Пентоксифиллин",
    "qrcode": [
      4607019011407
    ],
    "url": "https://www.eapteka.ru/goods/id235292/"
  },
  {
    "name": "Прамипексол-Тева, таблетки 0,25 мг 30 шт",
    "producer": "Тева Канада Лимитед, Канада",
    "active_component": "Прамипексол",
    "qrcode": [
      3850114233514
    ],
    "url": "https://www.eapteka.ru/goods/id227541/"
  }
]