[
  {
    "name": "Глицин-ВИС капсулы 0,4 г, 36 шт.",
    "producer": "ВИС ООО, Россия",
    "active_component": "Глицин",
    "qrcode": [
      4607039975482
    ],
    "url": "https://www.eapteka.ru/goods/id223113/"
  },
  {
    "name": "Золмитриптан-СЗ таблетки покрыт.плен.об. 2,5 мг, 4 шт.",
    "producer": "Северная Звезда, Россия",
    "active_component": "Золмитриптан",
    "qrcode": [
      4690655022845
    ],
    "url": "https://www.eapteka.ru/goods/id500661/"
  },
  {
    "name": "ОКИ, суппозитории ректальные 160 мг   10 шт",
    "producer": "Домпе Фармачеутичи С.п.А., Италия",
    "active_component": "Кетопрофен",
    "qrcode": [
      8024825000085
    ],
    "url": "https://www.eapteka.ru/goods/id113491/"
  },
  {
    "name": "Холосас сироп, сироп 215 мл 1 шт",
    "producer": "Алтайвитамины, Россия",
    "active_component": "Шиповника плодов экстракт",
    "qrcode": [
      4603679007446,
      4603679001055,
      "-"
    ],
    "url": "https://www.eapteka.ru/goods/id39028/"
  },
  {
    "name": "Лапчатки корневище, сырье растительное     1 шт",
    "producer": "Фирма Здоровье, Россия",
    "active_component": "Лапчатки прямостоячей корневища",
    "qrcode": [
      4601214000532
    ],
    "url": "https://www.eapteka.ru/goods/id124822/"
  },
  {
    "name": "Девясил П таблетки покрыт.об. 205 мг, 100 шт.",
    "producer": "Парафарм, Россия",
    "active_component": "",
    "qrcode": [
      4605920000206
    ],
    "url": "https://www.eapteka.ru/goods/id498515/"
  },
  {
    "name": "Красный корень, пачка, 30 г",
    "producer": "Эвалар, Россия",
    "active_component": "",
    "qrcode": [
      4602242001676
    ],
    "url": "https://www.eapteka.ru/goods/id224753/"
  },
  {
    "name": "Найз, таблетки 100 мг 20 шт",
    "producer": "Д-р Редди`с, Индия",
    "active_component": "Нимесулид",
    "qrcode": [
      8901148052031,
      8901148005836,
      8901148236608,
      118901148005
    ],
    "url": "https://www.eapteka.ru/goods/id28030/"
  },
  {
    "name": "Панклав, таблетки покрыт.плен.об. 500 мг+125 мг 20 шт",
    "producer": "Хемофарм А.Д., Сербия",
    "active_component": "Амоксициллин, Клавулановая кислота",
    "qrcode": [
      8600097304092
    ],
    "url": "https://www.eapteka.ru/goods/id206810/"
  },
  {
    "name": "Форлакс детский, порошок д/приг р-ра д/приема внутрь 4 г 20 шт",
    "producer": "Бофур Ипсен Индастри, Франция",
    "active_component": "Макрогол",
    "qrcode": [
      3582186052129,
      3665585003067
    ],
    "url": "https://www.eapteka.ru/goods/id209754/"
  },
  {
    "name": "Карведилол-Тева, таблетки 12,5 мг 30 шт.",
    "producer": "Тева Оперейшнс Поланд Сп. з о.о., Польша",
    "active_component": "Карведилол",
    "qrcode": [
      5900004074326,
      3850114228053
    ],
    "url": "https://www.eapteka.ru/goods/id215706/"
  },
  {
    "name": "Арпефлю таблетки покрыт.плен.об. 50 мг 30 шт., упак.",
    "producer": "Лекфарм, Беларусь",
    "active_component": "Умифеновир",
    "qrcode": [
      4812608002210
    ],
    "url": "https://www.eapteka.ru/goods/id270132/"
  },
  {
    "name": "Ротокан-Виалайн спрей для гигиены полости рта, 45 мл",
    "producer": "Эско-Фарм, Армения",
    "active_component": "",
    "qrcode": [
      4670010372020
    ],
    "url": "https://www.eapteka.ru/goods/id482432/"
  },
  {
    "name": "Звездная очанка, капсулы, 30 шт.",
    "producer": "Эвалар, Россия",
    "active_component": "",
    "qrcode": [
      4602242003779
    ],
    "url": "https://www.eapteka.ru/goods/id210136/"
  },
  {
    "name": "Йодопирон дез.средство р-р для наруж.применения 1% спрей 50 мл, упак.",
    "producer": "Южфарм, Россия",
    "active_component": "Повидон-Йод, Калия йодид",
    "qrcode": [
      4620008620251,
      4620008623610,
      4620008623818,
      4620008624662
    ],
    "url": "https://www.eapteka.ru/goods/id251539/"
  },
  {
    "name": "Диакарб, таблетки 250 мг, 30 шт.",
    "producer": "Акрихин ХФК АО, Россия",
    "active_component": "Ацетазоламид",
    "qrcode": [
      4601969008579
    ],
    "url": "https://www.eapteka.ru/goods/id321612/"
  },
  {
    "name": "Пентоксифиллин, таблетки 0,1 г 60 шт",
    "producer": "Органика, Россия",
    "active_component": "Пентоксифиллин",
    "qrcode": [
      4602424005645
    ],
    "url": "https://www.eapteka.ru/goods/id76008/"
  },
  {
    "name": "Паглюферал 2, таблетки   20 шт",
    "producer": "Московская ФФ, Россия",
    "active_component": "Бромизовал, Кальция глюконат, Кофеин, Папаверин, Фенобарбитал",
    "qrcode": [
      4601429001898
    ],
    "url": "https://www.eapteka.ru/goods/id66598/"
  },
  {
    "name": "Панзинорм форте 20000, таблетки   30 шт",
    "producer": "КРКА дд Ново место, Словения",
    "active_component": "Панкреатин",
    "qrcode": [
      4605635003530,
      4607055135136
    ],
    "url": "https://www.eapteka.ru/goods/id210957/"
  },
  {
    "name": "Септолете Тотал для детей, таблетки для рассасывания 3 мг+1 мг  8 шт",
    "producer": "КРКА дд Ново место, Словения",
    "active_component": "Бензидамин, Цетилпиридиния хлорид",
    "qrcode": [
      3838989728922
    ],
    "url": "https://www.eapteka.ru/goods/id509693/"
  }
]