[
  {
    "name": "Лидокаин раствор для инъекций 100 мг/мл 2 мл амп, 10 шт.",
    "producer": "Эллара, Россия",
    "active_component": "Лидокаин",
    "qrcode": [
      4670008161742
    ],
    "url": "https://www.eapteka.ru/goods/id229388/"
  },
  {
    "name": "Пентоксифиллин концентрат д/пригот р-ра д/инфузий 20 мг/мл 5 мл ампулы, 10 шт.",
    "producer": "Велфарм, Россия",
    "active_component": "Пентоксифиллин",
    "qrcode": [
      4650099782088
    ],
    "url": "https://www.eapteka.ru/goods/id345093/"
  },
  {
    "name": "Галоперидол-Ратиофарм, капли для приема внутрь 2 мг/мл 30 мл",
    "producer": "Меркле ГмбХ, Германия",
    "active_component": "Галоперидол",
    "qrcode": [
      4030096501354
    ],
    "url": "https://www.eapteka.ru/goods/id124274/"
  },
  {
    "name": "Андипал, таблетки 0,25 г+0,02 г+0,02 г+0,02 г  10 шт",
    "producer": "Фармстандарт-Лексредства, Россия",
    "active_component": "Бендазол, Метамизол натрия, Папаверин, Фенобарбитал",
    "qrcode": [
      4601669009302,
      104601669009,
      4602196000336,
      "-"
    ],
    "url": "https://www.eapteka.ru/goods/id106072/"
  },
  {
    "name": "Цитрамон П, таблетки   10 шт",
    "producer": "Фармстандарт-Лексредства, Россия",
    "active_component": "Ацетилсалициловая кислота, Кофеин, Парацетамол",
    "qrcode": [
      4601669000675
    ],
    "url": "https://www.eapteka.ru/goods/id106111/"
  },
  {
    "name": "Панкреатин, таблетки покрыт.кишечнораств.об. 25 ед 60 шт",
    "producer": "Биосинтез, Россия",
    "active_component": "Панкреатин",
    "qrcode": [
      4602884010326,
      4602884003434
    ],
    "url": "https://www.eapteka.ru/goods/id43675/"
  },
  {
    "name": "Панкреатин Форте, таблетки покрыт.кишечнораств.об.   20 шт",
    "producer": "Биосинтез, Россия",
    "active_component": "Панкреатин",
    "qrcode": [
      4602884014157
    ],
    "url": "https://www.eapteka.ru/goods/id216642/"
  },
  {
    "name": "Лорагексал, таблетки 10 мг 10 шт",
    "producer": "Салютас Фарма ГмбХ, Германия",
    "active_component": "Лоратадин",
    "qrcode": [
      4030855027804
    ],
    "url": "https://www.eapteka.ru/goods/id207535/"
  },
  {
    "name": "Глюкоза, раствор для в/в введ.400 мг/мл 10 мл амп 10 шт",
    "producer": "Дальхимфарм, Россия",
    "active_component": "Декстроза",
    "qrcode": [
      4602824000059,
      4602824023362,
      4602824023539
    ],
    "url": "https://www.eapteka.ru/goods/id53896/"
  },
  {
    "name": "Дефислез, капли глазные 3 мг/мл, 10 мл",
    "producer": "Синтез ОАО, Россия",
    "active_component": "",
    "qrcode": [
      4602565010072
    ],
    "url": "https://www.eapteka.ru/goods/id210706/"
  },
  {
    "name": "Цефекон Д для детей, суппозитории ректальные     10 шт",
    "producer": "Нижфарм АО, Россия",
    "active_component": "Парацетамол",
    "qrcode": [
      601026301766,
      4601026301766
    ],
    "url": "https://www.eapteka.ru/goods/id206254/"
  },
  {
    "name": "Эналаприл, таблетки 5 мг 20 шт",
    "producer": "Изварино Фарма, Россия",
    "active_component": "Эналаприл",
    "qrcode": [
      4660007700288
    ],
    "url": "https://www.eapteka.ru/goods/id266683/"
  },
  {
    "name": "Офлоксацин, таблетки 200 мг 10 шт",
    "producer": "Озон, Россия",
    "active_component": "Офлоксацин",
    "qrcode": [
      4607027760120,
      4680020185169
    ],
    "url": "https://www.eapteka.ru/goods/id229436/"
  },
  {
    "name": "Флуконазол-Вертекс, капсулы 150 мг   2 шт",
    "producer": "Вертекс, Россия",
    "active_component": "Флуконазол",
    "qrcode": [
      4670033320152,
      4607003243708
    ],
    "url": "https://www.eapteka.ru/goods/id233740/"
  },
  {
    "name": "Горчичник Эконом пакет 20 шт., упак.",
    "producer": "Сарепта-Медипласт, Россия",
    "active_component": "",
    "qrcode": [
      4823017802902,
      4601619000687
    ],
    "url": "https://www.eapteka.ru/goods/id251452/"
  },
  {
    "name": "Стрептоцид, порошок для наружного применения     1 шт",
    "producer": "Леккер ООО, Россия",
    "active_component": "Сульфаниламид",
    "qrcode": [
      4620004740380
    ],
    "url": "https://www.eapteka.ru/goods/id297625/"
  },
  {
    "name": "Метопролол-Тева, таблетки 100 мг 30 шт",
    "producer": "Меркле ГмбХ, Германия",
    "active_component": "Метопролол",
    "qrcode": [
      4030096506397
    ],
    "url": "https://www.eapteka.ru/goods/id210334/"
  },
  {
    "name": "Эналаприл, таблетки 5 мг 20 шт",
    "producer": "Хемофарм ООО, Россия",
    "active_component": "Эналаприл",
    "qrcode": [
      4607143560154
    ],
    "url": "https://www.eapteka.ru/goods/id105305/"
  },
  {
    "name": "Парацетамол-Альтфарм, суппозитории ректальные     10 шт",
    "producer": "Альтфарм, Россия",
    "active_component": "Парацетамол",
    "qrcode": [
      4607035440045
    ],
    "url": "https://www.eapteka.ru/goods/id233788/"
  },
  {
    "name": "Диклофенак р-р для в/мыш. введ.25 мг/мл 3 мл ампулы, 5 шт.",
    "producer": "Хемофарм А.Д., Сербия",
    "active_component": "Диклофенак",
    "qrcode": [
      8600097300650
    ],
    "url": "https://www.eapteka.ru/goods/id105260/"
  }
]