[
  {
    "name": "Назол Адванс, спрей назальный дозированный 0,025 г мкг/доза 10 мл 1 шт",
    "producer": "Байер Биттерфельд ГмбХ, Германия",
    "active_component": "Оксиметазолин",
    "qrcode": [
      4250369505647
    ],
    "url": "https://www.eapteka.ru/goods/id250602/"
  },
  {
    "name": "Финастерид-OBL, таблетки покрыт.плен.об. 5 мг 30 шт",
    "producer": "Алиум АО, Россия",
    "active_component": "Финастерид",
    "qrcode": [
      4605077006663
    ],
    "url": "https://www.eapteka.ru/goods/id215389/"
  },
  {
    "name": "Индометацин, мазь для наружного применения 10 % 40 г 1 шт",
    "producer": "Озон, Россия",
    "active_component": "Индометацин",
    "qrcode": [
      4607027765439
    ],
    "url": "https://www.eapteka.ru/goods/id225614/"
  },
  {
    "name": "Корментол, капсулы подъязычные 100 мг 15 шт",
    "producer": "К.О.Биофарм С.А., Румыния",
    "active_component": "Левоментола раствор в ментил изовалерате",
    "qrcode": [
      5944704011618
    ],
    "url": "https://www.eapteka.ru/goods/id280847/"
  },
  {
    "name": "Валерианы экстракт Реневал, таблетки покрыт.плен.об. 20 мг 56 шт",
    "producer": "Обновление ПФК АО, Россия",
    "active_component": "Валерианы лекарственной корневищ с корнями экстракт",
    "qrcode": [
      4603988018478
    ],
    "url": "https://www.eapteka.ru/goods/id510053/"
  },
  {
    "name": "Ванкомицин лиофилизат для р-ра для инфузий 1г флакон 1шт., упак.",
    "producer": "Красфарма ПАО, Россия",
    "active_component": "Ванкомицин",
    "qrcode": [
      4602521009164,
      4602521013079,
      4602521013758
    ],
    "url": "https://www.eapteka.ru/goods/id219543/"
  },
  {
    "name": "Звездочка Флю порошок, для р-ра для приема внутрь апельсин 15 г 5 шт.",
    "producer": "Данафа Фармасьютикал Джойнт, Вьетнам",
    "active_component": "Парацетамол, Фенилэфрин, Фенирамин, Аскорбиновая кислота",
    "qrcode": [
      8934901500135
    ],
    "url": "https://www.eapteka.ru/goods/id267852/"
  },
  {
    "name": "Калия оротат, таблетки 500 мг 20 шт",
    "producer": "Ирбитский ХФЗ, Россия",
    "active_component": "Оротовая кислота",
    "qrcode": [
      4603276009263
    ],
    "url": "https://www.eapteka.ru/goods/id287485/"
  },
  {
    "name": "Календула П таблетки покрыт.об. 205 мг, 100 шт.",
    "producer": "Парафарм, Россия",
    "active_component": "",
    "qrcode": [
      4605920000268
    ],
    "url": "https://www.eapteka.ru/goods/id498519/"
  },
  {
    "name": "Эдас-131, капли для приема внутрь     1 шт",
    "producer": "Эдас, Россия",
    "active_component": "Гомеопатический состав",
    "qrcode": [
      4600908020924
    ],
    "url": "https://www.eapteka.ru/goods/id113261/"
  },
  {
    "name": "Оланзапин, таблетки покрыт.плен.об. 10 мг 28 шт",
    "producer": "Северная Звезда, Россия",
    "active_component": "Оланзапин",
    "qrcode": [
      4690655016288,
      4690655002908
    ],
    "url": "https://www.eapteka.ru/goods/id224669/"
  },
  {
    "name": "Энцетрон-СОЛОфарм раствор для в/вен и в/мыш введен.125 мг/мл 4 мл, 5 шт.",
    "producer": "Гротекс ООО, Россия",
    "active_component": "Цитиколин",
    "qrcode": [
      4670028221518
    ],
    "url": "https://www.eapteka.ru/goods/id334433/"
  },
  {
    "name": "Гопантам, таблетки 250 мг, 50 шт.",
    "producer": "Алтайвитамины, Россия",
    "active_component": "Гопантеновая кислота",
    "qrcode": [
      4603679002021
    ],
    "url": "https://www.eapteka.ru/goods/id224495/"
  },
  {
    "name": "Долгит гель 5%, 100 г",
    "producer": "Долоргит ГмбХ и Ко.КГ, Германия",
    "active_component": "Ибупрофен",
    "qrcode": [
      "-",
      "*",
      4028352000116
    ],
    "url": "https://www.eapteka.ru/goods/id207687/"
  },
  {
    "name": "Квамател, лиофилизат д/приг р-ра для в/в введ. 20 мг фл 5шт",
    "producer": "Гедеон Рихтер, Венгрия",
    "active_component": "Фамотидин",
    "qrcode": [
      5997001394977,
      "-"
    ],
    "url": "https://www.eapteka.ru/goods/id21945/"
  },
  {
    "name": "Звездочка Флю порошок, для р-ра для приема внутрь малина 15 г 5 шт.",
    "producer": "Данафа Фармасьютикал Джойнт, Вьетнам",
    "active_component": "Парацетамол, Фенилэфрин, Фенирамин, Аскорбиновая кислота",
    "qrcode": [
      8934901500142
    ],
    "url": "https://www.eapteka.ru/goods/id267853/"
  },
  {
    "name": "Карведилол Сандоз таблетки 12,5 мг, 30 шт.",
    "producer": "Салютас Фарма ГмбХ, Германия",
    "active_component": "Карведилол",
    "qrcode": [
      4030855187065
    ],
    "url": "https://www.eapteka.ru/goods/id212668/"
  },
  {
    "name": "Барбовал, капли для приема внутрь 25 мл 1 шт",
    "producer": "Фармак, Украина",
    "active_component": "Левоментол, Фенобарбитал",
    "qrcode": [
      4823002205831
    ],
    "url": "https://www.eapteka.ru/goods/id233491/"
  },
  {
    "name": "Баралгин М таблетки 500 мг, 20 шт.",
    "producer": "Зентива Прайвет Лимитед, Индия",
    "active_component": "Метамизол натрия",
    "qrcode": [
      8901083020164,
      3664798035407
    ],
    "url": "https://www.eapteka.ru/goods/id204106/"
  },
  {
    "name": "Темпонорм Флю со вкусом лимона, порошок д/приг р-ра д/приема внутрь     10 шт",
    "producer": "ФармВилар НПО, Россия",
    "active_component": "Парацетамол, Фенилэфрин, Фенирамин, Аскорбиновая кислота",
    "qrcode": [
      4610017502426
    ],
    "url": "https://www.eapteka.ru/goods/id513822/"
  }
]