[
  {
    "name": "Перинева, таблетки 8 мг 30 шт",
    "producer": "КРКА-РУС, Россия",
    "active_component": "Периндоприл",
    "qrcode": [
      4607055133088
    ],
    "url": "https://www.eapteka.ru/goods/id212306/"
  },
  {
    "name": "Арпефлю таблетки покрыт.плен.об. 100 мг 20 шт., упак.",
    "producer": "Лекфарм, Беларусь",
    "active_component": "Умифеновир",
    "qrcode": [
      4812608002234
    ],
    "url": "https://www.eapteka.ru/goods/id255892/"
  },
  {
    "name": "Слабикап, капли для приема внутрь 7,5 мг/мл 10 мл 1 шт",
    "producer": "Синтез ОАО, Россия",
    "active_component": "Натрия пикосульфат",
    "qrcode": [
      4602565017446
    ],
    "url": "https://www.eapteka.ru/goods/id224534/"
  },
  {
    "name": "Пенталгин Нео, таблетки покрыт.плен.об. 50 мг+220 мг+325 мг  20 шт",
    "producer": "Фармстандарт-Лексредства, Россия",
    "active_component": "Кофеин, Напроксен, Парацетамол",
    "qrcode": [
      4601669014634
    ],
    "url": "https://www.eapteka.ru/goods/id497894/"
  },
  {
    "name": "Гексорал табс таблетки для рассасывания, 20 шт.",
    "producer": "Зольдан Холдинг+Бонбонспециалитетен ГмбХ, Германия",
    "active_component": "Бензокаин, Хлоргексидин",
    "qrcode": [
      4660003080018
    ],
    "url": "https://www.eapteka.ru/goods/id209690/"
  },
  {
    "name": "Облепиховое масло, суппозитории ректальные 0,5 г 10 шт",
    "producer": "Фармаприм, Молдова",
    "active_component": "",
    "qrcode": [
      4840456000126
    ],
    "url": "https://www.eapteka.ru/goods/id226040/"
  },
  {
    "name": "Суматриптан-Тева, таблетки покрыт.плен.об. 50 мг 2 шт",
    "producer": "Тева Фармасьютикал Воркс Прайвэт Лимитед Компани, Венгрия",
    "active_component": "Суматриптан",
    "qrcode": [
      5995377480324
    ],
    "url": "https://www.eapteka.ru/goods/id248435/"
  },
  {
    "name": "Колдакт Флю Плюс, капсулы пролонгированного действия 10 шт",
    "producer": "Сан Фармасьютикал Индастриз Лтд, Индия",
    "active_component": "Парацетамол, Фенилэфрин, Хлорфенамин",
    "qrcode": [
      4601764001652
    ],
    "url": "https://www.eapteka.ru/goods/id204848/"
  },
  {
    "name": "Нимесулид-Тева, таблетки 100 мг 30 шт",
    "producer": "Блюфарма Индустрия Фармацеутика С.А., Португалия",
    "active_component": "Нимесулид",
    "qrcode": [
      3850114234023
    ],
    "url": "https://www.eapteka.ru/goods/id237657/"
  },
  {
    "name": "Арбидол, капсулы 100 мг 10 шт",
    "producer": "Фармстандарт-Лексредства, Россия",
    "active_component": "Умифеновир",
    "qrcode": [
      4601669004581
    ],
    "url": "https://www.eapteka.ru/goods/id204365/"
  },
  {
    "name": "Эзлор Солюшн Таблетс, таблетки диспергируемые 2,5 мг 10 шт",
    "producer": "Озон, Россия",
    "active_component": "Дезлоратадин",
    "qrcode": [
      4607027769468
    ],
    "url": "https://www.eapteka.ru/goods/id512669/"
  },
  {
    "name": "Праджисан, капсулы 200 мг   10 шт",
    "producer": "Сан Фармасьютикал Индастриз Лтд, Индия",
    "active_component": "Прогестерон",
    "qrcode": [
      8901127015460
    ],
    "url": "https://www.eapteka.ru/goods/id222009/"
  },
  {
    "name": "ПсориПро Salix шампунь-кондиционер, 200 мл",
    "producer": "ИПОК косметик, Россия",
    "active_component": "",
    "qrcode": [
      4670010371412
    ],
    "url": "https://www.eapteka.ru/goods/id482427/"
  },
  {
    "name": "Серлифт, таблетки покрыт.плен.об. 50 мг 28 шт",
    "producer": "Сан Фармасьютикал Индастриз Лтд, Индия",
    "active_component": "Сертралин",
    "qrcode": [
      4601764003199
    ],
    "url": "https://www.eapteka.ru/goods/id210738/"
  },
  {
    "name": "Доксиламин-СЗ таблетки покрыт. плен. об. 15 мг, 30 шт.",
    "producer": "Северная Звезда, Россия",
    "active_component": "Доксиламин",
    "qrcode": [
      4690655021923,
      4690655020957
    ],
    "url": "https://www.eapteka.ru/goods/id484870/"
  },
  {
    "name": "Тетурам, таблетки 150 мг 30 шт",
    "producer": "Фармстандарт-Лексредства, Россия",
    "active_component": "Дисульфирам",
    "qrcode": [
      4601669005847,
      4601669000835
    ],
    "url": "https://www.eapteka.ru/goods/id35073/"
  },
  {
    "name": "Спазган, раствор для в/в и в/м введ. 500 мг/мл+2 мг/мл+0.02 мг/мл 5 мл 5 шт",
    "producer": "Вокхардт Лтд, Индия",
    "active_component": "Метамизол натрия, Питофенон, Фенпивериния бромид",
    "qrcode": [
      4605501000076,
      4605501000073
    ],
    "url": "https://www.eapteka.ru/goods/id117547/"
  },
  {
    "name": "Ортофен, гель для наружного применения 50 г   1 шт",
    "producer": "Вертекс, Россия",
    "active_component": "Диклофенак",
    "qrcode": [
      4607003247232
    ],
    "url": "https://www.eapteka.ru/goods/id229321/"
  },
  {
    "name": "Ультоп, капсулы 20 мг   28 шт",
    "producer": "КРКА дд Ново место, Словения",
    "active_component": "Омепразол",
    "qrcode": [
      4607055136638,
      4607055137116
    ],
    "url": "https://www.eapteka.ru/goods/id209609/"
  },
  {
    "name": "Клин Би раствор для приема внутрь, 45 мл флаконы 2 шт.",
    "producer": "Кировская фармфабрика, Россия",
    "active_component": "Натрия гидрофосфат, Натрия дигидрофосфат",
    "qrcode": [
      4603256010036
    ],
    "url": "https://www.eapteka.ru/goods/id513902/"
  }
]