[
  {
    "name": "Линкас ОРВИ гранулы для раствора для приема внутрь, лимон саше 5,6 г 5 шт.",
    "producer": "Хербион Пакистан Прайвет Лимитед, Пакистан",
    "active_component": "Препарат растительного происхождения",
    "qrcode": [
      4607006677296
    ],
    "url": "https://www.eapteka.ru/goods/id245563/"
  },
  {
    "name": "Максиколд Рино, пакетики, со вкусом лимона, 5 шт.",
    "producer": "Фармстандарт-Лексредства, Россия",
    "active_component": "Парацетамол, Фенилэфрин, Фенирамин, Аскорбиновая кислота",
    "qrcode": [
      4601669006028
    ],
    "url": "https://www.eapteka.ru/goods/id219451/"
  },
  {
    "name": "Фазостабил, таблетки покрыт.плен.об. 75 мг+15,2 мг  100 шт",
    "producer": "Озон, Россия",
    "active_component": "Ацетилсалициловая кислота, Магния гидроксид",
    "qrcode": [
      4680020180577
    ],
    "url": "https://www.eapteka.ru/goods/id294633/"
  },
  {
    "name": "Тауфон, капли глазные 10 мл   1 шт",
    "producer": "МЭЗ, Россия",
    "active_component": "Таурин",
    "qrcode": [
      4602676004991
    ],
    "url": "https://www.eapteka.ru/goods/id512238/"
  },
  {
    "name": "Омник Окас, таблетки с пролонг.высвобож покрыт.об 0,4 мг   10 шт",
    "producer": "ФКП Армавирская биофабрика, Россия",
    "active_component": "Тамсулозин",
    "qrcode": [
      4607098452016,
      4606556003234,
      4607098450128,
      4650075360569
    ],
    "url": "https://www.eapteka.ru/goods/id208373/"
  },
  {
    "name": "Просульпин, таблетки 200 мг 30 шт",
    "producer": "ПРО.МЕД.ЦС Прага, Чешская Республика",
    "active_component": "Сульпирид",
    "qrcode": [
      8595026405332
    ],
    "url": "https://www.eapteka.ru/goods/id104076/"
  },
  {
    "name": "Мукофитин, крем, 50 мл",
    "producer": "Инфарма, Россия",
    "active_component": "",
    "qrcode": [
      4603699000182
    ],
    "url": "https://www.eapteka.ru/goods/id220948/"
  },
  {
    "name": "Сибирская Клетчатка Анти-Диабет, 200 г",
    "producer": "Сибирская Клетчатка ООО, Россия",
    "active_component": "",
    "qrcode": [
      4607056269991
    ],
    "url": "https://www.eapteka.ru/goods/id509588/"
  },
  {
    "name": "Бетагистин-Вертекс таблетки 24 мг, 20 шт.",
    "producer": "Вертекс, Россия",
    "active_component": "Бетагистин",
    "qrcode": [
      4607003244736,
      4607003249526
    ],
    "url": "https://www.eapteka.ru/goods/id228841/"
  },
  {
    "name": "Бисопролол-Вертекс таблетки покрыт.плен.об. 10 мг, 60 шт.",
    "producer": "Вертекс, Россия",
    "active_component": "Бисопролол",
    "qrcode": [
      4607003245313,
      4670033321791
    ],
    "url": "https://www.eapteka.ru/goods/id263227/"
  },
  {
    "name": "Рамиприл-Акрихин, таблетки 2,5 мг 30 шт",
    "producer": "Акрихин ХФК АО, Россия",
    "active_component": "Рамиприл",
    "qrcode": [
      4601969007862
    ],
    "url": "https://www.eapteka.ru/goods/id496962/"
  },
  {
    "name": "Пароксетин-СЗ, таблетки покрыт.плен.об. 20 мг 30 шт",
    "producer": "Северная Звезда, Россия",
    "active_component": "Пароксетин",
    "qrcode": [
      4690655022777
    ],
    "url": "https://www.eapteka.ru/goods/id500974/"
  },
  {
    "name": "Тетрациклин таблетки покрыт. плен. об.100 мг, таблетки покрыт.плен.об. 100 мг 20 шт",
    "producer": "Озон, Россия",
    "active_component": "Тетрациклин",
    "qrcode": [
      4680020187514
    ],
    "url": "https://www.eapteka.ru/goods/id507282/"
  },
  {
    "name": "Фурадонин, таблетки 100 мг 20 шт",
    "producer": "Олайнфарм, Латвия",
    "active_component": "Нитрофурантоин",
    "qrcode": [
      4750258314195,
      4750258202164
    ],
    "url": "https://www.eapteka.ru/goods/id33121/"
  },
  {
    "name": "Зовиракс, таблетки 200 мг, 25 шт.",
    "producer": "Глаксо Вэллком С.А., Испания",
    "active_component": "Ацикловир",
    "qrcode": [
      4607008133370,
      4607008133752,
      5900008011501
    ],
    "url": "https://www.eapteka.ru/goods/id21044/"
  },
  {
    "name": "Фламин, таблетки   30 шт",
    "producer": "Вифитех, Россия",
    "active_component": "",
    "qrcode": [
      4605180006710,
      4605180004136
    ],
    "url": "https://www.eapteka.ru/goods/id228931/"
  },
  {
    "name": "Максиколд Рино, пакетики, со вкусом малины, 5 шт.",
    "producer": "Фармстандарт-Лексредства, Россия",
    "active_component": "Парацетамол, Фенилэфрин, Фенирамин, Аскорбиновая кислота",
    "qrcode": [
      4601669006042
    ],
    "url": "https://www.eapteka.ru/goods/id219449/"
  },
  {
    "name": "Максиколд Рино, пакетики, со вкусом апельсина, 5 шт.",
    "producer": "Фармстандарт-Лексредства, Россия",
    "active_component": "Парацетамол, Фенилэфрин, Фенирамин, Аскорбиновая кислота",
    "qrcode": [
      4601669006004
    ],
    "url": "https://www.eapteka.ru/goods/id219453/"
  },
  {
    "name": "АнвиМакс Малина, пакетики 5 г, 6 шт.",
    "producer": "ФармВилар НПО, Россия",
    "active_component": "Парацетамол, Аскорбиновая кислота, Римантадин, Рутозид, Лоратадин, Кальция глюконат",
    "qrcode": [
      4605964003881
    ],
    "url": "https://www.eapteka.ru/goods/id221502/"
  },
  {
    "name": "Энап, таблетки 10 мг 60 шт",
    "producer": "КРКА дд Ново место, Словения",
    "active_component": "Эналаприл",
    "qrcode": [
      4607055137512
    ],
    "url": "https://www.eapteka.ru/goods/id235396/"
  }
]