[
  {
    "name": "Боровая матка фильтрпакетики 1,5 г, 20 шт.",
    "producer": "Фирма Здоровье, Россия",
    "active_component": "",
    "qrcode": [
      4601214005773
    ],
    "url": "https://www.eapteka.ru/goods/id297563/"
  },
  {
    "name": "Дексалгин раствор для в/в и в/м введ.25 мг/мл 2 мл амп, 5 шт.",
    "producer": "А.Менарини Мэнюфекчеринг Лоджистикс энд Сервисиз С, Италия",
    "active_component": "Декскетопрофен",
    "qrcode": [
      4013054014660
    ],
    "url": "https://www.eapteka.ru/goods/id210969/"
  },
  {
    "name": "Дуоколд набор порошков д/приг р-ра для приема внутрь лимон, 6 шт./ночь 2 шт.",
    "producer": "Вертекс, Россия",
    "active_component": "Аскорбиновая кислота, Кальция глюконат, Парацетамол, Рутозид, Фенилэфрин",
    "qrcode": [
      4670033321463
    ],
    "url": "https://www.eapteka.ru/goods/id502773/"
  },
  {
    "name": "Эльцет, таблетки покрыт.плен.об. 5 мг 14 шт",
    "producer": "Алиум АО, Россия",
    "active_component": "Левоцетиризин",
    "qrcode": [
      4605077013487,
      4605077015139,
      4605077008377
    ],
    "url": "https://www.eapteka.ru/goods/id241699/"
  },
  {
    "name": "Супрастин, таблетки 25 мг 40 шт",
    "producer": "ЭГИС, Венгрия",
    "active_component": "Хлоропирамин",
    "qrcode": [
      5995327170060
    ],
    "url": "https://www.eapteka.ru/goods/id314530/"
  },
  {
    "name": "Аторвастатин-СЗ таблетки покрыт.плен.об. 10 мг 60 шт., упак.",
    "producer": "Северная Звезда, Россия",
    "active_component": "Аторвастатин",
    "qrcode": [
      4690655013409,
      4690655021930
    ],
    "url": "https://www.eapteka.ru/goods/id265892/"
  },
  {
    "name": "Топирамат Канон, таблетки покрыт.плен.об. 25 мг 28 шт",
    "producer": "Канонфарма продакшн ЗАО, Россия",
    "active_component": "Топирамат",
    "qrcode": [
      4606486009221,
      4606486024538
    ],
    "url": "https://www.eapteka.ru/goods/id225535/"
  },
  {
    "name": "Altaivita Пустырник трава, 100 г",
    "producer": "Алтайвита ООО, Россия",
    "active_component": "",
    "qrcode": [
      4610021271646
    ],
    "url": "https://www.eapteka.ru/goods/id354607/"
  },
  {
    "name": "Донормил таблетки покрыт. плен. об.15 мг, 10 шт.",
    "producer": "УПСА САС, Франция",
    "active_component": "Доксиламин",
    "qrcode": [
      4602505008992,
      3585553767558
    ],
    "url": "https://www.eapteka.ru/goods/id315324/"
  },
  {
    "name": "Мигрениум, таблетки покрыт.плен.об. 65 мг+500 мг  20 шт",
    "producer": "Биохимик, Россия",
    "active_component": "Кофеин, Парацетамол",
    "qrcode": [
      4602509015057
    ],
    "url": "https://www.eapteka.ru/goods/id274004/"
  },
  {
    "name": "Баклосан таблетки 10 мг, 50 шт.",
    "producer": "Польфарма АО, Польша",
    "active_component": "Баклофен",
    "qrcode": [
      5903060004658
    ],
    "url": "https://www.eapteka.ru/goods/id34719/"
  },
  {
    "name": "Ревалгин, таблетки   20 шт",
    "producer": "Шрея Лайф Саенсиз Пвт.Лтд, Индия",
    "active_component": "Метамизол натрия, Питофенон, Фенпивериния бромид",
    "qrcode": [
      8906000570296
    ],
    "url": "https://www.eapteka.ru/goods/id220646/"
  },
  {
    "name": "Дикловит, суппозитории ректальные 50 мг 10 шт.",
    "producer": "Нижфарм АО, Россия",
    "active_component": "Диклофенак",
    "qrcode": [
      4601026308147,
      4601026125560
    ],
    "url": "https://www.eapteka.ru/goods/id70879/"
  },
  {
    "name": "В.Дикуль бальзам форте для суставов, 75 мл",
    "producer": "КоролевФарм, Россия",
    "active_component": "",
    "qrcode": [
      4607011666209
    ],
    "url": "https://www.eapteka.ru/goods/id238225/"
  },
  {
    "name": "Тыквы семена, сырье растительное   100 г 1 шт",
    "producer": "Фирма Здоровье, Россия",
    "active_component": "Тыквы обыкновенной семена",
    "qrcode": [
      4601214003113
    ],
    "url": "https://www.eapteka.ru/goods/id234189/"
  },
  {
    "name": "Ренни апельсин, таблетки жевательные 680 мг+80 мг  12 шт",
    "producer": "Байер Биттерфельд ГмбХ, Германия",
    "active_component": "Кальция карбонат, Магния карбонат",
    "qrcode": [
      4250369505845
    ],
    "url": "https://www.eapteka.ru/goods/id223605/"
  },
  {
    "name": "Смекта, порошок д/приг суспензии для приема внутрь (клубника) 3 г 30 шт",
    "producer": "Бофур Ипсен Индастри, Франция",
    "active_component": "Смектит диоктаэдрический",
    "qrcode": [
      3665585003906
    ],
    "url": "https://www.eapteka.ru/goods/id513546/"
  },
  {
    "name": "ТераФлю ЛАР ментол против вирусов и боли в горле, таблетки   20 шт",
    "producer": "Новартис Саглик Гида ве Тарим Юрюнлери Санайи, Турция",
    "active_component": "Лидокаин, Цетилпиридиния хлорид",
    "qrcode": [
      4607045191944
    ],
    "url": "https://www.eapteka.ru/goods/id231116/"
  },
  {
    "name": "Этилметилгидроксипиридин-Акрихин, таблетки покрыт.плен.об. 125 мг 50 шт",
    "producer": "Акрихин ХФК АО, Россия",
    "active_component": "Этилметилгидроксипиридина сукцинат",
    "qrcode": [
      4601969008906
    ],
    "url": "https://www.eapteka.ru/goods/id496965/"
  },
  {
    "name": "Депакин, сироп 57,64 мг/мл 150 мл",
    "producer": "Юнитер Ликвид Мануфэкчуринг, Франция",
    "active_component": "Вальпроевая кислота",
    "qrcode": [
      3582910067542
    ],
    "url": "https://www.eapteka.ru/goods/id103390/"
  }
]