[
  {
    "name": "Пимафуцин, суппозитории вагинальные     3 шт",
    "producer": "Теммлер Италиа С.р.Л., Италия",
    "active_component": "Натамицин",
    "qrcode": [
      4607098450227,
      5702191025491,
      5702191012620
    ],
    "url": "https://www.eapteka.ru/goods/id34209/"
  },
  {
    "name": "Омнитус, таблетки покрыт.плен.об.с модиф.высв. 50 мг 10 шт.",
    "producer": "Хемофарм А.Д., Сербия",
    "active_component": "Бутамират",
    "qrcode": [
      8600097000994
    ],
    "url": "https://www.eapteka.ru/goods/id222136/"
  },
  {
    "name": "Линкас ОРВИ гранулы для раствора для приема внутрь, саше 5,6 г 5 шт.",
    "producer": "Хербион Пакистан Прайвет Лимитед, Пакистан",
    "active_component": "Препарат растительного происхождения",
    "qrcode": [
      4607006677197
    ],
    "url": "https://www.eapteka.ru/goods/id245561/"
  },
  {
    "name": "Звездочка Флю порошок, для р-ра для приема внутрь лимон 15 г 5 шт.",
    "producer": "Данафа Фармасьютикал Джойнт, Вьетнам",
    "active_component": "Парацетамол, Фенилэфрин, Фенирамин, Аскорбиновая кислота",
    "qrcode": [
      8934901500159
    ],
    "url": "https://www.eapteka.ru/goods/id250322/"
  },
  {
    "name": "Витамин Д3 Эвалар 600 МЕ капсулы, 60 шт.",
    "producer": "Эвалар, Россия",
    "active_component": "",
    "qrcode": [
      4602242021155,
      4602242023173
    ],
    "url": "https://www.eapteka.ru/goods/id336760/"
  },
  {
    "name": "Аква Марис, спрей назальный дозированный 30 мл 1 шт",
    "producer": "ЯДРАН-ГАЛЕНСКИ ЛАБОРАТОРИЙ а.о., Хорватия",
    "active_component": "",
    "qrcode": [
      3858881054691,
      "-",
      3856013221881
    ],
    "url": "https://www.eapteka.ru/goods/id205702/"
  },
  {
    "name": "Дексаметазон Реневал, капли глазные 0,1 % 10 мл",
    "producer": "Обновление ПФК АО, Россия",
    "active_component": "Дексаметазон",
    "qrcode": [
      4603988011479,
      4603988018508
    ],
    "url": "https://www.eapteka.ru/goods/id244724/"
  },
  {
    "name": "Метопролол-Вертекс, таблетки пролонгированного действия 100 мг   30 шт",
    "producer": "Вертекс, Россия",
    "active_component": "Метопролол",
    "qrcode": [
      4670033322095,
      4607003249991
    ],
    "url": "https://www.eapteka.ru/goods/id513579/"
  },
  {
    "name": "Рамиприл-АКОС, таблетки 5 мг 30 шт",
    "producer": "Синтез ОАО, Россия",
    "active_component": "Рамиприл",
    "qrcode": [
      4602565031725
    ],
    "url": "https://www.eapteka.ru/goods/id505692/"
  },
  {
    "name": "Топсавер, таблетки покрыт.плен.об. 25 мг 28 шт",
    "producer": "Тева ООО, Россия",
    "active_component": "Топирамат",
    "qrcode": [
      4670016770035,
      4670016770653,
      3850114218580
    ],
    "url": "https://www.eapteka.ru/goods/id209759/"
  },
  {
    "name": "Мирапекс, таблетки 0,25 мг 30 шт",
    "producer": "Берингер Ингельхайм Фарма ГмбХ и Ко.КГ, Германия",
    "active_component": "Прамипексол",
    "qrcode": [
      9006968012254
    ],
    "url": "https://www.eapteka.ru/goods/id100221/"
  },
  {
    "name": "Дексонал, таблетки покрыт.плен.об. 25 мг 10 шт",
    "producer": "Алиум АО, Россия",
    "active_component": "Декскетопрофен",
    "qrcode": [
      4605077012237
    ],
    "url": "https://www.eapteka.ru/goods/id288116/"
  },
  {
    "name": "Триалгин2, таблетки   20 шт",
    "producer": "ФармВилар НПО, Россия",
    "active_component": "Кофеин, Метамизол натрия, Фенобарбитал",
    "qrcode": [
      4607013861220,
      4610017501849
    ],
    "url": "https://www.eapteka.ru/goods/id355920/"
  },
  {
    "name": "Доктор Мом сироп, 100 мл",
    "producer": "Юник Фармасьютикал Лабораториз, Индия",
    "active_component": "Препарат растительного происхождения",
    "qrcode": [
      8901086041517
    ],
    "url": "https://www.eapteka.ru/goods/id29904/"
  },
  {
    "name": "Метрогил, гель , 30 г",
    "producer": "Юник Фармасьютикал Лабораториз, Индия",
    "active_component": "Метронидазол",
    "qrcode": [
      8901086131294,
      2102942514992,
      8901086130105
    ],
    "url": "https://www.eapteka.ru/goods/id29804/"
  },
  {
    "name": "Наятокс, мазь для наружного применения   20 г 1 шт",
    "producer": "Вьетнам",
    "active_component": "Яд змеиный, Метилсалицилат, Камфора, Эвкалиптовое масло",
    "qrcode": [
      8934574220118
    ],
    "url": "https://www.eapteka.ru/goods/id210142/"
  },
  {
    "name": "Кетоконазол Вертекс, шампунь лекарственный 2 % 75 г",
    "producer": "Вертекс, Россия",
    "active_component": "Кетоконазол",
    "qrcode": [
      4670033320619
    ],
    "url": "https://www.eapteka.ru/goods/id513574/"
  },
  {
    "name": "Феррум фосфорикум C9, гранулы   4 г",
    "producer": "Лаборатория Буарон, Франция",
    "active_component": "",
    "qrcode": [
      3352719010397
    ],
    "url": "https://www.eapteka.ru/goods/id504987/"
  },
  {
    "name": "Пирогениум C30, гранулы 4 г",
    "producer": "Лаборатория Буарон, Франция",
    "active_component": "",
    "qrcode": [
      3352719011745
    ],
    "url": "https://www.eapteka.ru/goods/id504976/"
  },
  {
    "name": "Фитолакка декандра C9, гранулы   4 г",
    "producer": "Лаборатория Буарон, Франция",
    "active_component": "",
    "qrcode": [
      3352719013022
    ],
    "url": "https://www.eapteka.ru/goods/id504989/"
  }
]