[
  {
    "name": "Ипека С9, гранулы гомеопатические 4 г",
    "producer": "Лаборатория Буарон, Франция",
    "active_component": "",
    "qrcode": [
      3352719011219
    ],
    "url": "https://www.eapteka.ru/goods/id504961/"
  },
  {
    "name": "Цересил Канон р-р для в/в и в/м введения 125 мг/мл 4 мл, 5 шт.",
    "producer": "Армавирская биофабрика ФКП, Россия",
    "active_component": "Цитиколин",
    "qrcode": [
      4605894007683
    ],
    "url": "https://www.eapteka.ru/goods/id299347/"
  },
  {
    "name": "Гинкго Билоба, капсулы 40 мг 30 шт",
    "producer": "Вертекс, Россия",
    "active_component": "Гинкго двулопастного листьев экстракт",
    "qrcode": [
      4607003247096
    ],
    "url": "https://www.eapteka.ru/goods/id233590/"
  },
  {
    "name": "Эсциталопрам-СЗ, таблетки покрыт.плен.об. 10 мг 30 шт",
    "producer": "Северная Звезда, Россия",
    "active_component": "Эсциталопрам",
    "qrcode": [
      4690655022753
    ],
    "url": "https://www.eapteka.ru/goods/id504934/"
  },
  {
    "name": "Реслип, таблетки покрыт.плен.об. 15 мг 30 шт",
    "producer": "Алиум АО, Россия",
    "active_component": "Доксиламин",
    "qrcode": [
      4605077009688,
      4605077017195
    ],
    "url": "https://www.eapteka.ru/goods/id256576/"
  },
  {
    "name": "Нейпилепт р-р для в/вен. и в/мыш. введ. 125 мг/мл ампулы 4 мл 5 шт., упак.",
    "producer": "ФармФирма Сотекс, Россия",
    "active_component": "Цитиколин",
    "qrcode": [
      4605964005182
    ],
    "url": "https://www.eapteka.ru/goods/id250351/"
  },
  {
    "name": "Цераксон, р-р для в/вен. и в/мыш. введ. 500мг/4 мл амп 5шт",
    "producer": "Феррер Интернасьональ С.А, Испания",
    "active_component": "Цитиколин",
    "qrcode": [
      8433042001407
    ],
    "url": "https://www.eapteka.ru/goods/id209838/"
  },
  {
    "name": "Амоксиклав порошок д/приг суспензии д/приема внутрь 250 мг+62,5 мг/5 мл, фл 100 мл",
    "producer": "Лек д.д., Словения",
    "active_component": "Амоксициллин, Клавулановая кислота",
    "qrcode": [
      3838957017379
    ],
    "url": "https://www.eapteka.ru/goods/id99055/"
  },
  {
    "name": "Немозол, таблетки покрыт.плен.об. 400 мг 1 шт",
    "producer": "Ипка Лабораториз Лимитед, Индия",
    "active_component": "Албендазол",
    "qrcode": [
      8901079005960,
      8901079020182,
      8901079004444
    ],
    "url": "https://www.eapteka.ru/goods/id207210/"
  },
  {
    "name": "Омез, капсулы 40 мг   28 шт",
    "producer": "Д-р Редди`с, Индия",
    "active_component": "Омепразол",
    "qrcode": [
      8901148223776,
      8901148143286
    ],
    "url": "https://www.eapteka.ru/goods/id217971/"
  },
  {
    "name": "Сорбектин детский порошок 4 г пакетики, 10 шт.",
    "producer": "Фармакор Продакшн, Россия",
    "active_component": "",
    "qrcode": [
      4603569721766
    ],
    "url": "https://www.eapteka.ru/goods/id338068/"
  },
  {
    "name": "Бифидумбактерин, порошок для приема внутрь 5 доз пак 30 шт",
    "producer": "ПроБиоФарм, Россия",
    "active_component": "Бифидобактерии бифидум",
    "qrcode": [
      4600561020019,
      4640107660019,
      "-"
    ],
    "url": "https://www.eapteka.ru/goods/id204373/"
  },
  {
    "name": "Липы цветки, сырье растительное 1,5 г 20 шт",
    "producer": "Фирма Здоровье, Россия",
    "active_component": "Липы цветки",
    "qrcode": [
      4601214001584
    ],
    "url": "https://www.eapteka.ru/goods/id239497/"
  },
  {
    "name": "Аква Марис Стронг спрей назальный, спрей назальный 30 мл 1 шт",
    "producer": "ЯДРАН-ГАЛЕНСКИ ЛАБОРАТОРИЙ а.о., Хорватия",
    "active_component": "",
    "qrcode": [
      3856013206550,
      3856013221898
    ],
    "url": "https://www.eapteka.ru/goods/id213003/"
  },
  {
    "name": "Аква Марис Плюс, спрей назальный 30 мл 1 шт",
    "producer": "ЯДРАН-ГАЛЕНСКИ ЛАБОРАТОРИЙ а.о., Хорватия",
    "active_component": "",
    "qrcode": [
      3856013208578,
      3856013225124
    ],
    "url": "https://www.eapteka.ru/goods/id214391/"
  },
  {
    "name": "Дорзоламид-Оптик, капли глазные 20 мг/мл 5 мл",
    "producer": "Лекко ЗАО, Россия",
    "active_component": "Дорзоламид",
    "qrcode": [
      4603671003736
    ],
    "url": "https://www.eapteka.ru/goods/id511033/"
  },
  {
    "name": "Блефарогель 2, флакон, 15 мл",
    "producer": "Гельтек, Россия",
    "active_component": "Натрия гиалуронат, Алоэ вера сок,  глицерин, препараты серы",
    "qrcode": [
      4670014500030,
      4620759220120
    ],
    "url": "https://www.eapteka.ru/goods/id207870/"
  },
  {
    "name": "Ревалгин, раствор для инъекций 5 мл 5 шт",
    "producer": "Шрея Лайф Саенсиз Пвт.Лтд, Индия",
    "active_component": "Метамизол натрия, Питофенон, Фенпивериния бромид",
    "qrcode": [
      8906000572177
    ],
    "url": "https://www.eapteka.ru/goods/id215724/"
  },
  {
    "name": "Левофлоксацин раствор для инфузий 5 мг/мл 100 мл флакон, 1 шт.",
    "producer": "Красфарма ПАО, Россия",
    "active_component": "Левофлоксацин",
    "qrcode": [
      4602824018061,
      "-",
      4602521007429,
      4602521011341
    ],
    "url": "https://www.eapteka.ru/goods/id213446/"
  },
  {
    "name": "Шрот расторопши, 100 г",
    "producer": "Мирролла ООО, Россия",
    "active_component": "",
    "qrcode": [
      4650001796707
    ],
    "url": "https://www.eapteka.ru/goods/id306106/"
  }
]