[
  {
    "name": "АнтиФлу Кидс, пакетики , 5 шт.",
    "producer": "Байер Биттерфельд ГмбХ, Германия",
    "active_component": "",
    "qrcode": [
      4250369500871
    ],
    "url": "https://www.eapteka.ru/goods/id222184/"
  },
  {
    "name": "Фарингосепт, таблетки для рассасывания 10 мг 20 шт",
    "producer": "C.К. Терапия С.А., Румыния",
    "active_component": "Амбазон",
    "qrcode": [
      5944702205279,
      5944702206771
    ],
    "url": "https://www.eapteka.ru/goods/id270380/"
  },
  {
    "name": "Анти-Ангин Формула, пастилки, 24 шт.",
    "producer": "Натур Продукт Европа  Б.В., Нидерланды",
    "active_component": "Тетракаин, Хлоргексидин, Аскорбиновая кислота",
    "qrcode": [
      4601372001945,
      4607013581234
    ],
    "url": "https://www.eapteka.ru/goods/id210307/"
  },
  {
    "name": "Ранавексим, порошок для наружного применения 10 г пак 1 шт",
    "producer": "Авексима Сибирь, Россия",
    "active_component": "Сульфаниламид",
    "qrcode": [
      4607100622550
    ],
    "url": "https://www.eapteka.ru/goods/id514937/"
  },
  {
    "name": "Арника монтана C9, гранулы гомеопатические 4 г",
    "producer": "Лаборатория Буарон, Франция",
    "active_component": "",
    "qrcode": [
      3352719000152
    ],
    "url": "https://www.eapteka.ru/goods/id504946/"
  },
  {
    "name": "Периндоприл-СЗ, таблетки 8 мг 30 шт",
    "producer": "Северная Звезда, Россия",
    "active_component": "Периндоприл",
    "qrcode": [
      4690655009242,
      4690655021077
    ],
    "url": "https://www.eapteka.ru/goods/id265899/"
  },
  {
    "name": "Перинева, таблетки 4 мг 30 шт",
    "producer": "КРКА-РУС, Россия",
    "active_component": "Периндоприл",
    "qrcode": [
      4607055132982
    ],
    "url": "https://www.eapteka.ru/goods/id212305/"
  },
  {
    "name": "Спазмалгон, таблетки   10 шт",
    "producer": "Балканфарма - Дупница АД, Болгария",
    "active_component": "Метамизол натрия, Питофенон, Фенпивериния бромид",
    "qrcode": [
      4607141998690,
      4630013790603,
      3800712840119
    ],
    "url": "https://www.eapteka.ru/goods/id110667/"
  },
  {
    "name": "Каффетин Лайт, таблетки   12 шт",
    "producer": "Алкалоид АД Скопье, Республика Северная Македония",
    "active_component": "Кофеин, Парацетамол, Пропифеназон",
    "qrcode": [
      5310001214340
    ],
    "url": "https://www.eapteka.ru/goods/id294394/"
  },
  {
    "name": "Бронхикум С, пастилки 100 мг 20 шт",
    "producer": "Санофи-Авентис Сп.з о.о., Польша",
    "active_component": "Тимьяна обыкновенного травы экстракт",
    "qrcode": [
      3582910061694
    ],
    "url": "https://www.eapteka.ru/goods/id25113/"
  },
  {
    "name": "Лавомакс, таблетки покрыт.об. 125 мг 3 шт",
    "producer": "Нижфарм АО, Россия",
    "active_component": "Тилорон",
    "qrcode": [
      4601026307157
    ],
    "url": "https://www.eapteka.ru/goods/id266712/"
  },
  {
    "name": "Кальций Д3 Ультра жевательные таблетки со вкусом малины 500 мг ., 100 шт.",
    "producer": "Аклен, Россия",
    "active_component": "",
    "qrcode": [
      4627074810890
    ],
    "url": "https://www.eapteka.ru/goods/id287641/"
  },
  {
    "name": "Хлоргексидина биглюконат р-р 0,05% дез ср-во с уролог насадкой фл, 100 мл",
    "producer": "Южфарм, Россия",
    "active_component": "Хлоргексидин",
    "qrcode": [
      4620008620381,
      4620008624389
    ],
    "url": "https://www.eapteka.ru/goods/id264500/"
  },
  {
    "name": "Глюкофаж Лонг, таблетки с пролонг высвобождением 750 мг 30 шт",
    "producer": "Нанолек/Мерк, Россия",
    "active_component": "Метформин",
    "qrcode": [
      4640017590956,
      3596540130095,
      4640017590185
    ],
    "url": "https://www.eapteka.ru/goods/id214948/"
  },
  {
    "name": "Верошпилактон капсулы 100 мг, 30 шт.",
    "producer": "Алиум АО, Россия",
    "active_component": "Спиронолактон",
    "qrcode": [
      4605077008506,
      4605077011971
    ],
    "url": "https://www.eapteka.ru/goods/id235218/"
  },
  {
    "name": "Акриол Про, крем для наружного применения 2,5% + 2,5% 5 г 1 шт",
    "producer": "Акрихин ХФК АО, Россия",
    "active_component": "Лидокаин, Прилокаин",
    "qrcode": [
      4601969007985
    ],
    "url": "https://www.eapteka.ru/goods/id280031/"
  },
  {
    "name": "Фринозол, спрей назальный 15 мл 1 шт",
    "producer": "Вертекс, Россия",
    "active_component": "Фенилэфрин, Цетиризин",
    "qrcode": [
      4607003249441
    ],
    "url": "https://www.eapteka.ru/goods/id297001/"
  },
  {
    "name": "Систейн ультра, капли глазные     1 шт",
    "producer": "Alcon-Couvreur, Бельгия",
    "active_component": "Полиэтиленгликоль, Пропиленгликоль, Гидроксипропилгуар",
    "qrcode": [
      8427324862961,
      300651439434,
      "-",
      300651439434
    ],
    "url": "https://www.eapteka.ru/goods/id263977/"
  },
  {
    "name": "Блефарогель 1, флакон, 15 мл",
    "producer": "Гельтек, Россия",
    "active_component": "Натрия гиалуронат, Алоэ вера сок,  глицерин",
    "qrcode": [
      4670014500016
    ],
    "url": "https://www.eapteka.ru/goods/id207869/"
  },
  {
    "name": "Панклав 2Х, таблетки покрыт.плен.об. 875 мг+125 мг 14 шт",
    "producer": "Хемофарм А.Д., Сербия",
    "active_component": "Амоксициллин, Клавулановая кислота",
    "qrcode": [
      8600097414319
    ],
    "url": "https://www.eapteka.ru/goods/id227718/"
  }
]