[
  {
    "name": "Лазолван, сироп 30 мг/5 мл 100 мл",
    "producer": "Берингер Ингельхайм Эспана С.А., Испания",
    "active_component": "Амброксол",
    "qrcode": [
      3582910082613,
      3664798002959,
      9006968011479
    ],
    "url": "https://www.eapteka.ru/goods/id26583/"
  },
  {
    "name": "Простудокс лимон, порошок д/приг р-ра д/приема внутрь 5 г   10 шт",
    "producer": "Синтез ОАО, Россия",
    "active_component": "Парацетамол, Фенилэфрин, Аскорбиновая кислота",
    "qrcode": [
      4602565030520
    ],
    "url": "https://www.eapteka.ru/goods/id504070/"
  },
  {
    "name": "Простудокс черная смородина, порошок д/приг р-ра д/приема внутрь 5 г   10 шт",
    "producer": "Синтез ОАО, Россия",
    "active_component": "Парацетамол, Фенилэфрин, Аскорбиновая кислота",
    "qrcode": [
      4602565014292,
      4602565030506
    ],
    "url": "https://www.eapteka.ru/goods/id221644/"
  },
  {
    "name": "Називин Сенситив, спрей назальный дозированный 22,5 мкг/доза 10 мл 1 шт",
    "producer": "Хемомонт Д.О.О, Черногория",
    "active_component": "Оксиметазолин",
    "qrcode": [
      4027269242336,
      4054839084355
    ],
    "url": "https://www.eapteka.ru/goods/id218181/"
  },
  {
    "name": "Млекоин, гранулы гомеопатические 10 г 1 шт",
    "producer": "Материа Медика Холдинг, Россия",
    "active_component": "Гомеопатический состав",
    "qrcode": [
      4607009581026
    ],
    "url": "https://www.eapteka.ru/goods/id125029/"
  },
  {
    "name": "Вертран таблетки 16 мг, 60 шт.",
    "producer": "Белупо,лекарства и косметика д.д, Хорватия",
    "active_component": "Бетагистин",
    "qrcode": [
      3850343012218
    ],
    "url": "https://www.eapteka.ru/goods/id294291/"
  },
  {
    "name": "Стугерон, таблетки 25 мг 50 шт",
    "producer": "Гедеон Рихтер, Венгрия",
    "active_component": "Циннаризин",
    "qrcode": [
      5997001381540
    ],
    "url": "https://www.eapteka.ru/goods/id21955/"
  },
  {
    "name": "Суматриптан-Тева, таблетки покрыт.плен.об. 100 мг 2 шт",
    "producer": "Тева Фармасьютикал Воркс Прайвэт Лимитед Компани, Венгрия",
    "active_component": "Суматриптан",
    "qrcode": [
      5995377657108
    ],
    "url": "https://www.eapteka.ru/goods/id248434/"
  },
  {
    "name": "Нурофен Экспресс, капсулы 200 мг 16 шт",
    "producer": "Рекитт Бенкизер Хелскер, Великобритания",
    "active_component": "Ибупрофен",
    "qrcode": [
      5000158106123
    ],
    "url": "https://www.eapteka.ru/goods/id250763/"
  },
  {
    "name": "Дексаметазон раствор для инъекций 4 мг/мл 1мл ампулы, 25 шт.",
    "producer": "Эллара, Россия",
    "active_component": "Дексаметазон",
    "qrcode": [
      4670008162640
    ],
    "url": "https://www.eapteka.ru/goods/id362525/"
  },
  {
    "name": "Хемомицин, лиофилизат д/приг.р-ра для инфузий 500 мг 1 шт",
    "producer": "Хемофарм А.Д., Сербия",
    "active_component": "Азитромицин",
    "qrcode": [
      8600097412179
    ],
    "url": "https://www.eapteka.ru/goods/id250719/"
  },
  {
    "name": "Флюкостат, капсулы     2 шт",
    "producer": "Фармстандарт-Лексредства, Россия",
    "active_component": "Флуконазол",
    "qrcode": [
      4601669006899
    ],
    "url": "https://www.eapteka.ru/goods/id218345/"
  },
  {
    "name": "АнвиМакс, капсулы 20 шт",
    "producer": "Фармцентр ВИЛАР АО, Россия",
    "active_component": "Парацетамол, Аскорбиновая кислота, Римантадин, Рутозид, Лоратадин, Кальция глюконат",
    "qrcode": [
      4605964004116,
      4605964007193
    ],
    "url": "https://www.eapteka.ru/goods/id227172/"
  },
  {
    "name": "Кардиомагнил, таблетки 150 мг+30,39 мг  30 шт",
    "producer": "Такеда Фармасьютикалс ООО, Россия",
    "active_component": "Ацетилсалициловая кислота, Магния гидроксид",
    "qrcode": [
      4031083005794,
      4602156000086,
      4601026310249
    ],
    "url": "https://www.eapteka.ru/goods/id247193/"
  },
  {
    "name": "Лидокаин-АКОС, спрей для местного и наружного применения дозир 4,6 мг/доза 38 г",
    "producer": "Синтез ОАО, Россия",
    "active_component": "Лидокаин",
    "qrcode": [
      4602565031787
    ],
    "url": "https://www.eapteka.ru/goods/id506785/"
  },
  {
    "name": "Офломелид, мазь   30 г 1 шт",
    "producer": "Синтез ОАО, Россия",
    "active_component": "",
    "qrcode": [
      4602565017248
    ],
    "url": "https://www.eapteka.ru/goods/id214698/"
  },
  {
    "name": "Мирамистин р-р для местн. применения 0.01% уролог аппликатор, флакон 50 мл",
    "producer": "Инфамед К, Россия",
    "active_component": "",
    "qrcode": [
      4650068810040,
      "-",
      4650068810019
    ],
    "url": "https://www.eapteka.ru/goods/id266615/"
  },
  {
    "name": "Некст Уно Экспресс, капсулы 200 мг 20 шт",
    "producer": "Минскинтеркапс, Беларусь",
    "active_component": "Ибупрофен",
    "qrcode": [
      4650070610249,
      4810046003301
    ],
    "url": "https://www.eapteka.ru/goods/id287722/"
  },
  {
    "name": "Найз, таблетки 100 мг 30 шт",
    "producer": "Д-р Редди`с, Индия",
    "active_component": "Нимесулид",
    "qrcode": [
      8901148236615,
      8901148253527,
      "-"
    ],
    "url": "https://www.eapteka.ru/goods/id334606/"
  },
  {
    "name": "Медифокс, гель, 50 г",
    "producer": "Фокс и Ко, Россия",
    "active_component": "",
    "qrcode": [
      4607010330620
    ],
    "url": "https://www.eapteka.ru/goods/id217356/"
  }
]