[
  {
    "name": "Микосист, капсулы 150 мг   2 шт",
    "producer": "Гедеон Рихтер, Венгрия",
    "active_component": "Флуконазол",
    "qrcode": [
      5997001359204,
      4605469003041
    ],
    "url": "https://www.eapteka.ru/goods/id204244/"
  },
  {
    "name": "В.Дикуль бальзам массажный, тюбик, 100 мл",
    "producer": "Фора-Фарм, Россия",
    "active_component": "",
    "qrcode": [
      4607011665837
    ],
    "url": "https://www.eapteka.ru/goods/id218251/"
  },
  {
    "name": "Гексикон, суппозитории вагинальные 16 мг 10 шт.",
    "producer": "Нижфарм АО, Россия",
    "active_component": "Хлоргексидин",
    "qrcode": [
      4601026160905
    ],
    "url": "https://www.eapteka.ru/goods/id205137/"
  },
  {
    "name": "Йодангин таблетки для рассасывания йодно-ментоловые, 32 шт.",
    "producer": "Фарминдустрия, Россия",
    "active_component": "",
    "qrcode": [
      4620002182946,
      4620002182847
    ],
    "url": "https://www.eapteka.ru/goods/id250509/"
  },
  {
    "name": "Вертран таблетки 24 мг, 30 шт.",
    "producer": "Белупо,лекарства и косметика д.д, Хорватия",
    "active_component": "Бетагистин",
    "qrcode": [
      3850343013253
    ],
    "url": "https://www.eapteka.ru/goods/id294292/"
  },
  {
    "name": "Боровая матка, капли, 50 мл",
    "producer": "Нарине, Россия",
    "active_component": "",
    "qrcode": [
      4607068880153
    ],
    "url": "https://www.eapteka.ru/goods/id229014/"
  },
  {
    "name": "Лотосоник, таблетки   20 шт",
    "producer": "Данафа Фармасьютикал Джойнт, Вьетнам",
    "active_component": "Лотос, Ямс, Туя, Финик",
    "qrcode": [
      8934901310079
    ],
    "url": "https://www.eapteka.ru/goods/id215410/"
  },
  {
    "name": "Сафистон, таблетки   20 шт",
    "producer": "Озон, Россия",
    "active_component": "Кофеин, Парацетамол, Пропифеназон",
    "qrcode": [
      4607027768386
    ],
    "url": "https://www.eapteka.ru/goods/id352737/"
  },
  {
    "name": "Декскетопрофен-СЗ таблетки покрыт плен. об. 25 мг, 10 шт.",
    "producer": "Северная Звезда, Россия",
    "active_component": "Декскетопрофен",
    "qrcode": [
      4690655019166
    ],
    "url": "https://www.eapteka.ru/goods/id484871/"
  },
  {
    "name": "Элюфор, капсулы 200 мг   12 шт",
    "producer": "Озон, Россия",
    "active_component": "Нифуроксазид",
    "qrcode": [
      4680020180874
    ],
    "url": "https://www.eapteka.ru/goods/id294654/"
  },
  {
    "name": "Немозол, суспензия для приема внутрь 100 мг/5 мл  20 мл 1 шт",
    "producer": "Ипка Лабораториз Лимитед, Индия",
    "active_component": "Албендазол",
    "qrcode": [
      8901079004468
    ],
    "url": "https://www.eapteka.ru/goods/id207211/"
  },
  {
    "name": "Медрол таблетки 32 мг, 20 шт.",
    "producer": "Пфайзер, Пуэрто-Рико",
    "active_component": "Метилпреднизолон",
    "qrcode": [
      4601951000697,
      4607131045250
    ],
    "url": "https://www.eapteka.ru/goods/id113566/"
  },
  {
    "name": "Флюстоп сироп Первоцвета от кашля, 150 мл",
    "producer": "Мирролла Лаб, Россия",
    "active_component": "",
    "qrcode": [
      4630061870296
    ],
    "url": "https://www.eapteka.ru/goods/id506287/"
  },
  {
    "name": "Шалфей, таблетки для рассасывания   20 шт",
    "producer": "Натур Продукт Европа  Б.В., Нидерланды",
    "active_component": "Шалфея лек. листьев экстракт",
    "qrcode": [
      4601372001655,
      4607013581494
    ],
    "url": "https://www.eapteka.ru/goods/id103053/"
  },
  {
    "name": "Карведилол-Тева, таблетки 25 мг 30 шт.",
    "producer": "Тева Оперейшнс Поланд Сп. з о.о., Польша",
    "active_component": "Карведилол",
    "qrcode": [
      5900004074333,
      3850114228077
    ],
    "url": "https://www.eapteka.ru/goods/id215694/"
  },
  {
    "name": "Пиразидол, таблетки 25 мг 50 шт",
    "producer": "Фармстандарт-Лексредства, Россия",
    "active_component": "Пирлиндол",
    "qrcode": [
      4601669005571
    ],
    "url": "https://www.eapteka.ru/goods/id231055/"
  },
  {
    "name": "Спазмалгон Эффект, таблетки покрыт.плен.об.   10 шт",
    "producer": "Балканфарма - Дупница АД, Болгария",
    "active_component": "Парацетамол, Напроксен, Кофеин, Дротаверин, Фенирамин",
    "qrcode": [
      3850114240239
    ],
    "url": "https://www.eapteka.ru/goods/id361605/"
  },
  {
    "name": "Кетопрофен-Вертекс гель для наружного применения 5%, 50 г",
    "producer": "Вертекс, Россия",
    "active_component": "Кетопрофен",
    "qrcode": [
      4670033320404
    ],
    "url": "https://www.eapteka.ru/goods/id221728/"
  },
  {
    "name": "Нимесулид-Вертекс гель для наружного применения 1%, 50 г",
    "producer": "Вертекс, Россия",
    "active_component": "Нимесулид",
    "qrcode": [
      4670033320893
    ],
    "url": "https://www.eapteka.ru/goods/id513583/"
  },
  {
    "name": "Слабилен, таблетки покрыт.плен.об. 5 мг 20 шт",
    "producer": "Верофарм АО, Россия",
    "active_component": "Натрия пикосульфат",
    "qrcode": [
      4607083727853
    ],
    "url": "https://www.eapteka.ru/goods/id250690/"
  }
]