[
  {
    "name": "Фарингосепт, таблетки для рассасывания 10 мг 20 шт",
    "producer": "C.К. Терапия С.А., Румыния",
    "active_component": "Амбазон",
    "qrcode": [
      5944702206733,
      5944702001161
    ],
    "url": "https://www.eapteka.ru/goods/id210301/"
  },
  {
    "name": "Ксилонг, спрей назальный дозированный 0,1 мг+5 мг/доза 15 мл 1 шт",
    "producer": "Фармстандарт-Лексредства, Россия",
    "active_component": "Ксилометазолин, [Декспантенол]",
    "qrcode": [
      4601669013958,
      "-"
    ],
    "url": "https://www.eapteka.ru/goods/id361619/"
  },
  {
    "name": "Эмоксипин, капли глазные 1 % 5 мл 1 шт",
    "producer": "Фирма Фермент, Россия",
    "active_component": "Метилэтилпиридинол",
    "qrcode": [
      4660018820098,
      4640108950010,
      "-"
    ],
    "url": "https://www.eapteka.ru/goods/id204157/"
  },
  {
    "name": "Незулин крем-гель, 30 мл",
    "producer": "ВИС ООО, Россия",
    "active_component": "",
    "qrcode": [
      4660014120499,
      "-",
      4607039970364,
      4607039973617,
      4660014120444,
      4670030870070
    ],
    "url": "https://www.eapteka.ru/goods/id221484/"
  },
  {
    "name": "Д-Пантенол, мазь для наружного применения 5 % 25 г 1 шт",
    "producer": "Озон, Россия",
    "active_component": "Декспантенол",
    "qrcode": [
      4607027766481
    ],
    "url": "https://www.eapteka.ru/goods/id268429/"
  },
  {
    "name": "Диротон, таблетки 20 мг, 28 шт.",
    "producer": "Гедеон Рихтер-Рус, Россия",
    "active_component": "Лизиноприл",
    "qrcode": [
      4605469003003,
      4605469001702
    ],
    "url": "https://www.eapteka.ru/goods/id117456/"
  },
  {
    "name": "Вольтарен, трансдермальная система 30 мг/сут 2 шт",
    "producer": "Доджин Ияку-Како Ко.Лтд.,Фабрика Фукусима, Япония",
    "active_component": "Диклофенак",
    "qrcode": [
      4607045191258
    ],
    "url": "https://www.eapteka.ru/goods/id225489/"
  },
  {
    "name": "Гастрофарм, таблетки   18 шт",
    "producer": "Биовет АО, Болгария",
    "active_component": "Субстанция из высушенных жизнеспособных клеток лактобацилюс",
    "qrcode": [
      3800043700526
    ],
    "url": "https://www.eapteka.ru/goods/id210149/"
  },
  {
    "name": "Омнитус, сироп 0,8 мг/мл, 200 мл",
    "producer": "Хемофарм А.Д., Сербия",
    "active_component": "Бутамират",
    "qrcode": [
      8600097001007
    ],
    "url": "https://www.eapteka.ru/goods/id222138/"
  },
  {
    "name": "Гексикон, таблетки вагинальные 16 мг 10 шт",
    "producer": "Хемофарм ООО, Россия",
    "active_component": "Хлоргексидин",
    "qrcode": [
      4610011970023,
      4607143560925
    ],
    "url": "https://www.eapteka.ru/goods/id235053/"
  },
  {
    "name": "Протаргол, порошок для наружного применения 10 мл   1 шт",
    "producer": "Кировская фармфабрика, Россия",
    "active_component": "Серебра протеинат",
    "qrcode": [
      4603256009177
    ],
    "url": "https://www.eapteka.ru/goods/id470139/"
  },
  {
    "name": "МестаМидин-сенс Daily р-р для наружного применения флакон-спрей без канюли, 50 мл",
    "producer": "Гротекс ООО, Россия",
    "active_component": "Октенидин дигидрохлорид ,  Феноксиэтанол",
    "qrcode": [
      4680013247645,
      "-",
      4680013247621,
      "*"
    ],
    "url": "https://www.eapteka.ru/goods/id287682/"
  },
  {
    "name": "Глибенфаж, таблетки покрыт.плен.об. 5 мг+500 мг 30 шт",
    "producer": "Фармасинтез-Тюмень, Россия",
    "active_component": "Глибенкламид, Метформин",
    "qrcode": [
      4620017863205
    ],
    "url": "https://www.eapteka.ru/goods/id338548/"
  },
  {
    "name": "Бисопролол-Тева, таблетки покрыт.плен.об. 10 мг 50 шт",
    "producer": "Тева ООО, Россия",
    "active_component": "Бисопролол",
    "qrcode": [
      5995377470110,
      4670016770202
    ],
    "url": "https://www.eapteka.ru/goods/id213466/"
  },
  {
    "name": "Колдакт с витамином С, таблетки покрыт.плен.об.   10 шт",
    "producer": "Сан Фармасьютикал Индастриз Лтд, Индия",
    "active_component": "Парацетамол, Фенилэфрин, Хлорфенамин, [Аскорбиновая кислота]",
    "qrcode": [
      4601764007432,
      4601764007439
    ],
    "url": "https://www.eapteka.ru/goods/id345218/"
  },
  {
    "name": "Кагоцел, таблетки 12 мг 10 шт",
    "producer": "Ниармедик Фарма, Россия",
    "active_component": "Кагоцел",
    "qrcode": [
      4605340000312,
      4610020540019
    ],
    "url": "https://www.eapteka.ru/goods/id208826/"
  },
  {
    "name": "Доксазозин-ФПО таблетки 4 мг, 30 шт.",
    "producer": "Оболенское ФП АО, Россия",
    "active_component": "Доксазозин",
    "qrcode": [
      4605077011711,
      4605077014880,
      4605077002627
    ],
    "url": "https://www.eapteka.ru/goods/id250466/"
  },
  {
    "name": "Рамиприл-Акрихин, таблетки 5 мг 30 шт",
    "producer": "Акрихин ХФК АО, Россия",
    "active_component": "Рамиприл",
    "qrcode": [
      4601969007879
    ],
    "url": "https://www.eapteka.ru/goods/id338783/"
  },
  {
    "name": "Торасемид-СЗ, таблетки 5 мг 60 шт",
    "producer": "Северная Звезда, Россия",
    "active_component": "Торасемид",
    "qrcode": [
      4690655012914,
      4690655020926
    ],
    "url": "https://www.eapteka.ru/goods/id260262/"
  },
  {
    "name": "Торасемид, таблетки 5 мг 20 шт",
    "producer": "Озон, Россия",
    "active_component": "Торасемид",
    "qrcode": [
      4680020183486
    ],
    "url": "https://www.eapteka.ru/goods/id504195/"
  }
]