[
  {
    "name": "Дексаметазон, таблетки 0,5 мг 56",
    "producer": "Обновление ПФК АО, Россия",
    "active_component": "Дексаметазон",
    "qrcode": [
      4603988013596
    ],
    "url": "https://www.eapteka.ru/goods/id278904/"
  },
  {
    "name": "Тромбо АСС, таблетки кишечнораст.покрыт.плен.об. 50 мг 28 шт",
    "producer": "Г.Л.Фарма ГмбХ, Австрия",
    "active_component": "Ацетилсалициловая кислота",
    "qrcode": [
      9008732004502,
      4607013581142
    ],
    "url": "https://www.eapteka.ru/goods/id223206/"
  },
  {
    "name": "Каптоприл, таблетки 50 мг, 40 шт.",
    "producer": "Озон, Россия",
    "active_component": "Каптоприл",
    "qrcode": [
      4607027767280
    ],
    "url": "https://www.eapteka.ru/goods/id295501/"
  },
  {
    "name": "Гидрохлоротиазид, таблетки 25 мг 20 шт.",
    "producer": "Озон, Россия",
    "active_component": "Гидрохлоротиазид",
    "qrcode": [
      4607027766726
    ],
    "url": "https://www.eapteka.ru/goods/id242881/"
  },
  {
    "name": "Амоксициллин, капсулы 250 мг, 16 шт.",
    "producer": "Хемофарм А.Д., Сербия",
    "active_component": "Амоксициллин",
    "qrcode": [
      8600097300391
    ],
    "url": "https://www.eapteka.ru/goods/id105239/"
  },
  {
    "name": "Офлоксацин, таблетки покрыт.плен.об. 400 мг 10 шт",
    "producer": "Озон, Россия",
    "active_component": "Офлоксацин",
    "qrcode": [
      4607027765316,
      4680020183516
    ],
    "url": "https://www.eapteka.ru/goods/id228768/"
  },
  {
    "name": "Стрептоцид, порошок для наружного применения     1 шт",
    "producer": "Люми, Россия",
    "active_component": "Сульфаниламид",
    "qrcode": [
      4634444073908,
      "-",
      4607004430558
    ],
    "url": "https://www.eapteka.ru/goods/id228782/"
  },
  {
    "name": "Аспаркам Renewal, таблетки   24 шт",
    "producer": "Обновление ПФК АО, Россия",
    "active_component": "Калия и магния аспарагинат",
    "qrcode": [
      4603988016306
    ],
    "url": "https://www.eapteka.ru/goods/id362427/"
  },
  {
    "name": "Тромбо АСС, таблетки кишечнораст.покрыт.плен.об. 100 мг 28 шт",
    "producer": "Г.Л.Фарма ГмбХ, Австрия",
    "active_component": "Ацетилсалициловая кислота",
    "qrcode": [
      9008732004519,
      4607013581425
    ],
    "url": "https://www.eapteka.ru/goods/id223205/"
  },
  {
    "name": "Натрия хлорид-СОЛОфарм Полифлак Домус, раствор для инфузий 0,9 % 200 мл 1 шт",
    "producer": "Гротекс ООО, Россия",
    "active_component": "Натрия хлорид",
    "qrcode": [
      4680013240110,
      "-",
      "*"
    ],
    "url": "https://www.eapteka.ru/goods/id280042/"
  },
  {
    "name": "Витатека Фитосвеча ушная классическая 2 шт., 2 шт.",
    "producer": "Реамед, Россия",
    "active_component": "Пчелиный воск",
    "qrcode": [
      4607045500043,
      "-",
      4607045500135
    ],
    "url": "https://www.eapteka.ru/goods/id221480/"
  },
  {
    "name": "Дигоксин таблетки 0,25 мг, 50 шт.",
    "producer": "Гедеон Рихтер, Венгрия",
    "active_component": "Дигоксин",
    "qrcode": [
      4605469000743
    ],
    "url": "https://www.eapteka.ru/goods/id233359/"
  },
  {
    "name": "Парацетамол, раствор для приема внутрь 100 мл   1 шт",
    "producer": "Розлекс Фарм, Россия",
    "active_component": "Парацетамол",
    "qrcode": [
      4640018642067
    ],
    "url": "https://www.eapteka.ru/goods/id507259/"
  },
  {
    "name": "Перца стручкового, настойка 25 мл   1 шт",
    "producer": "Тверская фармфабрика, Россия",
    "active_component": "Перца стручкового плодов настойка",
    "qrcode": [
      4603373003652
    ],
    "url": "https://www.eapteka.ru/goods/id86716/"
  },
  {
    "name": "Ацетилцистеин Канон, гранулы для пригот. р-ра  для приема внутрь 100 мг",
    "producer": "Канонфарма продакшн ЗАО, Россия",
    "active_component": "Ацетилцистеин",
    "qrcode": [
      4606486025276
    ],
    "url": "https://www.eapteka.ru/goods/id259058/"
  },
  {
    "name": "Магния сульфат раствор для в/в введ.250 мг/мл 10 мл амп, 10 шт.",
    "producer": "Дальхимфарм, Россия",
    "active_component": "Магния сульфат",
    "qrcode": [
      4602824000097,
      "-",
      4602824023515
    ],
    "url": "https://www.eapteka.ru/goods/id52863/"
  },
  {
    "name": "Окумед, капли глазные 0,5 % 5 мл 1 шт",
    "producer": "Сентисс Фарма Пвт.Лтд, Индия",
    "active_component": "Тимолол",
    "qrcode": [
      8901236004805,
      8901236004802
    ],
    "url": "https://www.eapteka.ru/goods/id125284/"
  },
  {
    "name": "Ципрофлоксацин-Оптик, капли глазные 0,3 % 5 мл 1 шт",
    "producer": "Лекко ЗАО, Россия",
    "active_component": "Ципрофлоксацин",
    "qrcode": [
      4603671003231
    ],
    "url": "https://www.eapteka.ru/goods/id326945/"
  },
  {
    "name": "Ципролет, капли глазные 3 мг/мл 5 мл 1 шт",
    "producer": "Д-р Редди`с, Индия",
    "active_component": "Ципрофлоксацин",
    "qrcode": [
      8901148220713,
      8901148012582
    ],
    "url": "https://www.eapteka.ru/goods/id28007/"
  },
  {
    "name": "Стрептоцид, порошок для наружного применения     1 шт",
    "producer": "Тульская фармфабрика, Россия",
    "active_component": "Сульфаниламид",
    "qrcode": [
      4603905001477
    ],
    "url": "https://www.eapteka.ru/goods/id233828/"
  }
]