[
  {
    "name": "Сердечные травы, таблетки, 30 шт.",
    "producer": "ЛЕОВИТ нутрио, Россия",
    "active_component": "",
    "qrcode": [
      4607041068233
    ],
    "url": "https://www.eapteka.ru/goods/id220290/"
  },
  {
    "name": "Холензим, таблетки   50 шт",
    "producer": "Белмедпрепараты, Беларусь",
    "active_component": "",
    "qrcode": [
      4810133003788
    ],
    "url": "https://www.eapteka.ru/goods/id18683/"
  },
  {
    "name": "Алтейка, сироп 130 г 1 шт",
    "producer": "ЭкоФлор, Россия",
    "active_component": "Алтея корней экстракт",
    "qrcode": [
      4607072200053
    ],
    "url": "https://www.eapteka.ru/goods/id221900/"
  },
  {
    "name": "Аторвастатин таблетки покрыт.плен.об. 20 мг, 30 шт.",
    "producer": "Озон, Россия",
    "active_component": "Аторвастатин",
    "qrcode": [
      4607027766436
    ],
    "url": "https://www.eapteka.ru/goods/id503996/"
  },
  {
    "name": "Феррум Лек, таблетки жевательные 100 мг   30 шт",
    "producer": "Лек д.д., Словения",
    "active_component": "",
    "qrcode": [
      3838957075867
    ],
    "url": "https://www.eapteka.ru/goods/id204743/"
  },
  {
    "name": "Вертум Лор спрей для местного применения дозированный 0,255 мг/доза фл., 40 мл",
    "producer": "Вертекс, Россия",
    "active_component": "Бензидамин",
    "qrcode": [
      4607003249885
    ],
    "url": "https://www.eapteka.ru/goods/id502771/"
  },
  {
    "name": "Гинкго Билоба-ВИС капсулы 0,4 г, 30 шт.",
    "producer": "ВИС ООО, Россия",
    "active_component": "",
    "qrcode": [
      4607039971095
    ],
    "url": "https://www.eapteka.ru/goods/id512616/"
  },
  {
    "name": "Норфлоксацин, таблетки покрыт.плен.об. 400 мг 10 шт",
    "producer": "Алиум АО, Россия",
    "active_component": "Норфлоксацин",
    "qrcode": [
      4605077003778,
      4605077014712
    ],
    "url": "https://www.eapteka.ru/goods/id225616/"
  },
  {
    "name": "Микохил крем для ног с ментолом, 75 мл",
    "producer": "Косметик Энд Бюти Стор, Россия",
    "active_component": "",
    "qrcode": [
      4665306302621
    ],
    "url": "https://www.eapteka.ru/goods/id505724/"
  },
  {
    "name": "Гриппферон, капли в нос 10000 ме/мл , 10 мл",
    "producer": "Фирн М, Россия",
    "active_component": "Интерферон альфа-2b",
    "qrcode": [
      4606207000025
    ],
    "url": "https://www.eapteka.ru/goods/id119115/"
  },
  {
    "name": "Рабепразол-Вертекс, капсулы кишечнорастворимые 20 мг   14 шт",
    "producer": "Вертекс, Россия",
    "active_component": "Рабепразол",
    "qrcode": [
      4670033320800
    ],
    "url": "https://www.eapteka.ru/goods/id513601/"
  },
  {
    "name": "Форлакс, порошок д/приг р-ра д/приема внутрь 10 г 20 шт",
    "producer": "Бофур Ипсен Индастри, Франция",
    "active_component": "Макрогол",
    "qrcode": [
      3665585003210,
      3582183899789
    ],
    "url": "https://www.eapteka.ru/goods/id204349/"
  },
  {
    "name": "Бромгексин 8 Берлин-Хеми таблетки покрыт об. 8 мг, 25 шт.",
    "producer": "Берлин-Фарма, Россия",
    "active_component": "Бромгексин",
    "qrcode": [
      4013054001103,
      4630011650312
    ],
    "url": "https://www.eapteka.ru/goods/id22366/"
  },
  {
    "name": "Аторвастатин-СЗ таблетки покрыт.плен.об. 40 мг 30 шт., упак.",
    "producer": "Северная Звезда, Россия",
    "active_component": "Аторвастатин",
    "qrcode": [
      4690655008528,
      4690655021145
    ],
    "url": "https://www.eapteka.ru/goods/id265890/"
  },
  {
    "name": "Мастофитон, фильтрпакетики, 20 шт.",
    "producer": "Здоровье нации, Россия",
    "active_component": "",
    "qrcode": [
      4605655000113
    ],
    "url": "https://www.eapteka.ru/goods/id210164/"
  },
  {
    "name": "Стрепсилс с витамином С, таблетки для рассасывания 24 шт",
    "producer": "Рекитт Бенкизер Хелскер, Великобритания",
    "active_component": "Амилметакрезол, Дихлорбензиловый спирт ,  Аскорбиновая кислота",
    "qrcode": [
      5000158103733
    ],
    "url": "https://www.eapteka.ru/goods/id20776/"
  },
  {
    "name": "Небиволол-Вертекс, таблетки 5 мг 14 шт",
    "producer": "Вертекс, Россия",
    "active_component": "Небиволол",
    "qrcode": [
      4607003248345,
      4670033320534
    ],
    "url": "https://www.eapteka.ru/goods/id263217/"
  },
  {
    "name": "Беталок Зок, таблетки с пролонг. высвобож покрыт.об 50 мг 30 шт",
    "producer": "АстраЗенека Индастриз ООО, Россия",
    "active_component": "Метопролол",
    "qrcode": [
      4607085318714,
      4670012610182
    ],
    "url": "https://www.eapteka.ru/goods/id105058/"
  },
  {
    "name": "Неулептил, капсулы 10 мг 50 шт",
    "producer": "Фамар Хелс Кейр Сервисез Мадрид С.А.У., Испания",
    "active_component": "Перициазин",
    "qrcode": [
      3587080001532,
      3664798010831
    ],
    "url": "https://www.eapteka.ru/goods/id29258/"
  },
  {
    "name": "Ремантадин, таблетки 50 мг 20 шт",
    "producer": "Олайнфарм, Латвия",
    "active_component": "Римантадин",
    "qrcode": [
      4750258315369,
      4750258240128
    ],
    "url": "https://www.eapteka.ru/goods/id33435/"
  }
]