[
  {
    "name": "Алфупрост МР, таблетки с пролонг.высвобож покрыт.об 10 мг 30 шт",
    "producer": "Сан Фармасьютикал Индастриз Лтд, Индия",
    "active_component": "Алфузозин",
    "qrcode": [
      4601764005452
    ],
    "url": "https://www.eapteka.ru/goods/id225452/"
  },
  {
    "name": "Теймурова жидкое мыло-антиперспирант, 150 мл",
    "producer": "Зеленая Дубрава, Россия",
    "active_component": "",
    "qrcode": [
      4605370014976
    ],
    "url": "https://www.eapteka.ru/goods/id497962/"
  },
  {
    "name": "Формула Сна, чай, фильтрпакетики, 1,5 г, 20 шт.",
    "producer": "Эвалар, Россия",
    "active_component": "",
    "qrcode": [
      4602242007241
    ],
    "url": "https://www.eapteka.ru/goods/id229175/"
  },
  {
    "name": "Доксициклин Экспресстаблетки диспергируемые 100 мг, 10 шт.",
    "producer": "Фармстандарт-Лексредства, Россия",
    "active_component": "Доксициклин",
    "qrcode": [
      4601669013866
    ],
    "url": "https://www.eapteka.ru/goods/id361617/"
  },
  {
    "name": "Энзистал, таблетки кишечнораст.покрыт.плен.об.   20 шт",
    "producer": "Торрент Фармасьютикалс Лтд, Индия",
    "active_component": "Гемицеллюлаза, Желчи компоненты, Панкреатин",
    "qrcode": [
      4602656000906,
      8903855002835
    ],
    "url": "https://www.eapteka.ru/goods/id208154/"
  },
  {
    "name": "Стрепсилс с согревающим эффектом, таблетки для рассасывания 24 шт",
    "producer": "Рекитт Бенкизер Хелскер, Великобритания",
    "active_component": "Амилметакрезол, Дихлорбензиловый спирт, Левоментол",
    "qrcode": [
      5000158103993
    ],
    "url": "https://www.eapteka.ru/goods/id227423/"
  },
  {
    "name": "Коронал, таблетки покрыт.плен.об. 5 мг 100 шт",
    "producer": "Санека Фармасьютикалс а.с., Словакия",
    "active_component": "Бисопролол",
    "qrcode": [
      8584005101303,
      3582910091042
    ],
    "url": "https://www.eapteka.ru/goods/id227076/"
  },
  {
    "name": "Пикамилон, раствор для приема внутрь 4 мг/мл 100 мл 1 шт",
    "producer": "Фармстандарт-Лексредства, Россия",
    "active_component": "Никотиноил гамма-аминомасляная кислота",
    "qrcode": [
      4601669015013
    ],
    "url": "https://www.eapteka.ru/goods/id511034/"
  },
  {
    "name": "Алмагель, суспензия для приема внутрь 170 мл 1 шт",
    "producer": "Балканфарма - Троян АД, Болгария",
    "active_component": "Алгелдрат, Магния гидроксид",
    "qrcode": [
      3800009121075,
      3800009121082
    ],
    "url": "https://www.eapteka.ru/goods/id116884/"
  },
  {
    "name": "Йокс-Тева, спрей для местного применения 30 мл 1 шт",
    "producer": "Тева Чешские Предприятия с.р.о., Чешская Республика",
    "active_component": "Аллантоин, Повидон-Йод",
    "qrcode": [
      8594737235016,
      8594737200212
    ],
    "url": "https://www.eapteka.ru/goods/id104047/"
  },
  {
    "name": "Суприма-Лор Апельсин, таблетки для рассасывания 16 шт",
    "producer": "Шрея Лайф Саенсиз Пвт.Лтд, Индия",
    "active_component": "Амилметакрезол, Дихлорбензиловый спирт",
    "qrcode": [
      8906000570661
    ],
    "url": "https://www.eapteka.ru/goods/id230932/"
  },
  {
    "name": "Фурацилин концентрат д/пригот р-ра для мест и наруж применения 4 мг/мл фл, концентрат для р-ра для наружн.прим. 4 мг/мл 200 мл 1 шт",
    "producer": "Фармстандарт-Лексредства, Россия",
    "active_component": "Нитрофурал",
    "qrcode": [
      4601669014221
    ],
    "url": "https://www.eapteka.ru/goods/id359416/"
  },
  {
    "name": "Моксонидин-СЗ, таблетки покрыт.плен.об. 0,4 мг 30 шт",
    "producer": "Северная Звезда, Россия",
    "active_component": "Моксонидин",
    "qrcode": [
      4690655009754,
      4690655021305
    ],
    "url": "https://www.eapteka.ru/goods/id297022/"
  },
  {
    "name": "Престариум А, таблетки 10 мг 30 шт",
    "producer": "Сервье Рус ООО, Россия",
    "active_component": "Периндоприл",
    "qrcode": [
      4607159860422
    ],
    "url": "https://www.eapteka.ru/goods/id209803/"
  },
  {
    "name": "Пароксетин, таблетки 20 мг 30 шт",
    "producer": "Реплек Фарм, Республика Северная Македония",
    "active_component": "Пароксетин",
    "qrcode": [
      4607146760926
    ],
    "url": "https://www.eapteka.ru/goods/id210425/"
  },
  {
    "name": "Колдрекс МаксГрипп со вкусом лимона, порошок д/приг р-ра д/приема внутрь 6 г 5 шт",
    "producer": "СмитКляйн Бичем С.А., Испания",
    "active_component": "Парацетамол, Фенилэфрин, Аскорбиновая кислота",
    "qrcode": [
      4602233002101
    ],
    "url": "https://www.eapteka.ru/goods/id206770/"
  },
  {
    "name": "Диклофенак-Акри гель 1%, 40 г",
    "producer": "Акрихин ХФК АО, Россия",
    "active_component": "Диклофенак",
    "qrcode": [
      4601969007329,
      "-"
    ],
    "url": "https://www.eapteka.ru/goods/id230992/"
  },
  {
    "name": "Пассажикс, таблетки жевательные 10 мг   30 шт",
    "producer": "Оболенское ФП АО, Россия",
    "active_component": "Домперидон",
    "qrcode": [
      4605077003891,
      4605077008735,
      4605077015016
    ],
    "url": "https://www.eapteka.ru/goods/id218523/"
  },
  {
    "name": "Винилин (Шостаковского бальзам), жидкость для наружного применения , 100 г",
    "producer": "Ивановская фармфабрика, Россия",
    "active_component": "Поливинокс",
    "qrcode": [
      4603184004350
    ],
    "url": "https://www.eapteka.ru/goods/id294308/"
  },
  {
    "name": "Милдовел раствор для инъекций 100 мг/мл 5 мл ампулы, 10 шт.",
    "producer": "Велфарм, Россия",
    "active_component": "Мельдоний",
    "qrcode": [
      4650099784693
    ],
    "url": "https://www.eapteka.ru/goods/id503196/"
  }
]