[
  {
    "name": "Бидоп, таблетки 5 мг, 56 шт.",
    "producer": "Гедеон Рихтер-Рус, Россия",
    "active_component": "Бисопролол",
    "qrcode": [
      4605469002204,
      4605469003164
    ],
    "url": "https://www.eapteka.ru/goods/id210833/"
  },
  {
    "name": "Мелатонин 3мг Эркафарм, 30 шт.",
    "producer": "Мирролла Лаб, Россия",
    "active_component": "",
    "qrcode": [
      4630061870371
    ],
    "url": "https://www.eapteka.ru/goods/id506317/"
  },
  {
    "name": "Атровент Н, аэрозоль для ингаляций 20 мкг/доза 200 доз",
    "producer": "Берингер Ингельхайм Фарма ГмбХ и Ко.КГ, Германия",
    "active_component": "Ипратропия бромид",
    "qrcode": [
      9006968003115
    ],
    "url": "https://www.eapteka.ru/goods/id26067/"
  },
  {
    "name": "Конкор, таблетки покрыт.плен.об. 10 мг 30 шт",
    "producer": "Россия",
    "active_component": "Бисопролол",
    "qrcode": [
      4022536645902,
      "-",
      4640017591151
    ],
    "url": "https://www.eapteka.ru/goods/id24441/"
  },
  {
    "name": "Суматриптан таблетки покрыт.плен.об. 100 мг, таблетки покрыт.плен.об. 100 мг 2 шт",
    "producer": "Озон, Россия",
    "active_component": "Суматриптан",
    "qrcode": [
      4607027769178
    ],
    "url": "https://www.eapteka.ru/goods/id288224/"
  },
  {
    "name": "Левофлоксацин раствор для инфузий 5 мг/мл 100 мл флакон, 1 шт.",
    "producer": "Дальхимфарм, Россия",
    "active_component": "Левофлоксацин",
    "qrcode": [
      4602824018061
    ],
    "url": "https://www.eapteka.ru/goods/id312966/"
  },
  {
    "name": "Генферон лайт, капли назальные 10000 ме/мл+0.8 мг/мл 10 мл",
    "producer": "Фармстандарт-УфаВИТА, Россия",
    "active_component": "Интерферон альфа-2b, Таурин",
    "qrcode": [
      4607028395970,
      4607028393891
    ],
    "url": "https://www.eapteka.ru/goods/id293393/"
  },
  {
    "name": "Амбробене Стоптуссин капли для приема внутрь, 10 мл",
    "producer": "Тева Чешские Предприятия с.р.о., Чешская Республика",
    "active_component": "Бутамират, Гвайфенезин",
    "qrcode": [
      8594737248719
    ],
    "url": "https://www.eapteka.ru/goods/id326284/"
  },
  {
    "name": "Ларипронт, таблетки   20 шт",
    "producer": "Генрих Мак Наследник, Германия",
    "active_component": "Деквалиния хлорид ,  Лизоцима гидрохлорид",
    "qrcode": [
      6221088010253
    ],
    "url": "https://www.eapteka.ru/goods/id23671/"
  },
  {
    "name": "АкваРоса+ Спрей назальный гипертонический раствор 2%, 50 мл",
    "producer": "КС Трейд, Россия",
    "active_component": "",
    "qrcode": [
      4650071280366
    ],
    "url": "https://www.eapteka.ru/goods/id502257/"
  },
  {
    "name": "Анаферон, таблетки   20 шт",
    "producer": "Материа Медика Холдинг, Россия",
    "active_component": "Антитела",
    "qrcode": [
      4607009581187,
      4607009582245
    ],
    "url": "https://www.eapteka.ru/goods/id206521/"
  },
  {
    "name": "Глимепирид Канон таблетки 2 мг, 30 шт.",
    "producer": "Канонфарма продакшн ЗАО, Россия",
    "active_component": "Глимепирид",
    "qrcode": [
      4606486015642,
      4606486015680
    ],
    "url": "https://www.eapteka.ru/goods/id228033/"
  },
  {
    "name": "Доксазозин, таблетки 4 мг 30 шт.",
    "producer": "Озон, Россия",
    "active_component": "Доксазозин",
    "qrcode": [
      4607027768454
    ],
    "url": "https://www.eapteka.ru/goods/id294358/"
  },
  {
    "name": "Максиколд Рино, пакетики, со вкусом апельсина, 10 шт.",
    "producer": "Фармстандарт-Лексредства, Россия",
    "active_component": "Парацетамол, Фенилэфрин, Фенирамин, Аскорбиновая кислота",
    "qrcode": [
      4601669006011
    ],
    "url": "https://www.eapteka.ru/goods/id219454/"
  },
  {
    "name": "Зодак таблетки покрыт.плен.об. 10 мг, 30 шт.",
    "producer": "Зентива к.с, Чешская Республика",
    "active_component": "Цетиризин",
    "qrcode": [
      8594739224612,
      8594739055421
    ],
    "url": "https://www.eapteka.ru/goods/id207064/"
  },
  {
    "name": "Леовит Кисель Общеукрепляющий 20 г пакеты, 5 шт.",
    "producer": "ЛЕОВИТ нутрио, Россия",
    "active_component": "",
    "qrcode": [
      4607041069711
    ],
    "url": "https://www.eapteka.ru/goods/id506969/"
  },
  {
    "name": "Сабельник, пачка, 50 г",
    "producer": "Эвалар, Россия",
    "active_component": "",
    "qrcode": [
      4602242003731
    ],
    "url": "https://www.eapteka.ru/goods/id210173/"
  },
  {
    "name": "Седальгин Плюс, таблетки   20 шт",
    "producer": "Балканфарма - Троян АД, Болгария",
    "active_component": "",
    "qrcode": [
      3800712041721
    ],
    "url": "https://www.eapteka.ru/goods/id233579/"
  },
  {
    "name": "Амоксициллин ЭКСПРЕСС таблетки диспергируемые 500 мг, 20 шт.",
    "producer": "Лекко ЗАО, Россия",
    "active_component": "Амоксициллин",
    "qrcode": [
      4603671003439
    ],
    "url": "https://www.eapteka.ru/goods/id359409/"
  },
  {
    "name": "Симетикон с фенхелем капсулы, 25 шт.",
    "producer": "Эвалар, Россия",
    "active_component": "",
    "qrcode": [
      4602242009818
    ],
    "url": "https://www.eapteka.ru/goods/id278489/"
  }
]