[
  {
    "name": "Максиколд Рино, пакетики, со вкусом лимона, 10 шт.",
    "producer": "Фармстандарт-Лексредства, Россия",
    "active_component": "Парацетамол, Фенилэфрин, Фенирамин, Аскорбиновая кислота",
    "qrcode": [
      4601669006035
    ],
    "url": "https://www.eapteka.ru/goods/id219452/"
  },
  {
    "name": "Натургриппин, саше для детей 3 г, 10 шт.",
    "producer": "Эвалар, Россия",
    "active_component": "",
    "qrcode": [
      4602242005841
    ],
    "url": "https://www.eapteka.ru/goods/id229156/"
  },
  {
    "name": "Звездочка таблетки для рассасывания, 2,4 г мед-лимон 18 шт.",
    "producer": "Сидлер Ремедиз, Индия",
    "active_component": "Имбирь, Солодки голой, Эмблики лек, Ментол",
    "qrcode": [
      8906046112719,
      3800212712558
    ],
    "url": "https://www.eapteka.ru/goods/id267846/"
  },
  {
    "name": "Ксимелин Экстра, спрей назальный дозированный 84 мкг+70 мкг/доза 10 мл 1 шт",
    "producer": "Такеда ГмбХ, Германия",
    "active_component": "Ипратропия бромид, Ксилометазолин",
    "qrcode": [
      7038319033528
    ],
    "url": "https://www.eapteka.ru/goods/id212739/"
  },
  {
    "name": "ЙодАнгин порошок для р-ра для полоск.полости рта с календулой и ромашкой саше, 10 шт.",
    "producer": "Фарминдустрия, Россия",
    "active_component": "",
    "qrcode": [
      4620002183899
    ],
    "url": "https://www.eapteka.ru/goods/id261073/"
  },
  {
    "name": "Веррукацид, раствор для наружного применения фл 2 г",
    "producer": "Ретиноиды АО, Россия",
    "active_component": "",
    "qrcode": [
      4601607000576
    ],
    "url": "https://www.eapteka.ru/goods/id210433/"
  },
  {
    "name": "Олиджим чай при диабете фильтрпакетики 2 г, 20 шт",
    "producer": "Эвалар, Россия",
    "active_component": "",
    "qrcode": [
      4602242007364
    ],
    "url": "https://www.eapteka.ru/goods/id234200/"
  },
  {
    "name": "Бисопролол-Тева, таблетки покрыт.плен.об. 10 мг 50 шт",
    "producer": "Р-Фарм Новоселки, Россия",
    "active_component": "Бисопролол",
    "qrcode": [
      4630157810168
    ],
    "url": "https://www.eapteka.ru/goods/id514003/"
  },
  {
    "name": "Престариум А, таблетки диспергируемые 5 мг   30 шт",
    "producer": "Сервье Рус ООО, Россия",
    "active_component": "Периндоприл",
    "qrcode": [
      4607159862693,
      5391189290043
    ],
    "url": "https://www.eapteka.ru/goods/id233799/"
  },
  {
    "name": "Сонапакс, таблетки покрыт.об. 10 мг   60 шт",
    "producer": "Ельфа Фармзавод, Польша",
    "active_component": "Тиоридазин",
    "qrcode": [
      5904398248028
    ],
    "url": "https://www.eapteka.ru/goods/id34649/"
  },
  {
    "name": "Максиган, таблетки   20 шт",
    "producer": "Юникем Лабораториз Лтд, Индия",
    "active_component": "Метамизол натрия, Питофенон, Фенпивериния бромид",
    "qrcode": [
      8901315201231,
      8901315009933,
      1890131500993
    ],
    "url": "https://www.eapteka.ru/goods/id220953/"
  },
  {
    "name": "Декса-Гентамицин, капли глазные 5 мл",
    "producer": "Хемомонт Д.О.О, Черногория",
    "active_component": "",
    "qrcode": [
      4031626710024,
      4031626000484
    ],
    "url": "https://www.eapteka.ru/goods/id203034/"
  },
  {
    "name": "Хемомицин, капсулы 250 мг 6 шт",
    "producer": "Хемофарм А.Д., Сербия",
    "active_component": "Азитромицин",
    "qrcode": [
      8600097301572
    ],
    "url": "https://www.eapteka.ru/goods/id205709/"
  },
  {
    "name": "Звездочка Флю порошок, для р-ра для приема внутрь малина 15 г 10 шт.",
    "producer": "Данафа Фармасьютикал Джойнт, Вьетнам",
    "active_component": "Парацетамол, Фенилэфрин, Фенирамин, Аскорбиновая кислота",
    "qrcode": [
      8934901500111
    ],
    "url": "https://www.eapteka.ru/goods/id251532/"
  },
  {
    "name": "Климаплант капсулы, 30 шт.",
    "producer": "Фарм-про, Россия",
    "active_component": "",
    "qrcode": [
      4610008495959
    ],
    "url": "https://www.eapteka.ru/goods/id506202/"
  },
  {
    "name": "Эдас-801, раствор для наружного применения   25 мл 1 шт",
    "producer": "Эдас, Россия",
    "active_component": "Гомеопатический состав",
    "qrcode": [
      4600908021600,
      104600908021
    ],
    "url": "https://www.eapteka.ru/goods/id113272/"
  },
  {
    "name": "Моксонидин-СЗ, таблетки покрыт.плен.об. 0,4 мг 28 шт",
    "producer": "Северная Звезда, Россия",
    "active_component": "Моксонидин",
    "qrcode": [
      4690655009747,
      4690655020988
    ],
    "url": "https://www.eapteka.ru/goods/id233719/"
  },
  {
    "name": "Мотрин, таблетки 250 мг 10 шт",
    "producer": "Акрихин ХФК АО, Россия",
    "active_component": "Напроксен",
    "qrcode": [
      3574661343822
    ],
    "url": "https://www.eapteka.ru/goods/id288966/"
  },
  {
    "name": "Кларитромицин таблетки покрыт.плен.об. 500 мг, 14 шт.",
    "producer": "Рафарма АО, Россия",
    "active_component": "Кларитромицин",
    "qrcode": [
      4660007810611
    ],
    "url": "https://www.eapteka.ru/goods/id512604/"
  },
  {
    "name": "Клотримазол, крем для наружного применения 1 % 20 шт 1 шт",
    "producer": "ГлаксоСмитКляйн Фармасьютикалз С.А., Польша",
    "active_component": "Клотримазол",
    "qrcode": [
      4607008133431,
      5900008025263
    ],
    "url": "https://www.eapteka.ru/goods/id116902/"
  }
]