[
  {
    "name": "Леовит Кисель При гриппе 20 г пакеты, 5 шт.",
    "producer": "ЛЕОВИТ нутрио, Россия",
    "active_component": "",
    "qrcode": [
      4650070111623
    ],
    "url": "https://www.eapteka.ru/goods/id506968/"
  },
  {
    "name": "Нипертен, таблетки 2,5 мг 100 шт",
    "producer": "КРКА дд Ново место, Словения",
    "active_component": "Бисопролол",
    "qrcode": [
      4607055133217
    ],
    "url": "https://www.eapteka.ru/goods/id217949/"
  },
  {
    "name": "Флуконазол-Тева, капсулы 50 мг   7 шт",
    "producer": "Тева Фармасьютикал Воркс Прайвэт Лимитед Компани, Венгрия",
    "active_component": "Флуконазол",
    "qrcode": [
      5995377480294
    ],
    "url": "https://www.eapteka.ru/goods/id224177/"
  },
  {
    "name": "Лоратадин, таблетки 10 мг 30 шт",
    "producer": "Обновление ПФК АО, Россия",
    "active_component": "Лоратадин",
    "qrcode": [
      4603988016986
    ],
    "url": "https://www.eapteka.ru/goods/id334547/"
  },
  {
    "name": "Долфин средство для промывания носа взрослым 240 мл + минерально-растительное средство 10 пакетиков, 1 уп",
    "producer": "Зентива Фарма, Россия",
    "active_component": "",
    "qrcode": [
      4650067760056,
      4680002020013
    ],
    "url": "https://www.eapteka.ru/goods/id218847/"
  },
  {
    "name": "ЙодАнгин порошок для р-ра для полоск.полости рта с эвкалиптом и шалфеем саше, 10 шт.",
    "producer": "Фарминдустрия, Россия",
    "active_component": "",
    "qrcode": [
      4620002183905
    ],
    "url": "https://www.eapteka.ru/goods/id248846/"
  },
  {
    "name": "Иов-малыш, гранулы гомеопатические 20 г 1 шт",
    "producer": "Талион-А, Россия",
    "active_component": "Гомеопатический состав",
    "qrcode": [
      4603337000024
    ],
    "url": "https://www.eapteka.ru/goods/id205360/"
  },
  {
    "name": "Терпентинное масло очищенное, масло для местного применения   100 мл 1 шт",
    "producer": "Ярославская фармфабрика, Россия",
    "active_component": "Скипидар живичный",
    "qrcode": [
      4603380004680
    ],
    "url": "https://www.eapteka.ru/goods/id234132/"
  },
  {
    "name": "Витамир Комплекс пищеварительных ферментов 10000 таблетки, 30 шт.",
    "producer": "Квадрат-С, Россия",
    "active_component": "",
    "qrcode": [
      4660011217956
    ],
    "url": "https://www.eapteka.ru/goods/id513638/"
  },
  {
    "name": "Беродуал, раствор для ингаляций 0,25мг+0,5мг/мл 20 мл",
    "producer": "Институт де Ангели С.р.Л, Италия",
    "active_component": "Ипратропия бромид, Фенотерол",
    "qrcode": [
      9006968004006
    ],
    "url": "https://www.eapteka.ru/goods/id23090/"
  },
  {
    "name": "Сабельник, настойка 50 мл 1 шт",
    "producer": "Эвалар, Россия",
    "active_component": "",
    "qrcode": [
      4602242001157
    ],
    "url": "https://www.eapteka.ru/goods/id205703/"
  },
  {
    "name": "Феокарпин, таблетки, 40 шт.",
    "producer": "Бионет, Россия",
    "active_component": "",
    "qrcode": [
      4670012860051
    ],
    "url": "https://www.eapteka.ru/goods/id210133/"
  },
  {
    "name": "Стопангин-Тева, спрей для местного применения     1 шт",
    "producer": "Тева Чешские Предприятия с.р.о., Чешская Республика",
    "active_component": "Гексэтидин",
    "qrcode": [
      8594737231018,
      4013006102124
    ],
    "url": "https://www.eapteka.ru/goods/id104053/"
  },
  {
    "name": "Силденафил-СЗ, таблетки покрыт.плен.об. 25 мг 20 шт",
    "producer": "Северная Звезда, Россия",
    "active_component": "Силденафил",
    "qrcode": [
      4690655014840
    ],
    "url": "https://www.eapteka.ru/goods/id265612/"
  },
  {
    "name": "Виферон, суппозитории ректальные 150000 ме 10 шт",
    "producer": "Ферон, Россия",
    "active_component": "Интерферон альфа-2b",
    "qrcode": [
      4605286000100,
      4605286000698,
      4605286001046
    ],
    "url": "https://www.eapteka.ru/goods/id110328/"
  },
  {
    "name": "Максиколд Рино, пакетики, со вкусом малины, 10 шт.",
    "producer": "Фармстандарт-Лексредства, Россия",
    "active_component": "Парацетамол, Фенилэфрин, Фенирамин, Аскорбиновая кислота",
    "qrcode": [
      4601669006059
    ],
    "url": "https://www.eapteka.ru/goods/id219450/"
  },
  {
    "name": "Ретинол пальмитат, раствор для приема внутрь     1 шт",
    "producer": "Ретиноиды АО, Россия",
    "active_component": "Ретинол",
    "qrcode": [
      4601607000446,
      "-"
    ],
    "url": "https://www.eapteka.ru/goods/id117695/"
  },
  {
    "name": "Доксазозин-Тева таблетки 4 мг, 30 шт.",
    "producer": "Тева Фармасьютикал Воркс Прайвэт Лимитед Компани, Венгрия",
    "active_component": "Доксазозин",
    "qrcode": [
      5995377692048
    ],
    "url": "https://www.eapteka.ru/goods/id248712/"
  },
  {
    "name": "Кандесартан-Вертекс таблетки 8 мг, 30 шт.",
    "producer": "Вертекс, Россия",
    "active_component": "Кандесартан",
    "qrcode": [
      4670033322392
    ],
    "url": "https://www.eapteka.ru/goods/id513572/"
  },
  {
    "name": "Нексемезин таблетки покрыт.плен.об. 275 мг, 10 шт.",
    "producer": "Фармасинтез АО, Россия",
    "active_component": "Напроксен",
    "qrcode": [
      4605310023457
    ],
    "url": "https://www.eapteka.ru/goods/id514168/"
  }
]