[
  {
    "name": "Мелоксикам-Вертекс таблетки 15 мг, 20 шт.",
    "producer": "Вертекс, Россия",
    "active_component": "Мелоксикам",
    "qrcode": [
      4607003242008,
      4670033320701
    ],
    "url": "https://www.eapteka.ru/goods/id224226/"
  },
  {
    "name": "Здравушка, капсулы расторопши, 30 шт.",
    "producer": "ФО им. Пастера, Россия",
    "active_component": "",
    "qrcode": [
      4607004500435
    ],
    "url": "https://www.eapteka.ru/goods/id231000/"
  },
  {
    "name": "Эффекс Силденафил, таблетки покрыт.плен.об. 50 мг 6 шт",
    "producer": "Эвалар, Россия",
    "active_component": "Силденафил",
    "qrcode": [
      4602242010500,
      4602242010722
    ],
    "url": "https://www.eapteka.ru/goods/id483064/"
  },
  {
    "name": "Уродерм, мазь для наружного применения 30 % 10 г 1 шт",
    "producer": "Ретиноиды АО, Россия",
    "active_component": "Мочевина",
    "qrcode": [
      4601607000972
    ],
    "url": "https://www.eapteka.ru/goods/id224765/"
  },
  {
    "name": "Полисорб МП, суспензия для приема внутрь 25 г   1 шт",
    "producer": "Полисорб МП, Россия",
    "active_component": "Кремния диоксид коллоидный",
    "qrcode": [
      4606257000044
    ],
    "url": "https://www.eapteka.ru/goods/id219876/"
  },
  {
    "name": "Изакардин спрей подъязычный дозированный 1.25 мг/доза 300 доз, 15 мл",
    "producer": "Микрохим НПФ, Россия",
    "active_component": "Изосорбида динитрат",
    "qrcode": [
      4670008500077
    ],
    "url": "https://www.eapteka.ru/goods/id505697/"
  },
  {
    "name": "Трилептал суспезия для приема внутрь 60 мг/мл флаконы, 100 мл",
    "producer": "Дельфарм Юнинг С.А.С, Франция",
    "active_component": "Окскарбазепин",
    "qrcode": [
      4603695000490
    ],
    "url": "https://www.eapteka.ru/goods/id208001/"
  },
  {
    "name": "Бромокриптин, таблетки 2.5 мг, 30 шт.",
    "producer": "Озон, Россия",
    "active_component": "Бромокриптин",
    "qrcode": [
      4607027763121,
      4680020183295
    ],
    "url": "https://www.eapteka.ru/goods/id221810/"
  },
  {
    "name": "Валокордин, таблетки 7.544 мг+7.544 мг  20 шт",
    "producer": "Усолье СХФЗ, Россия",
    "active_component": "Мяты перечной листьев масло, Фенобарбитал, Хмеля соплодий масло, Этилбромизовалерианат",
    "qrcode": [
      4605422026247
    ],
    "url": "https://www.eapteka.ru/goods/id485959/"
  },
  {
    "name": "Мези-Вит + таблетки, 100 шт.",
    "producer": "Парафарм, Россия",
    "active_component": "",
    "qrcode": [
      4605920000534
    ],
    "url": "https://www.eapteka.ru/goods/id498524/"
  },
  {
    "name": "Стрепсилс с медом и лимоном, таблетки для рассасывания 24 шт",
    "producer": "Рекитт Бенкизер Хелскер, Великобритания",
    "active_component": "Амилметакрезол, Дихлорбензиловый спирт",
    "qrcode": [
      5000158100183
    ],
    "url": "https://www.eapteka.ru/goods/id20764/"
  },
  {
    "name": "Калиум йодатум C9, гранулы гомеопатические 4 г",
    "producer": "Лаборатория Буарон, Франция",
    "active_component": "",
    "qrcode": [
      3352719010960
    ],
    "url": "https://www.eapteka.ru/goods/id504963/"
  },
  {
    "name": "Диоскореа виллоза C9, гранулы гомеопатические 4 г",
    "producer": "Лаборатория Буарон, Франция",
    "active_component": "",
    "qrcode": [
      3352719010946
    ],
    "url": "https://www.eapteka.ru/goods/id504959/"
  },
  {
    "name": "Подофиллюм пелтатум С9, гранулы 4 г",
    "producer": "Лаборатория Буарон, Франция",
    "active_component": "",
    "qrcode": [
      3352719011288
    ],
    "url": "https://www.eapteka.ru/goods/id504977/"
  },
  {
    "name": "Шприц инсулиновый BD Micro-Fine Plus 1мл/U-40 29G (0,33мм x 12,7мм), 10 шт.",
    "producer": "Бектон Дикинсон, США",
    "active_component": "",
    "qrcode": [
      382900910017,
      382900910031,
      382900910017
    ],
    "url": "https://www.eapteka.ru/goods/id213166/"
  },
  {
    "name": "Мелатонин-СЗ таблетки покрыт. плен. об. 3 мг, 20 шт.",
    "producer": "Северная Звезда, Россия",
    "active_component": "Мелатонин",
    "qrcode": [
      4690655019029
    ],
    "url": "https://www.eapteka.ru/goods/id513173/"
  },
  {
    "name": "ДезГриппин таблетки шипучие 500 мг+10 мг+200 мг вкус лайма, 10 шт.",
    "producer": "ФармВилар НПО, Россия",
    "active_component": "Парацетамол, Хлорфенамин, [Аскорбиновая кислота]",
    "qrcode": [
      4610017500996
    ],
    "url": "https://www.eapteka.ru/goods/id355904/"
  },
  {
    "name": "Нафтифин, крем для наружного применения 1 % 15 г 1 шт",
    "producer": "Тульская фармфабрика, Россия",
    "active_component": "Нафтифин",
    "qrcode": [
      4603905013753
    ],
    "url": "https://www.eapteka.ru/goods/id442850/"
  },
  {
    "name": "Слабилен, капли для приема внутрь 15 мл   1 шт",
    "producer": "Верофарм АО, Россия",
    "active_component": "Натрия пикосульфат",
    "qrcode": [
      4605095008892
    ],
    "url": "https://www.eapteka.ru/goods/id125540/"
  },
  {
    "name": "Зиртек таблетки покрыт.плен.об. 10 мг, 30 шт.",
    "producer": "UCB Farma, Бельгия",
    "active_component": "Цетиризин",
    "qrcode": [
      4603149000793,
      460314900079,
      5413787104703
    ],
    "url": "https://www.eapteka.ru/goods/id511180/"
  }
]