[
  {
    "name": "Вартокс крем-паста, для удаления подошвенных бородавок, туба 20 мл",
    "producer": "Зеленая Дубрава, Россия",
    "active_component": "",
    "qrcode": [
      4605370007183
    ],
    "url": "https://www.eapteka.ru/goods/id241838/"
  },
  {
    "name": "Циклоферон, таблетки покрыт.кишечнораств.об. 150 мг 10 шт",
    "producer": "Полисан НТФФ ООО, Россия",
    "active_component": "Меглюмина акридонацетат",
    "qrcode": [
      4603191000888
    ],
    "url": "https://www.eapteka.ru/goods/id203719/"
  },
  {
    "name": "Пикторид-СОЛОфарм, капли глазные 0,05 %   1 шт",
    "producer": "Гротекс ООО, Россия",
    "active_component": "Пиклоксидин",
    "qrcode": [
      4670028229989
    ],
    "url": "https://www.eapteka.ru/goods/id502839/"
  },
  {
    "name": "МестаМидин-сенс Personal р-р для наружного применения антисептик флакон-спрей с канюлей, 50 мл",
    "producer": "Гротекс ООО, Россия",
    "active_component": "",
    "qrcode": [
      4680013247645
    ],
    "url": "https://www.eapteka.ru/goods/id287684/"
  },
  {
    "name": "Дилтиазем, таблетки с пролонг высвобождением 90 мг 30 шт",
    "producer": "Алкалоид АД Скопье, Республика Северная Македония",
    "active_component": "Дилтиазем",
    "qrcode": [
      5310001203856
    ],
    "url": "https://www.eapteka.ru/goods/id33832/"
  },
  {
    "name": "Бипрол, таблетки покрыт.плен.об 5 мг 100 шт.",
    "producer": "Хемофарм ООО, Россия",
    "active_component": "Бисопролол",
    "qrcode": [
      4607143560550
    ],
    "url": "https://www.eapteka.ru/goods/id243975/"
  },
  {
    "name": "Пикамилон р-р для в/вен. и в/мыш. введ.100 мг/мл  2 мл ампулы, 10 шт.",
    "producer": "Фармстандарт-Лексредства, Россия",
    "active_component": "Никотиноил гамма-аминомасляная кислота",
    "qrcode": [
      4601808008470,
      4601808014006,
      "-"
    ],
    "url": "https://www.eapteka.ru/goods/id90216/"
  },
  {
    "name": "Вольтарен суппозитории ректальные 100 мг, 5 шт.",
    "producer": "Дельфарм Юнинг С.А.С, Франция",
    "active_component": "Диклофенак",
    "qrcode": [
      7680392549078
    ],
    "url": "https://www.eapteka.ru/goods/id104516/"
  },
  {
    "name": "Стрепсилс с ментолом и эвкалиптом, таблетки для рассасывания 24 шт",
    "producer": "Рекитт Бенкизер Хелскер, Великобритания",
    "active_component": "Амилметакрезол, Дихлорбензиловый спирт, Левоментол",
    "qrcode": [
      5000158100169
    ],
    "url": "https://www.eapteka.ru/goods/id20770/"
  },
  {
    "name": "Отривин Комплекс, спрей назальный 10 мл   1 шт",
    "producer": "ГСК Консьюмер Хелскер С.А., Швейцария",
    "active_component": "Ипратропия бромид, Ксилометазолин",
    "qrcode": [
      4607045192019
    ],
    "url": "https://www.eapteka.ru/goods/id268053/"
  },
  {
    "name": "Д-Пантенол Новатенол, мазь для наружного применения 5 % 25 г 1 шт",
    "producer": "ЯДРАН-ГАЛЕНСКИ ЛАБОРАТОРИЙ а.о., Хорватия",
    "active_component": "Декспантенол",
    "qrcode": [
      5995327167282
    ],
    "url": "https://www.eapteka.ru/goods/id350854/"
  },
  {
    "name": "Оланзапин, таблетки покрыт.плен.об. 5 мг 28 шт",
    "producer": "Озон, Россия",
    "active_component": "Оланзапин",
    "qrcode": [
      4607027768164
    ],
    "url": "https://www.eapteka.ru/goods/id317484/"
  },
  {
    "name": "Облепихи плодов и листьев масло, 50 мл",
    "producer": "Катунь Олеум ТОО, Россия",
    "active_component": "",
    "qrcode": [
      4603922000026
    ],
    "url": "https://www.eapteka.ru/goods/id125207/"
  },
  {
    "name": "Климаксан, таблетки   40 шт",
    "producer": "Материа Медика Холдинг, Россия",
    "active_component": "Гомеопатический состав",
    "qrcode": [
      4607009580937
    ],
    "url": "https://www.eapteka.ru/goods/id212956/"
  },
  {
    "name": "Физиотенз, таблетки покрыт.плен.об. 0,2 мг 14 шт",
    "producer": "Верофарм АО, Россия",
    "active_component": "Моксонидин",
    "qrcode": [
      4620011584250
    ],
    "url": "https://www.eapteka.ru/goods/id514002/"
  },
  {
    "name": "Корвалол Фито 1,16мг+28мг+16,4мг, таблетки   50 шт",
    "producer": "Фармстандарт-Лексредства, Россия",
    "active_component": "Мяты перечной листьев масло, Пустырника травы экстракт, Этилбромизовалерианат",
    "qrcode": [
      4601669011107
    ],
    "url": "https://www.eapteka.ru/goods/id280045/"
  },
  {
    "name": "Мелатонин Эвалар, таблетки покрыт.плен.об. 3 мг 40 шт",
    "producer": "Эвалар, Россия",
    "active_component": "Мелатонин",
    "qrcode": [
      4602242010197
    ],
    "url": "https://www.eapteka.ru/goods/id499784/"
  },
  {
    "name": "Лазолван Фито сироп, 100 мл",
    "producer": "Sanofi А.Наттерманн энд Сие ГмбХ, Германия",
    "active_component": "Тимьяна обыкновенного травы экстракт",
    "qrcode": [
      3664798011685,
      3664798029819
    ],
    "url": "https://www.eapteka.ru/goods/id338018/"
  },
  {
    "name": "Метглиб Форс таблетки покрыт.плен.об. 2,5 мг+500 мг, 30 шт.",
    "producer": "Канонфарма продакшн ЗАО, Россия",
    "active_component": "Глибенкламид, Метформин",
    "qrcode": [
      4606486030904,
      4606486024552
    ],
    "url": "https://www.eapteka.ru/goods/id275595/"
  },
  {
    "name": "Периндоприл, таблетки покрыт.плен.об. 4 мг 30 шт",
    "producer": "Изварино Фарма, Россия",
    "active_component": "Периндоприл",
    "qrcode": [
      4660007701940
    ],
    "url": "https://www.eapteka.ru/goods/id241983/"
  }
]