[
  {
    "name": "Найсулид, таблетки диспергируемые 100 мг   20 шт",
    "producer": "Алиум АО, Россия",
    "active_component": "Нимесулид",
    "qrcode": [
      4605077012824,
      4605077015467
    ],
    "url": "https://www.eapteka.ru/goods/id506787/"
  },
  {
    "name": "Амелотекс суппозитории ректальные 7,5 мг, 6 шт.",
    "producer": "Фармпроект, Россия",
    "active_component": "Мелоксикам",
    "qrcode": [
      4605964004963,
      4607019011643,
      104607019011
    ],
    "url": "https://www.eapteka.ru/goods/id259290/"
  },
  {
    "name": "Левофлоксацин-Вертекс таблетки покрыт.плен.об. 250 мг, 10 шт.",
    "producer": "Вертекс, Россия",
    "active_component": "Левофлоксацин",
    "qrcode": [
      4607003242473,
      4670033320251,
      4607003243623
    ],
    "url": "https://www.eapteka.ru/goods/id237508/"
  },
  {
    "name": "Амоксициллин Диспертаб таблетки диспергируемые 500 мг, 20 шт.",
    "producer": "Авва Рус, Россия",
    "active_component": "Амоксициллин",
    "qrcode": [
      4680020233051,
      4680020233570
    ],
    "url": "https://www.eapteka.ru/goods/id506515/"
  },
  {
    "name": "Левофлоксацин-Вертекс таблетки покрыт.плен.об. 500 мг, 5 шт.",
    "producer": "Вертекс, Россия",
    "active_component": "Левофлоксацин",
    "qrcode": [
      4607003242497,
      4670033320268
    ],
    "url": "https://www.eapteka.ru/goods/id229784/"
  },
  {
    "name": "Цифран ОД, таблетки 1000 мг 10 шт",
    "producer": "Сан Фармасьютикал Индастриз Лтд, Индия",
    "active_component": "Ципрофлоксацин",
    "qrcode": [
      4601764001904
    ],
    "url": "https://www.eapteka.ru/goods/id206313/"
  },
  {
    "name": "Алмагель Нео, суспензия для приема внутрь 170 мл 1 шт",
    "producer": "Балканфарма - Троян АД, Болгария",
    "active_component": "Алгелдрат, Магния гидроксид, Симетикон",
    "qrcode": [
      3800009121112
    ],
    "url": "https://www.eapteka.ru/goods/id205418/"
  },
  {
    "name": "Дезлоратадин Канон, таблетки покрыт.плен.об. 5 мг 10 шт",
    "producer": "Канонфарма продакшн ЗАО, Россия",
    "active_component": "Дезлоратадин",
    "qrcode": [
      4606486016908
    ],
    "url": "https://www.eapteka.ru/goods/id259151/"
  },
  {
    "name": "Фарингосепт лимон, таблетки для рассасывания 10 мг 10 шт",
    "producer": "C.К. Терапия С.А., Румыния",
    "active_component": "Амбазон",
    "qrcode": [
      5944702206719,
      5944702001871
    ],
    "url": "https://www.eapteka.ru/goods/id210308/"
  },
  {
    "name": "Престариум А, таблетки 5 мг 30 шт",
    "producer": "Сервье Рус ООО, Россия",
    "active_component": "Периндоприл",
    "qrcode": [
      4607159860408
    ],
    "url": "https://www.eapteka.ru/goods/id209721/"
  },
  {
    "name": "Тексаред лиофилизат для приг.р-ра для иньекций 20 мг флакон  в комплекте с растворителем, 1 уп.",
    "producer": "Мустафа Невзат Илач Санаи А.Ш., Турция",
    "active_component": "Теноксикам",
    "qrcode": [
      8699541792400,
      8699541298244
    ],
    "url": "https://www.eapteka.ru/goods/id482316/"
  },
  {
    "name": "Мелоксикам р-р для в/м введ.10 мг/мл 1,5 мл ампулы, 5 шт.",
    "producer": "Курская биофабрика-фирма Биок, Россия",
    "active_component": "Мелоксикам",
    "qrcode": [
      4605526008484
    ],
    "url": "https://www.eapteka.ru/goods/id504077/"
  },
  {
    "name": "Арбидол таблетки покрыт. плен. об. 50 мг, 20 шт.",
    "producer": "Фармстандарт-Лексредства, Россия",
    "active_component": "Умифеновир",
    "qrcode": [
      4602196002217,
      4601669009234
    ],
    "url": "https://www.eapteka.ru/goods/id205907/"
  },
  {
    "name": "Ондансетрон, ампулы 2 мг/мл, 4 мл, 5 шт.",
    "producer": "ФармФирма Сотекс, Россия",
    "active_component": "Ондансетрон",
    "qrcode": [
      4602212005581,
      4605964003423
    ],
    "url": "https://www.eapteka.ru/goods/id212022/"
  },
  {
    "name": "Дорзопт, капли глазные 2 % 5 мл",
    "producer": "К.О.Ромфарм Компани С.Р.Л., Румыния",
    "active_component": "Дорзоламид",
    "qrcode": [
      5944728000223,
      5944728004023
    ],
    "url": "https://www.eapteka.ru/goods/id210907/"
  },
  {
    "name": "Верошпирон, капсулы 100 мг, 30 шт.",
    "producer": "Гедеон Рихтер, Венгрия",
    "active_component": "Спиронолактон",
    "qrcode": [
      4605469004239,
      5997001358849,
      4605469002907
    ],
    "url": "https://www.eapteka.ru/goods/id204043/"
  },
  {
    "name": "Триметазидин-Биоком МВ, таблетки с пролонг.высвобож покрыт.об 35 мг   30 шт",
    "producer": "Биоком ЗАО, Россия",
    "active_component": "Триметазидин",
    "qrcode": [
      4605949000942
    ],
    "url": "https://www.eapteka.ru/goods/id222391/"
  },
  {
    "name": "Тетурам, таблетки 150 мг 50 шт",
    "producer": "Татхимфармпрепараты, Россия",
    "active_component": "Дисульфирам",
    "qrcode": [
      4604060991511,
      4604060061030,
      4604060005232
    ],
    "url": "https://www.eapteka.ru/goods/id86060/"
  },
  {
    "name": "Кетопрофен гель для наружнего применения 2,5%, 30 г",
    "producer": "Лаборатории Шемино, Франция",
    "active_component": "Кетопрофен",
    "qrcode": [
      3850114237048
    ],
    "url": "https://www.eapteka.ru/goods/id300004/"
  },
  {
    "name": "Фарингазон, таблетки для рассасывания 10 мг 20 шт",
    "producer": "Фармстандарт-Лексредства, Россия",
    "active_component": "Амбазон",
    "qrcode": [
      4601669015785
    ],
    "url": "https://www.eapteka.ru/goods/id514771/"
  }
]