[
  {
    "name": "Отривин Экспресс, спрей назальный с ароматом ментола 0,05 % 10 мл 1 шт",
    "producer": "ГСК Консьюмер Хелскер С.А., Швейцария",
    "active_component": "Оксиметазолин",
    "qrcode": [
      4602233006949
    ],
    "url": "https://www.eapteka.ru/goods/id348444/"
  },
  {
    "name": "Декспантенол, мазь для наружного применения 30 г   1 шт",
    "producer": "Тульская фармфабрика, Россия",
    "active_component": "Декспантенол",
    "qrcode": [
      4603905013647
    ],
    "url": "https://www.eapteka.ru/goods/id442834/"
  },
  {
    "name": "Шиповник масло, масло для местного применения   50 мл 1 шт",
    "producer": "Вифитех, Россия",
    "active_component": "Шиповника семян масло",
    "qrcode": [
      4605180005829
    ],
    "url": "https://www.eapteka.ru/goods/id228936/"
  },
  {
    "name": "Моксонитекс, таблетки покрыт.плен.об. 0,4 мг 14 шт",
    "producer": "Салютас Фарма ГмбХ, Германия",
    "active_component": "Моксонидин",
    "qrcode": [
      4030855467242
    ],
    "url": "https://www.eapteka.ru/goods/id222069/"
  },
  {
    "name": "Тензотран, таблетки покрыт.плен.об. 0,2 мг 28 шт",
    "producer": "Меркле ГмбХ, Германия",
    "active_component": "Моксонидин",
    "qrcode": [
      4607141997402,
      4030096123143
    ],
    "url": "https://www.eapteka.ru/goods/id222694/"
  },
  {
    "name": "Нимесулид гель 1 %, 20 г",
    "producer": "Озон, Россия",
    "active_component": "Нимесулид",
    "qrcode": [
      4680020180089
    ],
    "url": "https://www.eapteka.ru/goods/id504147/"
  },
  {
    "name": "Маалокс, таблетки жевательные 20 шт",
    "producer": "Санофи С.п.А., Италия",
    "active_component": "Алгелдрат, Магния гидроксид",
    "qrcode": [
      3582910072218,
      3587080002027
    ],
    "url": "https://www.eapteka.ru/goods/id203387/"
  },
  {
    "name": "Сальмекорт, аэрозоль для ингаляций 25 мкг+50 мкг/доза  120 доз 1 шт",
    "producer": "Гленмарк Фармасьютикалз Лтд, Индия",
    "active_component": "Салметерол, Флутиказон",
    "qrcode": [
      8904091109760
    ],
    "url": "https://www.eapteka.ru/goods/id337065/"
  },
  {
    "name": "Коделак Нео, сироп 1,5 мг/мл, 100 мл",
    "producer": "Фармстандарт-Лексредства, Россия",
    "active_component": "Бутамират",
    "qrcode": [
      4601669006752
    ],
    "url": "https://www.eapteka.ru/goods/id227497/"
  },
  {
    "name": "Протаргол-ЛОР, раствор для местного применения     2 шт",
    "producer": "Фармстандарт-Лексредства, Россия",
    "active_component": "Серебра протеинат",
    "qrcode": [
      4601669013255
    ],
    "url": "https://www.eapteka.ru/goods/id326900/"
  },
  {
    "name": "Глюконорм плюс, таблетки покрыт.плен.об. 2,5 мг+500 мг 30 шт",
    "producer": "Фармстандарт-Лексредства, Россия",
    "active_component": "Глибенкламид, Метформин",
    "qrcode": [
      4601669012777,
      4602196004129
    ],
    "url": "https://www.eapteka.ru/goods/id293425/"
  },
  {
    "name": "Лидокаин, спрей для местного применения дозированный 4,6 мг/доза 38 г",
    "producer": "Фармстандарт-Лексредства, Россия",
    "active_component": "Лидокаин",
    "qrcode": [
      4601669003904
    ],
    "url": "https://www.eapteka.ru/goods/id204843/"
  },
  {
    "name": "Нурофен, экспресс гель от боли в суставах 5%, 100 г",
    "producer": "Рекитт Бенкизер Хелскер, Великобритания",
    "active_component": "Ибупрофен",
    "qrcode": [
      5000158069428
    ],
    "url": "https://www.eapteka.ru/goods/id236427/"
  },
  {
    "name": "Шалфей Зеленый Доктор, таблетки для рассасывания   10 шт",
    "producer": "Натур Продукт Европа  Б.В., Нидерланды",
    "active_component": "Шалфея лек. листьев экстракт",
    "qrcode": [
      4607013589575
    ],
    "url": "https://www.eapteka.ru/goods/id280010/"
  },
  {
    "name": "Спираль Юнона Био-Т Cu Тип-2 кольцеобразный, контрацептив внутриматочный",
    "producer": "Симург, Россия",
    "active_component": "Серебра протеинат",
    "qrcode": [
      4811379000081
    ],
    "url": "https://www.eapteka.ru/goods/id315107/"
  },
  {
    "name": "Элтацин, таблетки   30 шт",
    "producer": "Биотики, Россия",
    "active_component": "Глицин, Глутаминовая кислота, Цистин",
    "qrcode": [
      4601687000053
    ],
    "url": "https://www.eapteka.ru/goods/id218157/"
  },
  {
    "name": "Серената, таблетки покрыт.плен.об. 50 мг 30 шт",
    "producer": "Торрент Фармасьютикалс Лтд, Индия",
    "active_component": "Сертралин",
    "qrcode": [
      4602656001026,
      8903855006291
    ],
    "url": "https://www.eapteka.ru/goods/id208404/"
  },
  {
    "name": "Фито Ново-Сед экстракт жидкий для приема внутрь, 100 мл",
    "producer": "ФармВилар НПО, Россия",
    "active_component": "Боярышника плоды, Мелиссы лекарственной трава, Пустырника трава, Шиповника плоды, Эхинацеи пурпурн трава",
    "qrcode": [
      4607013860131
    ],
    "url": "https://www.eapteka.ru/goods/id222199/"
  },
  {
    "name": "Мигрепам, таблетки покрыт.плен.об. 2,5 мг 2 шт",
    "producer": "Алиум АО, Россия",
    "active_component": "Золмитриптан",
    "qrcode": [
      4605077012077,
      4605077014972,
      "-"
    ],
    "url": "https://www.eapteka.ru/goods/id274715/"
  },
  {
    "name": "Спазмофарм раствор для внутримышечного введ 500 мг+2 мг+0,02 мг/мл 5 мл, 10 шт.",
    "producer": "ВетПром АД, Болгария",
    "active_component": "Метамизол натрия, Питофенон, Фенпивериния бромид",
    "qrcode": [
      3800021100164
    ],
    "url": "https://www.eapteka.ru/goods/id316689/"
  }
]