[
  {
    "name": "Локоид крело, эмульсия для наружного применения 0,1 % 30 г 1 шт",
    "producer": "Теммлер Италиа С.р.Л., Италия",
    "active_component": "Гидрокортизон",
    "qrcode": [
      5702191012675,
      4607098450920
    ],
    "url": "https://www.eapteka.ru/goods/id34198/"
  },
  {
    "name": "Ламинарии слоевища (Морская капуста), сырье растительное   100 г 1 шт",
    "producer": "Красногорсклексредства, Россия",
    "active_component": "Ламинарии слоевища",
    "qrcode": [
      4601498006701
    ],
    "url": "https://www.eapteka.ru/goods/id61377/"
  },
  {
    "name": "Делорсин, таблетки 5 мг 10 шт",
    "producer": "Санека Фармасьютикалс а.с., Словакия",
    "active_component": "Дезлоратадин",
    "qrcode": [
      4650069651666
    ],
    "url": "https://www.eapteka.ru/goods/id513167/"
  },
  {
    "name": "ПротаЛор (Протаргол) спрей гигиеническое средство, 15 мл",
    "producer": "Эско-Фарм, Армения",
    "active_component": "",
    "qrcode": [
      4850006881327,
      4850006881730
    ],
    "url": "https://www.eapteka.ru/goods/id295419/"
  },
  {
    "name": "АкваРоса Ополаскиватель минеральный изотонический раствор 0,9%, 300 мл",
    "producer": "КС Трейд, Россия",
    "active_component": "",
    "qrcode": [
      4650071280601
    ],
    "url": "https://www.eapteka.ru/goods/id502254/"
  },
  {
    "name": "Гистан крем, 50 мл",
    "producer": "ВИС ООО, Россия",
    "active_component": "",
    "qrcode": [
      4670030870445,
      4607039970340
    ],
    "url": "https://www.eapteka.ru/goods/id335842/"
  },
  {
    "name": "ЭДАС-927, гранулы   17 г 36 доз",
    "producer": "Эдас, Россия",
    "active_component": "Гомеопатический состав",
    "qrcode": [
      4600908023314
    ],
    "url": "https://www.eapteka.ru/goods/id113337/"
  },
  {
    "name": "Конкор, таблетки покрыт.плен.об. 5 мг 50 шт",
    "producer": "Нанолек ООО, Россия",
    "active_component": "Бисопролол",
    "qrcode": [
      "-",
      4640017591144,
      4640017590321,
      4022536645889
    ],
    "url": "https://www.eapteka.ru/goods/id482701/"
  },
  {
    "name": "Гармония сна капсулы, 30 шт.",
    "producer": "Мирролла ООО, Россия",
    "active_component": "",
    "qrcode": [
      4630061871033
    ],
    "url": "https://www.eapteka.ru/goods/id510304/"
  },
  {
    "name": "Веда, шампунь против педикулеза, 100 мл",
    "producer": "Дезинфекционист, Россия",
    "active_component": "",
    "qrcode": [
      4600720310005
    ],
    "url": "https://www.eapteka.ru/goods/id228479/"
  },
  {
    "name": "ЛинАква форте спрей назальный, 2,1 % 30 мл",
    "producer": "Гротекс ООО, Россия",
    "active_component": "Натрия хлорид",
    "qrcode": [
      4680013243753
    ],
    "url": "https://www.eapteka.ru/goods/id280838/"
  },
  {
    "name": "МестаМидин-нос капли назальные, 10 мл",
    "producer": "Гротекс ООО, Россия",
    "active_component": "Октенидин, декспантенол, гидроксиэтилцеллюлоза",
    "qrcode": [
      4630098003421
    ],
    "url": "https://www.eapteka.ru/goods/id497762/"
  },
  {
    "name": "Офтальмоферон, капли глазные     1 шт",
    "producer": "Фирн М, Россия",
    "active_component": "",
    "qrcode": [
      4606207000322
    ],
    "url": "https://www.eapteka.ru/goods/id207232/"
  },
  {
    "name": "Карведилол-Вертекс таблетки 25 мг, 30 шт",
    "producer": "Вертекс, Россия",
    "active_component": "Карведилол",
    "qrcode": [
      4607003244002,
      4607003249540
    ],
    "url": "https://www.eapteka.ru/goods/id229323/"
  },
  {
    "name": "Дилтиазем Ланнахер таблетки с пролонг.высвобож покрыт.плен.об 90 мг, 20 шт.",
    "producer": "Г.Л.Фарма ГмбХ, Австрия",
    "active_component": "Дилтиазем",
    "qrcode": [
      9008732004540,
      4607013581364
    ],
    "url": "https://www.eapteka.ru/goods/id17891/"
  },
  {
    "name": "Амоксициллин+Клавулановая кислота ЭКСПРЕСС таблетки диспергируемые 500 мг+125 мг, 14 шт.",
    "producer": "Лекко ЗАО, Россия",
    "active_component": "Амоксициллин, Клавулановая кислота",
    "qrcode": [
      4603671003569
    ],
    "url": "https://www.eapteka.ru/goods/id359404/"
  },
  {
    "name": "Амоксиклав, таблетки покрыт.плен.об. 875 мг+125 мг 14 шт",
    "producer": "Лек д.д., Словения",
    "active_component": "Амоксициллин, Клавулановая кислота",
    "qrcode": [
      3838957398843
    ],
    "url": "https://www.eapteka.ru/goods/id206980/"
  },
  {
    "name": "Хайлефлокс, таблетки покрыт.плен.об. 500 мг 5 шт",
    "producer": "Хайгланс Лабораториз Пвт. Лтд, Индия",
    "active_component": "Левофлоксацин",
    "qrcode": [
      8904102200080
    ],
    "url": "https://www.eapteka.ru/goods/id216629/"
  },
  {
    "name": "Домстал таблетки 10 мг, 30 шт.",
    "producer": "Торрент Фармасьютикалс Лтд, Индия",
    "active_component": "Домперидон",
    "qrcode": [
      4602656000937
    ],
    "url": "https://www.eapteka.ru/goods/id210019/"
  },
  {
    "name": "Гастрогуттал капли для приема внутрь, 25 мл",
    "producer": "Московская ФФ, Россия",
    "active_component": "Валериана н-ка, Полынь н-ка,  Мята н-ка, Красавка н-ка",
    "qrcode": [
      4601429003731
    ],
    "url": "https://www.eapteka.ru/goods/id294324/"
  }
]