[
  {
    "name": "Верапамил, таблетки покрыт.об. 40 мг 30 шт",
    "producer": "Алкалоид АД Скопье, Республика Северная Македония",
    "active_component": "Верапамил",
    "qrcode": [
      5310001203818
    ],
    "url": "https://www.eapteka.ru/goods/id33727/"
  },
  {
    "name": "Эналаприл-ФПО, таблетки 20 мг 20 шт",
    "producer": "Алиум АО, Россия",
    "active_component": "Эналаприл",
    "qrcode": [
      4605077009732,
      4605077002184
    ],
    "url": "https://www.eapteka.ru/goods/id274729/"
  },
  {
    "name": "Нитроглицерин, таблетки   40 шт",
    "producer": "Фармстандарт-Лексредства, Россия",
    "active_component": "Нитроглицерин",
    "qrcode": [
      4601669003935,
      2700833458426
    ],
    "url": "https://www.eapteka.ru/goods/id274720/"
  },
  {
    "name": "Амитриптилин, таблетки 25 мг 50 шт",
    "producer": "Озон, Россия",
    "active_component": "Амитриптилин",
    "qrcode": [
      4607027762292
    ],
    "url": "https://www.eapteka.ru/goods/id233439/"
  },
  {
    "name": "Цефтриаксон пор. д/р-ра для в/вен. и в/мыш. введ., 1 шт.",
    "producer": "ФармКонцепт, Россия",
    "active_component": "Цефтриаксон",
    "qrcode": [
      4620018740659
    ],
    "url": "https://www.eapteka.ru/goods/id296268/"
  },
  {
    "name": "Цефтриаксон, порошок д/приг.р-ра для в/в и в/м введ.  1 г 1 шт",
    "producer": "Борисовский завод медицинских препаратов, Беларусь",
    "active_component": "Цефтриаксон",
    "qrcode": [
      4810211015835,
      4810201015835
    ],
    "url": "https://www.eapteka.ru/goods/id294681/"
  },
  {
    "name": "Лоратадин, таблетки 10 мг 10 шт",
    "producer": "Хемофарм ООО, Россия",
    "active_component": "Лоратадин",
    "qrcode": [
      4607143560659,
      4610011970283
    ],
    "url": "https://www.eapteka.ru/goods/id207907/"
  },
  {
    "name": "Калия хлорид конц. для р-ра для инфузий 40 мг/мл амп 10 мл, 10 шт.",
    "producer": "Славянская аптека, Россия",
    "active_component": "Калия хлорид",
    "qrcode": [
      4607005933959,
      4607005935229
    ],
    "url": "https://www.eapteka.ru/goods/id256945/"
  },
  {
    "name": "Арутимол глазные капли 2,5 мг/мл, капли глазные 2,5 мг/мл 5 мл 1 шт",
    "producer": "Др. Герхард Манн ХФП, Германия",
    "active_component": "Тимолол",
    "qrcode": [
      4029835000074,
      4030571006237
    ],
    "url": "https://www.eapteka.ru/goods/id22423/"
  },
  {
    "name": "Тимолол Renewal, капли глазные 0,5 % 5 мл 1 шт",
    "producer": "Обновление ПФК АО, Россия",
    "active_component": "Тимолол",
    "qrcode": [
      4603988011721
    ],
    "url": "https://www.eapteka.ru/goods/id223373/"
  },
  {
    "name": "Домашняя аптечка Суперчистотело раствор, 1 мл",
    "producer": "Две линии ПКФ ООО, Россия",
    "active_component": "",
    "qrcode": [
      4607082850026
    ],
    "url": "https://www.eapteka.ru/goods/id224517/"
  },
  {
    "name": "Амосин порошок д/приг суспензии для приема внутрь 250 мг/3 г, 10 шт.",
    "producer": "Синтез ОАО, Россия",
    "active_component": "Амоксициллин",
    "qrcode": [
      4602565012601
    ],
    "url": "https://www.eapteka.ru/goods/id222295/"
  },
  {
    "name": "Цефтриаксон-АКОС, порошок д/приг.р-ра для в/в и в/м введ. 2 г фл 1 шт",
    "producer": "Синтез ОАО, Россия",
    "active_component": "Цефтриаксон",
    "qrcode": [
      "*",
      4602565031602,
      "-",
      4602565014230
    ],
    "url": "https://www.eapteka.ru/goods/id501182/"
  },
  {
    "name": "Ципролет, таблетки покрыт.об. 250 мг   10 шт",
    "producer": "Д-р Редди`с, Индия",
    "active_component": "Ципрофлоксацин",
    "qrcode": [
      8901148009011,
      8901148006031,
      48009011
    ],
    "url": "https://www.eapteka.ru/goods/id28012/"
  },
  {
    "name": "Виворакс таблетки 200 мг, 10 шт.",
    "producer": "",
    "active_component": "Ацикловир",
    "qrcode": [
      8901149002295
    ],
    "url": "https://www.eapteka.ru/goods/id27761/"
  },
  {
    "name": "Перца водяного, экстракт для приема внутрь     1 шт",
    "producer": "Бэгриф, Россия",
    "active_component": "",
    "qrcode": [
      4606683001462,
      4606683002032
    ],
    "url": "https://www.eapteka.ru/goods/id233594/"
  },
  {
    "name": "Аспикор, таблетки кишечнораст.покрыт.плен.об. 100 мг 30 шт",
    "producer": "Вертекс, Россия",
    "active_component": "Ацетилсалициловая кислота",
    "qrcode": [
      4607003241100,
      4607003246112
    ],
    "url": "https://www.eapteka.ru/goods/id222178/"
  },
  {
    "name": "Бриллиантовый зеленый, флаконы 1% , 25 мл",
    "producer": "Ивановская фармфабрика, Россия",
    "active_component": "Бриллиантовый зеленый",
    "qrcode": [
      4603184004084
    ],
    "url": "https://www.eapteka.ru/goods/id233527/"
  },
  {
    "name": "Люголя раствор с глицерином +насадка-распылитель, 25 мл",
    "producer": "Тульская фармфабрика, Россия",
    "active_component": "",
    "qrcode": [
      4603905006137
    ],
    "url": "https://www.eapteka.ru/goods/id294469/"
  },
  {
    "name": "Вазелин, мазь для наружного применения 30 г   1 шт",
    "producer": "Тульская фармфабрика, Россия",
    "active_component": "Вазелин",
    "qrcode": [
      4603905003358
    ],
    "url": "https://www.eapteka.ru/goods/id234031/"
  }
]