[
  {
    "name": "Хлорофиллипт, раствор для местного применения 1 % 50 мл 1 шт",
    "producer": "Кировская фармфабрика, Россия",
    "active_component": "Эвкалипта листьев экстракт",
    "qrcode": [
      4603256009320
    ],
    "url": "https://www.eapteka.ru/goods/id512729/"
  },
  {
    "name": "Аквалор Софт мини средство д/орошения и промывания полости носа, 50 мл",
    "producer": "Нижфарм АО, Россия",
    "active_component": "Вода морская",
    "qrcode": [
      4601026309434,
      4601026308369
    ],
    "url": "https://www.eapteka.ru/goods/id216543/"
  },
  {
    "name": "Эмокси-оптик, капли глазные 1 % 5 мл 1 шт",
    "producer": "Синтез ОАО, Россия",
    "active_component": "Метилэтилпиридинол",
    "qrcode": [
      4602565017903
    ],
    "url": "https://www.eapteka.ru/goods/id222857/"
  },
  {
    "name": "Сирдалуд, таблетки 4 мг 30 шт",
    "producer": "Новартис Нева ООО, Россия",
    "active_component": "Тизанидин",
    "qrcode": [
      4603695001138,
      603695001138
    ],
    "url": "https://www.eapteka.ru/goods/id28982/"
  },
  {
    "name": "Нурофен Интенсив, таблетки покрыт.плен.об. 200 мг+500 мг  12 шт",
    "producer": "Рекитт Бенкизер Хелскер, Великобритания",
    "active_component": "Ибупрофен, Парацетамол",
    "qrcode": [
      5402290,
      5000158106826,
      "-"
    ],
    "url": "https://www.eapteka.ru/goods/id274385/"
  },
  {
    "name": "Спазмалин, таблетки   20 шт",
    "producer": "Торрент Фармасьютикалс Лтд, Индия",
    "active_component": "Метамизол натрия, Питофенон, Фенпивериния бромид",
    "qrcode": [
      4602656001293,
      8903855006826
    ],
    "url": "https://www.eapteka.ru/goods/id209688/"
  },
  {
    "name": "Эритромицин, таблетки 250 мг 20 шт",
    "producer": "Авва Рус, Россия",
    "active_component": "Эритромицин",
    "qrcode": [
      4607003666149,
      4680020231392
    ],
    "url": "https://www.eapteka.ru/goods/id229089/"
  },
  {
    "name": "Юнидокс Солютаб, таблетки диспергируемые 100 мг   10 шт",
    "producer": "ФКП Армавирская биофабрика, Россия",
    "active_component": "Доксициклин",
    "qrcode": [
      4607098451699,
      "-",
      4607085319209,
      4606556000080
    ],
    "url": "https://www.eapteka.ru/goods/id34200/"
  },
  {
    "name": "Фталазол, таблетки 500 мг 10 шт",
    "producer": "Дальхимфарм, Россия",
    "active_component": "Фталилсульфатиазол",
    "qrcode": [
      4602824000721,
      4602824025397
    ],
    "url": "https://www.eapteka.ru/goods/id53602/"
  },
  {
    "name": "Анти-Ангин Формула, спрей, 25 мл",
    "producer": "Натур Продукт Европа  Б.В., Нидерланды",
    "active_component": "Тетракаин, Хлоргексидин, Аскорбиновая кислота",
    "qrcode": [
      8717627104173,
      4607013581456
    ],
    "url": "https://www.eapteka.ru/goods/id226834/"
  },
  {
    "name": "Аджисепт, таблетки ментолом и эвкалиптом 24 шт",
    "producer": "Аджио Фармацевтикалз Лтд, Индия",
    "active_component": "Амилметакрезол, Дихлорбензиловый спирт",
    "qrcode": [
      8901043000472,
      "-",
      8901043000479
    ],
    "url": "https://www.eapteka.ru/goods/id222017/"
  },
  {
    "name": "Неулептил, раствор для приема внутрь 4 % 30 мл 1 шт",
    "producer": "А.Наттерманн энд Сие. ГмбХ, Германия",
    "active_component": "Перициазин",
    "qrcode": [
      3582910054511
    ],
    "url": "https://www.eapteka.ru/goods/id29260/"
  },
  {
    "name": "Адонис-бром, таблетки покрыт.плен.об.   20 шт",
    "producer": "Вифитех, Россия",
    "active_component": "Калия бромид, Горицвета сухого экстр",
    "qrcode": [
      4605180005270
    ],
    "url": "https://www.eapteka.ru/goods/id237525/"
  },
  {
    "name": "Азитромицин Санофи, таблетки покрыт.плен.об. 500 мг 3 шт",
    "producer": "Зентива к.с, Чешская Республика",
    "active_component": "Азитромицин",
    "qrcode": [
      8594739224858,
      "-"
    ],
    "url": "https://www.eapteka.ru/goods/id345597/"
  },
  {
    "name": "Левофлоксацин таблетки покрыт.плен.об. 500 мг, 5 шт.",
    "producer": "Фармстандарт-Томскхимфарм, Россия",
    "active_component": "Левофлоксацин",
    "qrcode": [
      4602196003672,
      4601669011596
    ],
    "url": "https://www.eapteka.ru/goods/id269314/"
  },
  {
    "name": "Подорожника сок, раствор для приема внутрь 100 мл   1 шт",
    "producer": "Вифитех, Россия",
    "active_component": "Подорожника сок",
    "qrcode": [
      4605180005607
    ],
    "url": "https://www.eapteka.ru/goods/id227462/"
  },
  {
    "name": "Синекод, сироп 100 мл   1 шт",
    "producer": "ГСК Консьюмер Хелскер С.А., Швейцария",
    "active_component": "Бутамират",
    "qrcode": [
      4607045190091
    ],
    "url": "https://www.eapteka.ru/goods/id212350/"
  },
  {
    "name": "Найсулид, таблетки 100 мг 20 шт",
    "producer": "Алиум АО, Россия",
    "active_component": "Нимесулид",
    "qrcode": [
      4605077012138
    ],
    "url": "https://www.eapteka.ru/goods/id506786/"
  },
  {
    "name": "Гексорал табс классик лимон и мед, таблетки для рассасывания 16 шт",
    "producer": "Юник Фармасьютикал Лабораториз, Индия",
    "active_component": "Амилметакрезол, Дихлорбензиловый спирт",
    "qrcode": [
      8901086080219
    ],
    "url": "https://www.eapteka.ru/goods/id221085/"
  },
  {
    "name": "Глансин, капсулы с модифиц высвобож 0,2 мг 30 шт",
    "producer": "Хайгланс Лабораториз Пвт. Лтд, Индия",
    "active_component": "Тамсулозин",
    "qrcode": [
      8904102204767,
      8904102204764
    ],
    "url": "https://www.eapteka.ru/goods/id500981/"
  }
]