[
  {
    "name": "Найсулид, таблетки 100 мг 20 шт",
    "producer": "Алиум АО, Россия",
    "active_component": "Нимесулид",
    "qrcode": [
      4605077012138
    ],
    "url": "https://www.eapteka.ru/goods/id506786/"
  },
  {
    "name": "Гексорал табс классик лимон и мед, таблетки для рассасывания 16 шт",
    "producer": "Юник Фармасьютикал Лабораториз, Индия",
    "active_component": "Амилметакрезол, Дихлорбензиловый спирт",
    "qrcode": [
      8901086080219
    ],
    "url": "https://www.eapteka.ru/goods/id221085/"
  },
  {
    "name": "Глансин, капсулы с модифиц высвобож 0,2 мг 30 шт",
    "producer": "Хайгланс Лабораториз Пвт. Лтд, Индия",
    "active_component": "Тамсулозин",
    "qrcode": [
      8904102204767,
      8904102204764
    ],
    "url": "https://www.eapteka.ru/goods/id500981/"
  },
  {
    "name": "Троксевазин, гель для наружного применения     1 шт",
    "producer": "Балканфарма - Троян АД, Болгария",
    "active_component": "Троксерутин",
    "qrcode": [
      3800009130190,
      2958221951473
    ],
    "url": "https://www.eapteka.ru/goods/id113552/"
  },
  {
    "name": "Золофт таблетки покрыт.плен.об. 50 мг, 28 шт.",
    "producer": "Пфайзер Мэнюфэкчуринг Дойчленд ГмбХ, Германия",
    "active_component": "Сертралин",
    "qrcode": [
      5413973172219,
      4607131044550,
      1210001155251
    ],
    "url": "https://www.eapteka.ru/goods/id204852/"
  },
  {
    "name": "Пентафлуцин пакетики, гранулы д/приг р-ра д/приема внутрь     10 шт",
    "producer": "Уралбиофарм, Россия",
    "active_component": "Парацетамол, Аскорбиновая кислота, Рутозид, Дифенгидрамин, Кальция глюконат",
    "qrcode": [
      4603179004150,
      4603179003719,
      4603179003696,
      4603179003115,
      4603179004167,
      4603179004686
    ],
    "url": "https://www.eapteka.ru/goods/id206814/"
  },
  {
    "name": "Нимесулид-СЗ, гранулы д/приг суспензии для приема внутрь 100 мг   10 шт",
    "producer": "Северная Звезда, Россия",
    "active_component": "Нимесулид",
    "qrcode": [
      4690655022128,
      4690655022210
    ],
    "url": "https://www.eapteka.ru/goods/id496952/"
  },
  {
    "name": "Кетопрофен-АКОС гель для наружного применения 5%, 30 г",
    "producer": "Синтез ОАО, Россия",
    "active_component": "Кетопрофен",
    "qrcode": [
      4602565019327,
      4602565030926
    ],
    "url": "https://www.eapteka.ru/goods/id233688/"
  },
  {
    "name": "Нимесулид-Тева, таблетки 100 мг 20 шт",
    "producer": "Блюфарма Индустрия Фармацеутика С.А., Португалия",
    "active_component": "Нимесулид",
    "qrcode": [
      3850114234016
    ],
    "url": "https://www.eapteka.ru/goods/id237654/"
  },
  {
    "name": "Хемомицин, таблетки покрыт.плен.об. 500 мг 3 шт",
    "producer": "Хемофарм А.Д., Сербия",
    "active_component": "Азитромицин",
    "qrcode": [
      8600097306065
    ],
    "url": "https://www.eapteka.ru/goods/id210742/"
  },
  {
    "name": "Кардиомагнил таблетки покрыт.плен.об. 75 мг+15.2 мг, 100 шт.",
    "producer": "Такеда Фармасьютикалс ООО, Россия",
    "active_component": "Ацетилсалициловая кислота, Магния гидроксид",
    "qrcode": [
      4031083005787,
      4602156000123,
      4601026310232,
      4601026310171,
      "-"
    ],
    "url": "https://www.eapteka.ru/goods/id247195/"
  },
  {
    "name": "Метронидазол, суппозитории вагинальные 500 мг 10 шт",
    "producer": "Авексима Сибирь, Россия",
    "active_component": "Метронидазол",
    "qrcode": [
      4607100622185
    ],
    "url": "https://www.eapteka.ru/goods/id264021/"
  },
  {
    "name": "Несопин, спрей назальный 0,05 % 20 мл 1 шт",
    "producer": "Синтез ОАО, Россия",
    "active_component": "Оксиметазолин",
    "qrcode": [
      4602565013110
    ],
    "url": "https://www.eapteka.ru/goods/id222808/"
  },
  {
    "name": "Микотрин крем для ног, 40 мл",
    "producer": "РеалКосметикс, Россия",
    "active_component": "Клотримазол",
    "qrcode": [
      4607136740457
    ],
    "url": "https://www.eapteka.ru/goods/id241689/"
  },
  {
    "name": "Эдас-307 гомеопатический, сироп 100 мл 1 шт",
    "producer": "Эдас, Россия",
    "active_component": "Гомеопатический состав",
    "qrcode": [
      4600908021938,
      4600908021655
    ],
    "url": "https://www.eapteka.ru/goods/id113268/"
  },
  {
    "name": "Кетонал Актив, гранулы д/приг р-ра д/приема внутрь 40 мг 12 шт",
    "producer": "Файн Фудс & Фармасьютикалз Н.Т.М. С.П.А., Италия",
    "active_component": "Кетопрофен",
    "qrcode": [
      3838957094288
    ],
    "url": "https://www.eapteka.ru/goods/id482836/"
  },
  {
    "name": "Метипред, таблетки 4 мг 30 шт",
    "producer": "Орион Корпорейшн, Финляндия",
    "active_component": "Метилпреднизолон",
    "qrcode": [
      4603569721223,
      6432100002761
    ],
    "url": "https://www.eapteka.ru/goods/id125007/"
  },
  {
    "name": "Зитролид форте, капсулы 500 мг 3 шт",
    "producer": "Валента Фарм, Россия",
    "active_component": "Азитромицин",
    "qrcode": [
      4602193007840
    ],
    "url": "https://www.eapteka.ru/goods/id209702/"
  },
  {
    "name": "Тербинафин, крем для наружного применения 30 г   1 шт",
    "producer": "Вертекс, Россия",
    "active_component": "Тербинафин",
    "qrcode": [
      4607003241858
    ],
    "url": "https://www.eapteka.ru/goods/id219447/"
  },
  {
    "name": "Аква Марис средство к устройству морская соль саше, 30 шт.",
    "producer": "ЯДРАН-ГАЛЕНСКИ ЛАБОРАТОРИЙ а.о., Хорватия",
    "active_component": "Вода морская",
    "qrcode": [
      3856013207014,
      3856013219833
    ],
    "url": "https://www.eapteka.ru/goods/id278699/"
  }
]