[
  {
    "name": "Граммидин Нео, таблетки   18 шт",
    "producer": "Валента Фарм, Россия",
    "active_component": "",
    "qrcode": [
      4602193010772
    ],
    "url": "https://www.eapteka.ru/goods/id212691/"
  },
  {
    "name": "Бетагистин-СЗ, таблетки 24 мг 60 шт.",
    "producer": "Северная Звезда, Россия",
    "active_component": "Бетагистин",
    "qrcode": [
      4690655005008,
      4690655021206
    ],
    "url": "https://www.eapteka.ru/goods/id275776/"
  },
  {
    "name": "Рамиприл-АКОС, таблетки 5 мг 30 шт",
    "producer": "Синтез ОАО, Россия",
    "active_component": "Рамиприл",
    "qrcode": [
      4602565031749
    ],
    "url": "https://www.eapteka.ru/goods/id506788/"
  },
  {
    "name": "Фенибут-Вертекс, таблетки 250 мг 20 шт",
    "producer": "Вертекс, Россия",
    "active_component": "Аминофенилмасляная кислота",
    "qrcode": [
      4670033321142
    ],
    "url": "https://www.eapteka.ru/goods/id513593/"
  },
  {
    "name": "Солпадеин Фаст, таблетки растворимые 65 мг+500 мг  12 шт",
    "producer": "ГлаксоСмитКляйн Дангарван Лимитед, Ирландия",
    "active_component": "Кофеин, Парацетамол",
    "qrcode": [
      4602233005669,
      4602233007090,
      "-"
    ],
    "url": "https://www.eapteka.ru/goods/id233469/"
  },
  {
    "name": "Мебеверин-СЗ таблетки покрыт. плен. об. 135 мг, 30 шт.",
    "producer": "Северная Звезда, Россия",
    "active_component": "Мебеверин",
    "qrcode": [
      4690655019845
    ],
    "url": "https://www.eapteka.ru/goods/id513171/"
  },
  {
    "name": "Розувастатин-Вертекс, таблетки покрыт.плен.об. 5 мг 30 шт",
    "producer": "Вертекс, Россия",
    "active_component": "Розувастатин",
    "qrcode": [
      4670033320329
    ],
    "url": "https://www.eapteka.ru/goods/id513603/"
  },
  {
    "name": "Момат Рино, спрей назальный дозированный 50 мкг/доза 60 доз 1 шт",
    "producer": "Гленмарк Фармасьютикалз Лтд, Индия",
    "active_component": "Мометазон",
    "qrcode": [
      8904091107377
    ],
    "url": "https://www.eapteka.ru/goods/id496851/"
  },
  {
    "name": "Фреймитус, таблетки покрыт.плен.об. 20 мг 1 шт",
    "producer": "Озон, Россия",
    "active_component": "Тадалафил",
    "qrcode": [
      4680020182588
    ],
    "url": "https://www.eapteka.ru/goods/id352715/"
  },
  {
    "name": "Диамерид, таблетки 2 мг, 30 шт.",
    "producer": "Акрихин ХФК АО, Россия",
    "active_component": "Глимепирид",
    "qrcode": [
      4601969006056
    ],
    "url": "https://www.eapteka.ru/goods/id213099/"
  },
  {
    "name": "Налгезин, таблетки 275 мг 10 шт",
    "producer": "КРКА дд Ново место, Словения",
    "active_component": "Напроксен",
    "qrcode": [
      3838989500122
    ],
    "url": "https://www.eapteka.ru/goods/id98732/"
  },
  {
    "name": "Бруфен СР таблетки с пролонг высвобож покрыт.плен.об. 800 мг, 14 шт.",
    "producer": "Фамар А.В.Е., Греция",
    "active_component": "Ибупрофен",
    "qrcode": [
      8002660031778
    ],
    "url": "https://www.eapteka.ru/goods/id484586/"
  },
  {
    "name": "Коделак Бронхо с чабрецом, эликсир 200 мл 1 шт",
    "producer": "Фармстандарт-Лексредства, Россия",
    "active_component": "Амброксол, Натрия глицерризинат, Тимьяна ползучего травы экстракт",
    "qrcode": [
      4601669011879
    ],
    "url": "https://www.eapteka.ru/goods/id270969/"
  },
  {
    "name": "Кетотифен Софарма, сироп 100 мл",
    "producer": "Софарма, Болгария",
    "active_component": "Кетотифен",
    "qrcode": [
      3800010650090
    ],
    "url": "https://www.eapteka.ru/goods/id111489/"
  },
  {
    "name": "Фазостабил, таблетки покрыт.плен.об. 150 мг+30,39 мг  100 шт",
    "producer": "Озон, Россия",
    "active_component": "Ацетилсалициловая кислота, [Магния гидроксид]",
    "qrcode": [
      4680020181918
    ],
    "url": "https://www.eapteka.ru/goods/id352741/"
  },
  {
    "name": "Магнерот, таблетки 500 мг 20 шт",
    "producer": "Мауэрманн-Арцнаймиттель КГ, Германия",
    "active_component": "Магния оротат",
    "qrcode": [
      4030674000538
    ],
    "url": "https://www.eapteka.ru/goods/id200873/"
  },
  {
    "name": "Септолете Тотал лимон и мед, таблетки для рассасывания 3 мг+1 мг  16 шт",
    "producer": "КРКА дд Ново место, Словения",
    "active_component": "Бензидамин, Цетилпиридиния хлорид",
    "qrcode": [
      3838989685393
    ],
    "url": "https://www.eapteka.ru/goods/id505447/"
  },
  {
    "name": "Колдрекс ХотРем при простуде и гриппе со вкусом меда и лимона, 5 г, 5 пак.",
    "producer": "СмитКляйн Бичем С.А., Испания",
    "active_component": "Парацетамол, Фенилэфрин, Аскорбиновая кислота",
    "qrcode": [
      4602233005058
    ],
    "url": "https://www.eapteka.ru/goods/id206047/"
  },
  {
    "name": "Бутадион таблетки 150 мг, 20 шт.",
    "producer": "Алиум АО, Россия",
    "active_component": "Фенилбутазон",
    "qrcode": [
      4605077006588,
      4605077014828
    ],
    "url": "https://www.eapteka.ru/goods/id233216/"
  },
  {
    "name": "Азитрокс, капсулы 500 мг 3 шт",
    "producer": "Фармстандарт-Лексредства, Россия",
    "active_component": "Азитромицин",
    "qrcode": [
      4601669005427
    ],
    "url": "https://www.eapteka.ru/goods/id209611/"
  }
]