[
  {
    "name": "Рабепразол-Вертекс, капсулы кишечнорастворимые 10 мг   28 шт",
    "producer": "Вертекс, Россия",
    "active_component": "Рабепразол",
    "qrcode": [
      4670033320794
    ],
    "url": "https://www.eapteka.ru/goods/id513600/"
  },
  {
    "name": "Альфа Д3, капсулы 0,25 г мкг 30 шт",
    "producer": "Каталент Джермани Эбербах ГмбХ, Германия",
    "active_component": "Альфакальцидол",
    "qrcode": [
      7290008001557,
      5350586005018
    ],
    "url": "https://www.eapteka.ru/goods/id123673/"
  },
  {
    "name": "Звездочка таблетки для рассасывания, 2,4 г апельсин 18 шт.",
    "producer": "Сидлер Ремедиз, Индия",
    "active_component": "Имбирь, Солодки голой, Эмблики лек, Ментол",
    "qrcode": [
      8906046112726,
      3800212712572
    ],
    "url": "https://www.eapteka.ru/goods/id267848/"
  },
  {
    "name": "Африн, спрей назальный 0,05 % 15 мл",
    "producer": "Делфарм Монреаль Инк., Канада",
    "active_component": "Оксиметазолин",
    "qrcode": [
      4602210002414,
      4250369507351,
      4250369506484
    ],
    "url": "https://www.eapteka.ru/goods/id225652/"
  },
  {
    "name": "Березовые почки, сырье растительное     1 шт",
    "producer": "Фирма Здоровье, Россия",
    "active_component": "Березы почки",
    "qrcode": [
      4601214000013
    ],
    "url": "https://www.eapteka.ru/goods/id123926/"
  },
  {
    "name": "Оланзапин Канон, таблетки покрыт.плен.об. 5 мг 28 шт",
    "producer": "Канонфарма продакшн ЗАО, Россия",
    "active_component": "Оланзапин",
    "qrcode": [
      4606486022312
    ],
    "url": "https://www.eapteka.ru/goods/id255975/"
  },
  {
    "name": "Интеллан, капсулы 20 шт",
    "producer": "Хербион Пакистан Прайвет Лимитед, Пакистан",
    "active_component": "Препарат растительного происхождения",
    "qrcode": [
      4607006670082,
      4607006673595
    ],
    "url": "https://www.eapteka.ru/goods/id219546/"
  },
  {
    "name": "Артрафик мазь для наружного применения  5%, 30 г",
    "producer": "Озон, Россия",
    "active_component": "Хондроитина сульфат",
    "qrcode": [
      4607027768553
    ],
    "url": "https://www.eapteka.ru/goods/id265533/"
  },
  {
    "name": "Фромилид, таблетки 250 мг 14 шт",
    "producer": "КРКА дд Ново место, Словения",
    "active_component": "Кларитромицин",
    "qrcode": [
      3838989511630,
      4605635000324
    ],
    "url": "https://www.eapteka.ru/goods/id98718/"
  },
  {
    "name": "BodyFit day капсулы, 30 шт.",
    "producer": "Артлайф ООО, Россия",
    "active_component": "",
    "qrcode": [
      4606492009321
    ],
    "url": "https://www.eapteka.ru/goods/id510295/"
  },
  {
    "name": "Корилип, суппозитории ректальные 10 шт",
    "producer": "Альтфарм, Россия",
    "active_component": "Кокарбоксилаза, Рибофлавин, Тиоктовая кислота",
    "qrcode": [
      4607035440090
    ],
    "url": "https://www.eapteka.ru/goods/id207706/"
  },
  {
    "name": "Флюкорем, гель для наружного применения 15 г   1 шт",
    "producer": "Инкьюб Этикалз Пвт. Лтд., Индия",
    "active_component": "Флуконазол",
    "qrcode": [
      4650065230032
    ],
    "url": "https://www.eapteka.ru/goods/id355922/"
  },
  {
    "name": "Мерифатин МВ, таблетки с модифиц высвобождением 750 мг 60 шт",
    "producer": "Фармасинтез-Тюмень, Россия",
    "active_component": "Метформин",
    "qrcode": [
      4620017863410
    ],
    "url": "https://www.eapteka.ru/goods/id338591/"
  },
  {
    "name": "Паглюферал 3, таблетки   20 шт",
    "producer": "Московская ФФ, Россия",
    "active_component": "Бромизовал, Кальция глюконат, Кофеин, Папаверин, Фенобарбитал",
    "qrcode": [
      4601429001904
    ],
    "url": "https://www.eapteka.ru/goods/id66601/"
  },
  {
    "name": "Паноксен, таблетки покрыт.об. 50 мг+500 мг 20 шт",
    "producer": "Оксфорд Лабораториз Пвт. Лтд., Индия",
    "active_component": "Диклофенак, Парацетамол",
    "qrcode": [
      8901151560318,
      8902034113805
    ],
    "url": "https://www.eapteka.ru/goods/id204613/"
  },
  {
    "name": "Диклозан форте крем с глюкозамином, 75 мл",
    "producer": "ВИС ООО, Россия",
    "active_component": "",
    "qrcode": [
      4670030870148,
      4660014120437,
      4607039970357
    ],
    "url": "https://www.eapteka.ru/goods/id210141/"
  },
  {
    "name": "Аджисепт, таблетки для рассасыв с медом и лимоном, 24 шт.",
    "producer": "Аджио Фармацевтикалз Лтд, Индия",
    "active_component": "Амилметакрезол, Дихлорбензиловый спирт",
    "qrcode": [
      8901043000465,
      8901043000462
    ],
    "url": "https://www.eapteka.ru/goods/id222016/"
  },
  {
    "name": "Облепиховое масло, капсулы 200 мг 100 шт",
    "producer": "Алтайвитамины, Россия",
    "active_component": "",
    "qrcode": [
      4603679003240,
      4603679001062
    ],
    "url": "https://www.eapteka.ru/goods/id39063/"
  },
  {
    "name": "Нигепан, суппозитории ректальные     10 шт",
    "producer": "Нижфарм АО, Россия",
    "active_component": "Гепарин натрия, Бензокаин",
    "qrcode": [
      4601026155727,
      4601026307218
    ],
    "url": "https://www.eapteka.ru/goods/id125178/"
  },
  {
    "name": "Коронал, таблетки покрыт.плен.об. 10 мг 60 шт",
    "producer": "Санека Фармасьютикалс а.с., Словакия",
    "active_component": "Бисопролол",
    "qrcode": [
      8584005101501,
      3582910091073
    ],
    "url": "https://www.eapteka.ru/goods/id211705/"
  }
]