[
  {
    "name": "Дюфалак сироп 667 мг/мл 15 мл, 10 шт.",
    "producer": "Эббот Биолоджикалз Б.В., Нидерланды",
    "active_component": "Лактулоза",
    "qrcode": [
      8715554001411
    ],
    "url": "https://www.eapteka.ru/goods/id124528/"
  },
  {
    "name": "Элькар, раствор для приема внутрь 300 мг/мл 25 мл 1 шт",
    "producer": "Пик-Фарма, Россия",
    "active_component": "Левокарнитин",
    "qrcode": [
      4650057490109,
      4630016120322
    ],
    "url": "https://www.eapteka.ru/goods/id213339/"
  },
  {
    "name": "Бетаксолол, капли глазные 5 мл",
    "producer": "МЭЗ, Россия",
    "active_component": "Бетаксолол",
    "qrcode": [
      4602676007145
    ],
    "url": "https://www.eapteka.ru/goods/id234118/"
  },
  {
    "name": "Мезим форте, таблетки покрыт.об. 80 шт",
    "producer": "Берлин-Хеми АГ, Германия",
    "active_component": "Панкреатин",
    "qrcode": [
      4630011650022
    ],
    "url": "https://www.eapteka.ru/goods/id22326/"
  },
  {
    "name": "Инфатрини смесь для энтерального питания бутылочка, 125 мл",
    "producer": "N.V. Nutricia, Нидерланды",
    "active_component": "",
    "qrcode": [
      8716900564918,
      8716900569999
    ],
    "url": "https://www.eapteka.ru/goods/id238671/"
  },
  {
    "name": "Валокордин-Доксиламин, капли для приема внутрь 25 мг/мл 20 мл",
    "producer": "Кревель Мойзельбах ГмбХ, Германия",
    "active_component": "Доксиламин",
    "qrcode": [
      4030031898341
    ],
    "url": "https://www.eapteka.ru/goods/id228028/"
  },
  {
    "name": "Аспирин Экспресс, таблетки шипучие 500 мг, 12 шт.",
    "producer": "Байер Биттерфельд ГмбХ, Германия",
    "active_component": "Ацетилсалициловая кислота",
    "qrcode": [
      4250369505166
    ],
    "url": "https://www.eapteka.ru/goods/id227384/"
  },
  {
    "name": "Висмута трикалия дицитрат-Вертекс таблетки покрыт плен.об.120 мг, 56 шт.",
    "producer": "Вертекс, Россия",
    "active_component": "Висмута трикалия дицитрат",
    "qrcode": [
      4670033322941
    ],
    "url": "https://www.eapteka.ru/goods/id513890/"
  },
  {
    "name": "Дюфалак, сироп 667 мг/мл 200 мл 1 шт",
    "producer": "Эббот Биолоджикалз Б.В., Нидерланды",
    "active_component": "Лактулоза",
    "qrcode": [
      8715554000063,
      "-",
      4620011582638,
      4620011583703
    ],
    "url": "https://www.eapteka.ru/goods/id110261/"
  },
  {
    "name": "Тилорон-СЗ, таблетки покрыт.плен.об. 125 мг 6 шт",
    "producer": "Северная Звезда, Россия",
    "active_component": "Тилорон",
    "qrcode": [
      4690655019234
    ],
    "url": "https://www.eapteka.ru/goods/id355919/"
  },
  {
    "name": "Фенилэфрин-СЗ, капли глазные 2,5 % 5 мл 1 шт",
    "producer": "Северная Звезда, Россия",
    "active_component": "Фенилэфрин",
    "qrcode": [
      4690655024566
    ],
    "url": "https://www.eapteka.ru/goods/id500668/"
  },
  {
    "name": "Глюконорм, таблетки покрыт.плен.об. 2,5 мг+400 мг 40 шт",
    "producer": "М Дж Биофарм, Индия",
    "active_component": "Глибенкламид, Метформин",
    "qrcode": [
      4602196002606
    ],
    "url": "https://www.eapteka.ru/goods/id225492/"
  },
  {
    "name": "Гастрацид, таблетки жевательные 20 шт",
    "producer": "Др.мед.Ауфдермаур АГ, Швейцария",
    "active_component": "Алгелдрат, Магния гидроксид",
    "qrcode": [
      8717627102797,
      4607013581272,
      8717627110433
    ],
    "url": "https://www.eapteka.ru/goods/id103049/"
  },
  {
    "name": "Женьшеня настоящего экстракт-ВИС капсулы 0,4 г, 40 шт.",
    "producer": "ВИС ООО, Россия",
    "active_component": "",
    "qrcode": [
      4607039975376
    ],
    "url": "https://www.eapteka.ru/goods/id233507/"
  },
  {
    "name": "Калия оротат Renewal, таблетки 500 мг 20 шт",
    "producer": "Обновление ПФК АО, Россия",
    "active_component": "Оротовая кислота",
    "qrcode": [
      4603988003283
    ],
    "url": "https://www.eapteka.ru/goods/id306081/"
  },
  {
    "name": "Леспефрил, флаконы , 100 мл",
    "producer": "Вифитех, Россия",
    "active_component": "Леспедезы двухцветной побеги",
    "qrcode": [
      4605180006123
    ],
    "url": "https://www.eapteka.ru/goods/id47312/"
  },
  {
    "name": "Лозартан таблетки покрыт.плен.об. 50 мг, 90 шт.",
    "producer": "Вертекс, Россия",
    "active_component": "Лозартан",
    "qrcode": [
      4607003248628,
      4607003249618
    ],
    "url": "https://www.eapteka.ru/goods/id263230/"
  },
  {
    "name": "Ноохолин Ромфарм р-р для в/вен. и в/мыш. введ.250 мг/мл 4 мл ампулы, 3 шт.",
    "producer": "К.О.Ромфарм Компани С.Р.Л., Румыния",
    "active_component": "Холина альфосцерат",
    "qrcode": [
      5944728001992
    ],
    "url": "https://www.eapteka.ru/goods/id221231/"
  },
  {
    "name": "Кетопрофен гель для наружнего применения 2,5%, 50 г",
    "producer": "Озон, Россия",
    "active_component": "Кетопрофен",
    "qrcode": [
      4607027767174
    ],
    "url": "https://www.eapteka.ru/goods/id250287/"
  },
  {
    "name": "Лотонел таблетки 5 мг, 30 шт.",
    "producer": "Вертекс, Россия",
    "active_component": "Торасемид",
    "qrcode": [
      4607003248635
    ],
    "url": "https://www.eapteka.ru/goods/id263192/"
  }
]