[
  {
    "name": "Березовые почки, сырье растительное     1 шт",
    "producer": "Красногорсклексредства, Россия",
    "active_component": "Березы почки",
    "qrcode": [
      4601498006343
    ],
    "url": "https://www.eapteka.ru/goods/id61276/"
  },
  {
    "name": "Артрозан таблетки 15 мг, 10 шт.",
    "producer": "Фармстандарт-Лексредства, Россия",
    "active_component": "Мелоксикам",
    "qrcode": [
      4601669007650
    ],
    "url": "https://www.eapteka.ru/goods/id238614/"
  },
  {
    "name": "Тералив 275, таблетки покрыт.плен.об. 275 мг 12 шт",
    "producer": "Байер Биттерфельд ГмбХ, Германия",
    "active_component": "Напроксен",
    "qrcode": [
      4250369505258
    ],
    "url": "https://www.eapteka.ru/goods/id326213/"
  },
  {
    "name": "Мелоксикам-Тева, таблетки 7,5 мг 20 шт.",
    "producer": "Тева Фармасьютикал Воркс Прайвэт Лимитед Компани, Венгрия",
    "active_component": "Мелоксикам",
    "qrcode": [
      5995377789045
    ],
    "url": "https://www.eapteka.ru/goods/id227286/"
  },
  {
    "name": "Ринзасип с витамином С Лимон, порошок д/приг р-ра д/приема внутрь     5 шт",
    "producer": "Юник Фармасьютикал Лабораториз, Индия",
    "active_component": "",
    "qrcode": [
      8901086181190
    ],
    "url": "https://www.eapteka.ru/goods/id219180/"
  },
  {
    "name": "Левоцетиризин-Вертекс таблетки покрыт.плен.об. 5 мг, 30 шт.",
    "producer": "Вертекс, Россия",
    "active_component": "Левоцетиризин",
    "qrcode": [
      4670033321876
    ],
    "url": "https://www.eapteka.ru/goods/id513576/"
  },
  {
    "name": "Аква Марис Стронг, спрей для местного применения 30 мл 1 шт",
    "producer": "ЯДРАН-ГАЛЕНСКИ ЛАБОРАТОРИЙ а.о., Хорватия",
    "active_component": "",
    "qrcode": [
      3856013217716,
      3856013222123
    ],
    "url": "https://www.eapteka.ru/goods/id273925/"
  },
  {
    "name": "Аквалор Протект спрей средство для орошения полости носа, 30 мл",
    "producer": "ИС ЛАБ, Франция",
    "active_component": "Вода морская",
    "qrcode": [
      4601026309373
    ],
    "url": "https://www.eapteka.ru/goods/id321709/"
  },
  {
    "name": "УроКам, сироп 100 мл   1 шт",
    "producer": "Камелия НПП, Россия",
    "active_component": "",
    "qrcode": [
      4603713000600
    ],
    "url": "https://www.eapteka.ru/goods/id216226/"
  },
  {
    "name": "Пантенол Фармстандарт, спрей для наружного применения 58 г   1 шт",
    "producer": "Фармстандарт-Лексредства, Россия",
    "active_component": "Декспантенол",
    "qrcode": [
      4601669005540
    ],
    "url": "https://www.eapteka.ru/goods/id215022/"
  },
  {
    "name": "Толперизон, таблетки покрыт.плен.об. 50 мг 30 шт",
    "producer": "Озон, Россия",
    "active_component": "Толперизон",
    "qrcode": [
      4607027769680
    ],
    "url": "https://www.eapteka.ru/goods/id504193/"
  },
  {
    "name": "Фелотенз ретард, таблетки пролонгированного действия 2,5 мг   30 шт",
    "producer": "Канонфарма продакшн ЗАО, Россия",
    "active_component": "Фелодипин",
    "qrcode": [
      4606486021414,
      4606486021421
    ],
    "url": "https://www.eapteka.ru/goods/id255985/"
  },
  {
    "name": "Колдрекс ХотРем со вкусом лимона при простуде и гриппе, порошок, 5 г, 5 шт.",
    "producer": "СмитКляйн Бичем С.А., Испания",
    "active_component": "Парацетамол, Фенилэфрин, Аскорбиновая кислота",
    "qrcode": [
      4602233002552
    ],
    "url": "https://www.eapteka.ru/goods/id30629/"
  },
  {
    "name": "Амелотекс гель для наружного применения 1%, 50г",
    "producer": "Озон, Россия",
    "active_component": "Мелоксикам",
    "qrcode": [
      4605964004666
    ],
    "url": "https://www.eapteka.ru/goods/id250373/"
  },
  {
    "name": "Беклазон Эко, аэрозоль для ингаляций 100 мкг/доза 200 доз",
    "producer": "Нортон (Вотерфорд) Лимитед/АЙВЭКС Фармасьютикалс И, Ирландия",
    "active_component": "Беклометазон",
    "qrcode": [
      5050963015622,
      "-",
      505096301562
    ],
    "url": "https://www.eapteka.ru/goods/id207550/"
  },
  {
    "name": "Ринзасип с витамином С Лимон, порошок д/приг р-ра д/приема внутрь     10 шт",
    "producer": "Юник Фармасьютикал Лабораториз, Индия",
    "active_component": "",
    "qrcode": [
      8901086181220
    ],
    "url": "https://www.eapteka.ru/goods/id219183/"
  },
  {
    "name": "Туя ДН, масло для местного применения   20 мл 1 шт",
    "producer": "Доктор Н, Россия",
    "active_component": "",
    "qrcode": [
      4605234000978
    ],
    "url": "https://www.eapteka.ru/goods/id248761/"
  },
  {
    "name": "Медный всадник, капли, 25 мл",
    "producer": "Талион-А, Россия",
    "active_component": "Гомеопатический состав",
    "qrcode": [
      4603337000062
    ],
    "url": "https://www.eapteka.ru/goods/id200404/"
  },
  {
    "name": "Валемидин плюс сироп, 100 мл",
    "producer": "Фармамед ООО, Россия",
    "active_component": "",
    "qrcode": [
      4607068360402
    ],
    "url": "https://www.eapteka.ru/goods/id281894/"
  },
  {
    "name": "Сульцеф пор для пригот р-ра для  в/в и в/м введ. 1 г+1 г 2,18 г флаконы, 1 шт.",
    "producer": "Медокеми Лтд, Кипр",
    "active_component": "",
    "qrcode": [
      5290931006355,
      4640108720163
    ],
    "url": "https://www.eapteka.ru/goods/id315162/"
  }
]