[
  {
    "name": "Эрмиталь, капсулы 25000 ед   20 шт",
    "producer": "Нордмарк Фарма ГмбХ, Германия",
    "active_component": "Панкреатин",
    "qrcode": [
      4260142420357,
      4260142420050
    ],
    "url": "https://www.eapteka.ru/goods/id214254/"
  },
  {
    "name": "Гимекромон-СЗ, таблетки 200 мг 20 шт",
    "producer": "Северная Звезда, Россия",
    "active_component": "Гимекромон",
    "qrcode": [
      4690655022166
    ],
    "url": "https://www.eapteka.ru/goods/id497672/"
  },
  {
    "name": "АнвиМакс Малина таблетки шипучие, 10 шт.",
    "producer": "ФармВилар НПО, Россия",
    "active_component": "",
    "qrcode": [
      4605964006394,
      4605964008220
    ],
    "url": "https://www.eapteka.ru/goods/id294201/"
  },
  {
    "name": "Аторвастатин-Тева, таблетки покрыт.плен.об 20 мг 30 шт.",
    "producer": "Алкалоид АД Скопье, Республика Северная Македония",
    "active_component": "Аторвастатин",
    "qrcode": [
      7290102062270,
      5310001269029
    ],
    "url": "https://www.eapteka.ru/goods/id211448/"
  },
  {
    "name": "Облепиховое масло, 50 мл",
    "producer": "Вифитех, Россия",
    "active_component": "",
    "qrcode": [
      4605180006659,
      4605180006208
    ],
    "url": "https://www.eapteka.ru/goods/id229109/"
  },
  {
    "name": "Апис-плюс, суппозитории ректальные 6 шт",
    "producer": "Доктор Н, Россия",
    "active_component": "Бактериофаг клебсиелл",
    "qrcode": [
      4605234002651
    ],
    "url": "https://www.eapteka.ru/goods/id215391/"
  },
  {
    "name": "Торасемид-СЗ, таблетки 10 мг 30 шт",
    "producer": "Северная Звезда, Россия",
    "active_component": "Торасемид",
    "qrcode": [
      4690655012983,
      4690655021398
    ],
    "url": "https://www.eapteka.ru/goods/id265906/"
  },
  {
    "name": "Спазган Нео, таблетки покрыт.плен.об. 400 мг+5 мг+0,1 мг  20 шт",
    "producer": "Вокхардт Лтд, Индия",
    "active_component": "Ибупрофен, Питофенон, Фенпивериния бромид",
    "qrcode": [
      8901067045879,
      8901067045876
    ],
    "url": "https://www.eapteka.ru/goods/id314564/"
  },
  {
    "name": "Кларитромицин-Тева, таблетки покрыт.плен.об. 500 мг 10 шт.",
    "producer": "Плива Хрватска д.о.о., Хорватия",
    "active_component": "Кларитромицин",
    "qrcode": [
      3850114225878
    ],
    "url": "https://www.eapteka.ru/goods/id213631/"
  },
  {
    "name": "Дюфалак, сироп 667 мг/мл 200 мл 1 шт",
    "producer": "Верофарм АО, Россия",
    "active_component": "Лактулоза",
    "qrcode": [
      4620011583703
    ],
    "url": "https://www.eapteka.ru/goods/id514048/"
  },
  {
    "name": "Анти-Ангин Формула, пастилки 12 шт",
    "producer": "Др.мед.Ауфдермаур АГ, Швейцария",
    "active_component": "Тетракаин, Хлоргексидин, Аскорбиновая кислота",
    "qrcode": [
      4601372001938,
      4607013581227
    ],
    "url": "https://www.eapteka.ru/goods/id210306/"
  },
  {
    "name": "Трусопт, капли глазные 20 мг/мл 5 мл 1 шт",
    "producer": "Мерк Шарп и Доум Б.В., Нидерланды",
    "active_component": "Дорзоламид",
    "qrcode": [
      6419716606736,
      4987084311252,
      8711141576478
    ],
    "url": "https://www.eapteka.ru/goods/id103000/"
  },
  {
    "name": "Офтаринт, капли глазные 10 мл 1 шт",
    "producer": "Гротекс ООО, Россия",
    "active_component": "Аденозин, Никотинамид, Цитохром С",
    "qrcode": [
      4670028229965
    ],
    "url": "https://www.eapteka.ru/goods/id502836/"
  },
  {
    "name": "Леспефлан, флаконы , 100 мл",
    "producer": "Дальхимфарм, Россия",
    "active_component": "Леспедезы двухцветной побеги",
    "qrcode": [
      4602824019815
    ],
    "url": "https://www.eapteka.ru/goods/id52827/"
  },
  {
    "name": "Метглиб таблетки покрыт.плен.об. 2,5 мг+ 400 мг, 40 шт.",
    "producer": "Канонфарма продакшн ЗАО, Россия",
    "active_component": "",
    "qrcode": [
      4606486018407,
      4610017500064
    ],
    "url": "https://www.eapteka.ru/goods/id233582/"
  },
  {
    "name": "Веда-2, шампунь против педикулеза, 100 мл",
    "producer": "Дезинфекционист, Россия",
    "active_component": "",
    "qrcode": [
      4600720330034
    ],
    "url": "https://www.eapteka.ru/goods/id228136/"
  },
  {
    "name": "Линкас, сироп, 90 мл",
    "producer": "Хербион Пакистан Прайвет Лимитед, Пакистан",
    "active_component": "Препарат растительного происхождения",
    "qrcode": [
      4607006670013,
      8964001204046
    ],
    "url": "https://www.eapteka.ru/goods/id204302/"
  },
  {
    "name": "Эзлор, таблетки покрыт.плен.об. 5 мг 10 шт",
    "producer": "Озон, Россия",
    "active_component": "Дезлоратадин",
    "qrcode": [
      4607027765248
    ],
    "url": "https://www.eapteka.ru/goods/id294648/"
  },
  {
    "name": "Сольвенций, капли для приема внутрь     1 шт",
    "producer": "Талион-А, Россия",
    "active_component": "Гомеопатический состав",
    "qrcode": [
      4603337000079
    ],
    "url": "https://www.eapteka.ru/goods/id204337/"
  },
  {
    "name": "Гексорал табс классик лимон, таблетки для рассасывания 16 шт",
    "producer": "Юник Фармасьютикал Лабораториз, Индия",
    "active_component": "Амилметакрезол, Дихлорбензиловый спирт",
    "qrcode": [
      8901086080189
    ],
    "url": "https://www.eapteka.ru/goods/id221082/"
  }
]