[
  {
    "name": "Линкас, сироп, 90 мл",
    "producer": "Хербион Пакистан Прайвет Лимитед, Пакистан",
    "active_component": "Препарат растительного происхождения",
    "qrcode": [
      4607006670013,
      8964001204046
    ],
    "url": "https://www.eapteka.ru/goods/id204302/"
  },
  {
    "name": "Эзлор, таблетки покрыт.плен.об. 5 мг 10 шт",
    "producer": "Озон, Россия",
    "active_component": "Дезлоратадин",
    "qrcode": [
      4607027765248
    ],
    "url": "https://www.eapteka.ru/goods/id294648/"
  },
  {
    "name": "Сольвенций, капли для приема внутрь     1 шт",
    "producer": "Талион-А, Россия",
    "active_component": "Гомеопатический состав",
    "qrcode": [
      4603337000079
    ],
    "url": "https://www.eapteka.ru/goods/id204337/"
  },
  {
    "name": "Гексорал табс классик лимон, таблетки для рассасывания 16 шт",
    "producer": "Юник Фармасьютикал Лабораториз, Индия",
    "active_component": "Амилметакрезол, Дихлорбензиловый спирт",
    "qrcode": [
      8901086080189
    ],
    "url": "https://www.eapteka.ru/goods/id221082/"
  },
  {
    "name": "Боботик, капли для приема внутрь 66,66 мг/мл 30 мл 1 шт",
    "producer": "Польфарма АО, Польша",
    "active_component": "Симетикон",
    "qrcode": [
      5907529417126,
      5903060619821
    ],
    "url": "https://www.eapteka.ru/goods/id222066/"
  },
  {
    "name": "Лозартан-Н Канон таблетки покрыт.плен.об. 12,5мг + 50мг, 30 шт.",
    "producer": "Канонфарма продакшн ЗАО, Россия",
    "active_component": "Гидрохлоротиазид, Лозартан",
    "qrcode": [
      4606486022916,
      "-",
      4606486022954,
      4606486027904,
      "*"
    ],
    "url": "https://www.eapteka.ru/goods/id255966/"
  },
  {
    "name": "Гидрохлоротиазид+Каптоприл, таблетки 25 мг+50 мг 30 шт",
    "producer": "Озон, Россия",
    "active_component": "Гидрохлоротиазид, Каптоприл",
    "qrcode": [
      4607027769505
    ],
    "url": "https://www.eapteka.ru/goods/id504005/"
  },
  {
    "name": "Лидокаин, спрей для местного и наружного применения дозир 4,6 мг/доза 38 г",
    "producer": "ЭГИС, Венгрия",
    "active_component": "Лидокаин",
    "qrcode": [
      5995327218199
    ],
    "url": "https://www.eapteka.ru/goods/id21793/"
  },
  {
    "name": "Персен, таблетки покрыт.об.   20 шт",
    "producer": "Лек д.д., Словения",
    "active_component": "",
    "qrcode": [
      3838957010073
    ],
    "url": "https://www.eapteka.ru/goods/id265336/"
  },
  {
    "name": "Гопантеновая кислота-Вертекс таблетки 250 мг, 50 шт.",
    "producer": "Вертекс, Россия",
    "active_component": "Гопантеновая кислота",
    "qrcode": [
      4670033320312
    ],
    "url": "https://www.eapteka.ru/goods/id513597/"
  },
  {
    "name": "Нимика, таблетки 100 мг 20 шт",
    "producer": "Ипка Лабораториз Лимитед, Индия",
    "active_component": "Нимесулид",
    "qrcode": [
      8901079004505
    ],
    "url": "https://www.eapteka.ru/goods/id208025/"
  },
  {
    "name": "Тералив 275, таблетки покрыт.плен.об. 275 мг 24 шт",
    "producer": "Байер Биттерфельд ГмбХ, Германия",
    "active_component": "Напроксен",
    "qrcode": [
      4250369507450
    ],
    "url": "https://www.eapteka.ru/goods/id326214/"
  },
  {
    "name": "Целестодерм В, мазь для наружного применения     1 шт",
    "producer": "Шеринг-Плау Лабо Н.В., Бельгия",
    "active_component": "Бетаметазон",
    "qrcode": [
      4602210000120,
      4250369506286
    ],
    "url": "https://www.eapteka.ru/goods/id20496/"
  },
  {
    "name": "Алмагель А, суспензия для приема внутрь 10 мл пак 10 шт",
    "producer": "Балканфарма - Троян АД, Болгария",
    "active_component": "Алгелдрат, Бензокаин, Магния гидроксид",
    "qrcode": [
      5690528422016
    ],
    "url": "https://www.eapteka.ru/goods/id294109/"
  },
  {
    "name": "Креон 10000, капсулы кишечнорастворимые 10000 ед 20 шт",
    "producer": "Эбботт Лэбораториз ГмбХ, Германия",
    "active_component": "Панкреатин",
    "qrcode": [
      4032128011329,
      8002660019400,
      4620011583604,
      "-"
    ],
    "url": "https://www.eapteka.ru/goods/id25563/"
  },
  {
    "name": "Латран, таблетки покрыт.плен.об. 4 мг 10 шт",
    "producer": "ФГУП Фармзащита НПЦ, Россия",
    "active_component": "Ондансетрон",
    "qrcode": [
      4602779004928,
      4602779000029
    ],
    "url": "https://www.eapteka.ru/goods/id204554/"
  },
  {
    "name": "Смекта, суспензия для приема внутрь 3 г   8 шт",
    "producer": "Бофур Ипсен Индастри, Франция",
    "active_component": "Смектит диоктаэдрический",
    "qrcode": [
      3582186006221,
      3665585002374,
      "-"
    ],
    "url": "https://www.eapteka.ru/goods/id336790/"
  },
  {
    "name": "Джосет, сироп 100 мл",
    "producer": "Юник Фармасьютикал Лабораториз, Индия",
    "active_component": "",
    "qrcode": [
      8901086100030
    ],
    "url": "https://www.eapteka.ru/goods/id212377/"
  },
  {
    "name": "Долфин средство гигиеническое для промывания носа пакетики, 2 г 30 шт",
    "producer": "Алвоген Фарма/Зентива Фарма, Россия",
    "active_component": "",
    "qrcode": [
      4680002020075,
      "-",
      4650067760131
    ],
    "url": "https://www.eapteka.ru/goods/id215355/"
  },
  {
    "name": "Д-Пантенол-Нижфарм, крем для наружного применения 5 % 25 г 1 шт",
    "producer": "Нижфарм АО, Россия",
    "active_component": "Декспантенол",
    "qrcode": [
      4601026309335,
      3858881053175
    ],
    "url": "https://www.eapteka.ru/goods/id312270/"
  }
]