[
  {
    "name": "Карведилол Сандоз таблетки 25 мг, 30 шт.",
    "producer": "Салютас Фарма ГмбХ, Германия",
    "active_component": "Карведилол",
    "qrcode": [
      4030855187164
    ],
    "url": "https://www.eapteka.ru/goods/id212667/"
  },
  {
    "name": "Антигриппин, таблетки шипучие д/взр малина, 10 шт.",
    "producer": "Натур Продукт Фарма, Польша",
    "active_component": "",
    "qrcode": [
      4607013581036,
      8717627104135
    ],
    "url": "https://www.eapteka.ru/goods/id213004/"
  },
  {
    "name": "Брустан таблетки покрыт.плен.об. 400 мг+325 мг, 10 шт.",
    "producer": "Сан Фармасьютикал Индастриз Лтд, Индия",
    "active_component": "Ибупрофен, Парацетамол",
    "qrcode": [
      4601764000013,
      4601764007326
    ],
    "url": "https://www.eapteka.ru/goods/id29139/"
  },
  {
    "name": "Креон 10000, капсулы кишечнорастворимые 10000 ед 20 шт",
    "producer": "Верофарм АО, Россия",
    "active_component": "Панкреатин",
    "qrcode": [
      4620011583604
    ],
    "url": "https://www.eapteka.ru/goods/id512985/"
  },
  {
    "name": "Фильтрум-СТИ, таблетки   50 шт",
    "producer": "Авва Рус, Россия",
    "active_component": "Лигнин гидролизный",
    "qrcode": [
      4680020231101,
      4607003663896,
      4680020233389
    ],
    "url": "https://www.eapteka.ru/goods/id207548/"
  },
  {
    "name": "Дуоколд набор порошков д/приг р-ра для приема внутрь лимон, 9 шт./ночь 3 шт.",
    "producer": "Вертекс, Россия",
    "active_component": "Аскорбиновая кислота, Кальция глюконат, Парацетамол, Рутозид, Фенилэфрин",
    "qrcode": [
      4670033321456
    ],
    "url": "https://www.eapteka.ru/goods/id502774/"
  },
  {
    "name": "Вестибо, таблетки 24 мг 30 шт.",
    "producer": "Каталент Германи Шорндорф ГмбХ, Германия",
    "active_component": "Бетагистин",
    "qrcode": [
      4607141996030,
      4630013790313,
      4607141998973
    ],
    "url": "https://www.eapteka.ru/goods/id209840/"
  },
  {
    "name": "Интеллан, сироп, 90 мл",
    "producer": "Хербион Пакистан Прайвет Лимитед, Пакистан",
    "active_component": "Препарат растительного происхождения",
    "qrcode": [
      4607006670099
    ],
    "url": "https://www.eapteka.ru/goods/id219547/"
  },
  {
    "name": "Нексемезин, таблетки покрыт.плен.об. 550 мг 10 шт",
    "producer": "Фармасинтез АО, Россия",
    "active_component": "Напроксен",
    "qrcode": [
      4605310023471
    ],
    "url": "https://www.eapteka.ru/goods/id514169/"
  },
  {
    "name": "Номидес, капсулы 30 мг   10 шт",
    "producer": "Фармасинтез АО, Россия",
    "active_component": "Осельтамивир",
    "qrcode": [
      4605310014271,
      4605310022801
    ],
    "url": "https://www.eapteka.ru/goods/id273592/"
  },
  {
    "name": "Флорин форте, порошок д/приг р-ра д/приема внутрь 850 мг   10 шт",
    "producer": "ПроБиоФарм, Россия",
    "active_component": "Бифидобактерии бифидум, Лактобактерии плантарум",
    "qrcode": [
      4600561030339,
      4640107660088
    ],
    "url": "https://www.eapteka.ru/goods/id211431/"
  },
  {
    "name": "Аторвастатин таблетки покрыт.плен.об. 40 мг, 30 шт.",
    "producer": "Канонфарма продакшн ЗАО, Россия",
    "active_component": "Аторвастатин",
    "qrcode": [
      4606486002475
    ],
    "url": "https://www.eapteka.ru/goods/id250394/"
  },
  {
    "name": "Магнемакс, таблетки 500 мг 20 шт",
    "producer": "Алиум АО, Россия",
    "active_component": "Магния оротат",
    "qrcode": [
      4605077012893,
      "-",
      4605077015443
    ],
    "url": "https://www.eapteka.ru/goods/id317467/"
  },
  {
    "name": "Эдас-111, капли для приема внутрь     1 шт",
    "producer": "Эдас, Россия",
    "active_component": "Гомеопатический состав",
    "qrcode": [
      4600908020719
    ],
    "url": "https://www.eapteka.ru/goods/id113244/"
  },
  {
    "name": "Целестодерм В, крем для наружного применения     1 шт",
    "producer": "Шеринг-Плау Лабо Н.В., Бельгия",
    "active_component": "Бетаметазон",
    "qrcode": [
      4250369506262,
      4602210000113
    ],
    "url": "https://www.eapteka.ru/goods/id20494/"
  },
  {
    "name": "Гербион сироп первоцвета, 150 мл",
    "producer": "КРКА дд Ново место, Словения",
    "active_component": "",
    "qrcode": [
      3838989513948
    ],
    "url": "https://www.eapteka.ru/goods/id98687/"
  },
  {
    "name": "Бронхолитин, раствор для приема внутрь 125 г",
    "producer": "Софарма, Болгария",
    "active_component": "",
    "qrcode": [
      3800010650175
    ],
    "url": "https://www.eapteka.ru/goods/id108645/"
  },
  {
    "name": "Протаргол-ЛОР, раствор для местного применения     1 шт",
    "producer": "Фармстандарт-Лексредства, Россия",
    "active_component": "Серебра протеинат",
    "qrcode": [
      4601669013248
    ],
    "url": "https://www.eapteka.ru/goods/id326899/"
  },
  {
    "name": "Гинеколь, таблетки 240 мг, 40 шт.",
    "producer": "Эвалар, Россия",
    "active_component": "",
    "qrcode": [
      4602242003885
    ],
    "url": "https://www.eapteka.ru/goods/id211038/"
  },
  {
    "name": "Тенотен, таблетки   40 шт",
    "producer": "Материа Медика Холдинг, Россия",
    "active_component": "Антитела",
    "qrcode": [
      4607009582269
    ],
    "url": "https://www.eapteka.ru/goods/id208539/"
  }
]