[
  {
    "name": "Глицин Форте, таблетки 500 мг 60 шт.",
    "producer": "Эвалар, Россия",
    "active_component": "Глицин",
    "qrcode": [
      4602242008712,
      1460224200871
    ],
    "url": "https://www.eapteka.ru/goods/id265888/"
  },
  {
    "name": "Пантопразол-Вертекс, таблетки кишечнораствор.покрыт.плен.об. 40 мг   30 шт",
    "producer": "Вертекс, Россия",
    "active_component": "Пантопразол",
    "qrcode": [
      4670033322071
    ],
    "url": "https://www.eapteka.ru/goods/id513586/"
  },
  {
    "name": "Артишока экстракт таблетки, 20 шт.",
    "producer": "Эвалар, Россия",
    "active_component": "",
    "qrcode": [
      4602242007531,
      4602242001973
    ],
    "url": "https://www.eapteka.ru/goods/id210156/"
  },
  {
    "name": "Джосет Актив, таблетки покрыт.плен.об. 30 мг+100 мг+2 мг 20 шт",
    "producer": "Юник Фармасьютикал Лабораториз, Индия",
    "active_component": "Амброксол, Гвайфенезин, Сальбутамол",
    "qrcode": [
      8901086100108
    ],
    "url": "https://www.eapteka.ru/goods/id514166/"
  },
  {
    "name": "Деринат, раствор для местного и наружного применения 0,25 мл фл 10 мл",
    "producer": "ФЗ Иммуннолекс, Россия",
    "active_component": "Дезоксирибонуклеат натрия",
    "qrcode": [
      4605962000028,
      4607173030061
    ],
    "url": "https://www.eapteka.ru/goods/id203717/"
  },
  {
    "name": "Метрогил, гель вагинальный 10 мг/г 30 г 1 шт",
    "producer": "Юник Фармасьютикал Лабораториз, Индия",
    "active_component": "Метронидазол",
    "qrcode": [
      8901086131317
    ],
    "url": "https://www.eapteka.ru/goods/id29895/"
  },
  {
    "name": "One Touch Ручка для прокалывания Delica Plus, 1 шт.",
    "producer": "Асахи Полислайдер Ко. Лтд, Япония",
    "active_component": "",
    "qrcode": [
      4580505780349
    ],
    "url": "https://www.eapteka.ru/goods/id511106/"
  },
  {
    "name": "Капотен, таблетки 25 мг, 56 шт.",
    "producer": "Акрихин ХФК АО, Россия",
    "active_component": "Каптоприл",
    "qrcode": [
      4601969001082
    ],
    "url": "https://www.eapteka.ru/goods/id37526/"
  },
  {
    "name": "Лозартан-Н Канон таблетки покрыт.плен.об. 25 мг+100 мг, 30 шт.",
    "producer": "Канонфарма продакшн ЗАО, Россия",
    "active_component": "Гидрохлоротиазид, Лозартан",
    "qrcode": [
      4606486022992,
      4606486027911
    ],
    "url": "https://www.eapteka.ru/goods/id249649/"
  },
  {
    "name": "Аспирин кардио, таблетки 100 мг 98 шт",
    "producer": "Байер Биттерфельд ГмбХ, Германия",
    "active_component": "Ацетилсалициловая кислота",
    "qrcode": [
      4008500016893
    ],
    "url": "https://www.eapteka.ru/goods/id512810/"
  },
  {
    "name": "Амелотекс, таблетки 15 мг, 10 шт.",
    "producer": "Реплек Фарм, Республика Северная Македония",
    "active_component": "Мелоксикам",
    "qrcode": [
      4605964003188
    ],
    "url": "https://www.eapteka.ru/goods/id212510/"
  },
  {
    "name": "Белый уголь Актив таблетки, 30 шт.",
    "producer": "ВТФ ООО, Россия",
    "active_component": "",
    "qrcode": [
      4607172371356
    ],
    "url": "https://www.eapteka.ru/goods/id299880/"
  },
  {
    "name": "Ренгалин, раствор для приема внутрь     1 шт",
    "producer": "Материа Медика Холдинг, Россия",
    "active_component": "Антитела",
    "qrcode": [
      4607009582108
    ],
    "url": "https://www.eapteka.ru/goods/id263277/"
  },
  {
    "name": "Максиколд Ототита капли ушные 1%+4% флакон-капельница, 15 мл",
    "producer": "Лекко ЗАО, Россия",
    "active_component": "Лидокаин, Феназон",
    "qrcode": [
      4603671003347
    ],
    "url": "https://www.eapteka.ru/goods/id327658/"
  },
  {
    "name": "Пиносол, спрей назальный   10 мл 1 шт",
    "producer": "Фармак/Санека Фармасьютикалс, Украина",
    "active_component": "Мяты Перечной Масло, Тимол, Эвкалиптовое Масло, Сосны Обыкновенной Масло, Гвайязулен,",
    "qrcode": [
      3582910090649,
      8584005703392
    ],
    "url": "https://www.eapteka.ru/goods/id212431/"
  },
  {
    "name": "Риностоп Аква Форте, спрей назальный   50 мл 1 шт",
    "producer": "Лаборатория Де Ла Мер, Франция",
    "active_component": "Морская соль",
    "qrcode": [
      4650070610010
    ],
    "url": "https://www.eapteka.ru/goods/id259554/"
  },
  {
    "name": "Торасемид-СЗ, таблетки 10 мг 60 шт",
    "producer": "Северная Звезда, Россия",
    "active_component": "Торасемид",
    "qrcode": [
      4690655012990,
      4690655020933
    ],
    "url": "https://www.eapteka.ru/goods/id265907/"
  },
  {
    "name": "Пропанорм, таблетки 150 мг 50 шт",
    "producer": "ПРО.МЕД.ЦС Прага, Чешская Республика",
    "active_component": "Пропафенон",
    "qrcode": [
      8595026441354
    ],
    "url": "https://www.eapteka.ru/goods/id204620/"
  },
  {
    "name": "Меладапт, таблетки покрыт.плен.об. 3 мг 10 шт",
    "producer": "Озон, Россия",
    "active_component": "Мелатонин",
    "qrcode": [
      4680020183905
    ],
    "url": "https://www.eapteka.ru/goods/id511295/"
  },
  {
    "name": "Антигриппин, таблетки шипучие д/взр грейпфрут, 10 шт.",
    "producer": "Натур Продукт Фарма, Польша",
    "active_component": "",
    "qrcode": [
      4607013581029,
      8717627104159
    ],
    "url": "https://www.eapteka.ru/goods/id221261/"
  }
]