[
  {
    "name": "Люголя раствор с глицерином +насадка-распылитель, 25 мл",
    "producer": "Тульская фармфабрика, Россия",
    "active_component": "",
    "qrcode": [
      4603905006137
    ],
    "url": "https://www.eapteka.ru/goods/id294469/"
  },
  {
    "name": "Вазелин, мазь для наружного применения 30 г   1 шт",
    "producer": "Тульская фармфабрика, Россия",
    "active_component": "Вазелин",
    "qrcode": [
      4603905003358
    ],
    "url": "https://www.eapteka.ru/goods/id234031/"
  },
  {
    "name": "Лизиноприл-АЛСИ таблетки 5 мг, 30 шт.",
    "producer": "Алси Фарма, Россия",
    "active_component": "Лизиноприл",
    "qrcode": [
      4607011634161
    ],
    "url": "https://www.eapteka.ru/goods/id329902/"
  },
  {
    "name": "Нитроглицерин, таблетки 0.5 мг, 40 шт.",
    "producer": "Фармамед ООО, Россия",
    "active_component": "Нитроглицерин",
    "qrcode": [
      4607068360013
    ],
    "url": "https://www.eapteka.ru/goods/id35656/"
  },
  {
    "name": "Флуоксетин, капсулы 10 мг   20 шт",
    "producer": "Озон, Россия",
    "active_component": "Флуоксетин",
    "qrcode": [
      4607027763213
    ],
    "url": "https://www.eapteka.ru/goods/id295325/"
  },
  {
    "name": "Кетанов, таблетки покрыт.плен.об. 10 мг 20 шт",
    "producer": "C.К. Терапия С.А., Румыния",
    "active_component": "Кеторолак",
    "qrcode": [
      4601764007111,
      4601764002598
    ],
    "url": "https://www.eapteka.ru/goods/id219187/"
  },
  {
    "name": "Офлоксацин, таблетки 400 мг 10 шт",
    "producer": "Синтез ОАО, Россия",
    "active_component": "Офлоксацин",
    "qrcode": [
      4602565017798
    ],
    "url": "https://www.eapteka.ru/goods/id231044/"
  },
  {
    "name": "Флуконазол-Вертекс, капсулы 50 мг   7 шт",
    "producer": "Вертекс, Россия",
    "active_component": "Флуконазол",
    "qrcode": [
      4670033320275,
      4607003240394
    ],
    "url": "https://www.eapteka.ru/goods/id233213/"
  },
  {
    "name": "Кальция глюконат, таблетки 500 мг 40 шт",
    "producer": "Обновление ПФК АО, Россия",
    "active_component": "Кальция глюконат",
    "qrcode": [
      4603988016337
    ],
    "url": "https://www.eapteka.ru/goods/id334546/"
  },
  {
    "name": "Натрия тетрабората раствор в глицерине 20% флаконы, 30 мл",
    "producer": "Тульская фармфабрика, Россия",
    "active_component": "Натрия тетраборат",
    "qrcode": [
      4603905000708
    ],
    "url": "https://www.eapteka.ru/goods/id241982/"
  },
  {
    "name": "Левомицетин, капли глазные 0,25 % 10 мл",
    "producer": "Славянская аптека, Россия",
    "active_component": "Хлорамфеникол",
    "qrcode": [
      4607005930262,
      4607005930538,
      4607005933812
    ],
    "url": "https://www.eapteka.ru/goods/id294421/"
  },
  {
    "name": "Натрия тетрабората раствор в глицерине 20% флаконы, 30 мл",
    "producer": "Московская ФФ, Россия",
    "active_component": "Натрия тетраборат",
    "qrcode": [
      4601429001010,
      4601429005971
    ],
    "url": "https://www.eapteka.ru/goods/id66554/"
  },
  {
    "name": "Нитрокор, таблетки   40 шт",
    "producer": "Фармстандарт-Лексредства, Россия",
    "active_component": "Нитроглицерин",
    "qrcode": [
      4601669003416
    ],
    "url": "https://www.eapteka.ru/goods/id204857/"
  },
  {
    "name": "Диклофенак Реневал, таблетки кишечнораст.покрыт.плен.об. 50 мг 20 шт",
    "producer": "Обновление ПФК АО, Россия",
    "active_component": "Диклофенак",
    "qrcode": [
      4603988018751
    ],
    "url": "https://www.eapteka.ru/goods/id511439/"
  },
  {
    "name": "АзитРус, порошок д/приг суспензии для приема внутрь 200 мг 4,2 г 3 шт",
    "producer": "Синтез ОАО, Россия",
    "active_component": "Азитромицин",
    "qrcode": [
      4602565013707
    ],
    "url": "https://www.eapteka.ru/goods/id238303/"
  },
  {
    "name": "Цетиризин Сандоз, таблетки покрыт.плен.об. 10 мг 10 шт",
    "producer": "Салютас Фарма ГмбХ, Германия",
    "active_component": "Цетиризин",
    "qrcode": [
      4030855489527
    ],
    "url": "https://www.eapteka.ru/goods/id210345/"
  },
  {
    "name": "Ксилен, капли назальные 0,1 % 20 мл 1 шт",
    "producer": "Верофарм АО, Россия",
    "active_component": "Ксилометазолин",
    "qrcode": [
      4605095011724,
      4605095011700
    ],
    "url": "https://www.eapteka.ru/goods/id506594/"
  },
  {
    "name": "Цефекон Д для детей, суппозитории ректальные     10 шт",
    "producer": "Нижфарм АО, Россия",
    "active_component": "Парацетамол",
    "qrcode": [
      4601026301773
    ],
    "url": "https://www.eapteka.ru/goods/id206255/"
  },
  {
    "name": "Амлодипин-Вертекс таблетки 5 мг, 30 шт.",
    "producer": "Вертекс, Россия",
    "active_component": "Амлодипин",
    "qrcode": [
      4670033320183,
      4607003243784
    ],
    "url": "https://www.eapteka.ru/goods/id223443/"
  },
  {
    "name": "Парацетамол, таблетки   20 шт",
    "producer": "Озон, Россия",
    "active_component": "Парацетамол",
    "qrcode": [
      4680020180799
    ],
    "url": "https://www.eapteka.ru/goods/id484028/"
  }
]