[
  {
    "name": "Нафтифин, раствор для наружного применения 1 % 10 мл",
    "producer": "Тульская фармфабрика, Россия",
    "active_component": "Нафтифин",
    "qrcode": [
      4603905013692
    ],
    "url": "https://www.eapteka.ru/goods/id442851/"
  },
  {
    "name": "Панавир Интим, спрей, 40 г",
    "producer": "Альтфарм, Россия",
    "active_component": "",
    "qrcode": [
      4605370003604
    ],
    "url": "https://www.eapteka.ru/goods/id218644/"
  },
  {
    "name": "Рамни, таблетки жевательные   20 шт",
    "producer": "Татхимфармпрепараты, Россия",
    "active_component": "Кальция карбонат, Магния карбонат",
    "qrcode": [
      4604060998657
    ],
    "url": "https://www.eapteka.ru/goods/id335209/"
  },
  {
    "name": "Рутацид, таблетки жевательные 500 мг 20 шт",
    "producer": "КРКА дд Ново место, Словения",
    "active_component": "Гидроталцит",
    "qrcode": [
      3838989539610,
      4605635002052
    ],
    "url": "https://www.eapteka.ru/goods/id205516/"
  },
  {
    "name": "Ренни ментол, таблетки жевательные 680 мг+80 мг  12 шт",
    "producer": "Байер Биттерфельд ГмбХ, Германия",
    "active_component": "Кальция карбонат, Магния карбонат",
    "qrcode": [
      3534510000269,
      4250369507085
    ],
    "url": "https://www.eapteka.ru/goods/id102689/"
  },
  {
    "name": "Форливер Хелп, таблетки   30 шт",
    "producer": "ФармВилар НПО, Россия",
    "active_component": "Расторопши пятнистой плодов экстракт",
    "qrcode": [
      4610017501207
    ],
    "url": "https://www.eapteka.ru/goods/id355923/"
  },
  {
    "name": "Бромгексин 4 Берлин-Хеми, раствор для приема внутрь 4 мг/5 мл 60 мл 1 шт",
    "producer": "Берлин-Хеми АГ, Германия",
    "active_component": "Бромгексин",
    "qrcode": [
      4013054001523
    ],
    "url": "https://www.eapteka.ru/goods/id22225/"
  },
  {
    "name": "Виброцил, капли назальные 15 мл",
    "producer": "ГСК Консьюмер Хелскер С.А., Швейцария",
    "active_component": "Диметинден, Фенилэфрин",
    "qrcode": [
      7680500099006,
      "-",
      4602233007137
    ],
    "url": "https://www.eapteka.ru/goods/id115293/"
  },
  {
    "name": "АкваРоса Спрей назальный Капелька изотонический р-р 0,9%, 50 мл",
    "producer": "КС Трейд, Россия",
    "active_component": "",
    "qrcode": [
      4650071280380
    ],
    "url": "https://www.eapteka.ru/goods/id502256/"
  },
  {
    "name": "Фенибут, таблетки 250 мг 20 шт",
    "producer": "Озон, Россия",
    "active_component": "Аминофенилмасляная кислота",
    "qrcode": [
      4607027762650
    ],
    "url": "https://www.eapteka.ru/goods/id226651/"
  },
  {
    "name": "Седальгин Плюс, таблетки   10 шт",
    "producer": "Балканфарма - Троян АД, Болгария",
    "active_component": "",
    "qrcode": [
      3800712041714
    ],
    "url": "https://www.eapteka.ru/goods/id233170/"
  },
  {
    "name": "Таваник, таблетки покрыт.плен.об. 500 мг 5 шт",
    "producer": "Опелла Хелскеа Интернешнл САС, Франция",
    "active_component": "Левофлоксацин",
    "qrcode": [
      3582910028956
    ],
    "url": "https://www.eapteka.ru/goods/id204697/"
  },
  {
    "name": "Таваник, таблетки покрыт.плен.об. 250 мг 10 шт",
    "producer": "Опелла Хелскеа Интернешнл САС, Франция",
    "active_component": "Левофлоксацин",
    "qrcode": [
      3582910059752
    ],
    "url": "https://www.eapteka.ru/goods/id204703/"
  },
  {
    "name": "Пантопразол-Акрихин, таблетки кишечнораствор.покрыт.плен.об. 20 мг   30 шт",
    "producer": "Акрихин ХФК АО, Россия",
    "active_component": "Пантопразол",
    "qrcode": [
      4601969008838,
      4601969009705
    ],
    "url": "https://www.eapteka.ru/goods/id496960/"
  },
  {
    "name": "Тонзилгон Н, капли для приема внутрь 50 мл 1 шт",
    "producer": "Бионорика СЕ, Германия",
    "active_component": "Алтея кор., Ромашка цв., Хвощ тр., Грец. орех лист, Тысячелистник тр., Дуб кор., Одуванчик тр.",
    "qrcode": [
      4029799171469
    ],
    "url": "https://www.eapteka.ru/goods/id321024/"
  },
  {
    "name": "Лоротокс капли ушные 1%+4%, 16 г",
    "producer": "Гротекс ООО, Россия",
    "active_component": "Лидокаин, Феназон",
    "qrcode": [
      4670028224397
    ],
    "url": "https://www.eapteka.ru/goods/id334428/"
  },
  {
    "name": "Трамицент, спрей назальный 1,25 % 15 мл 1 шт",
    "producer": "Гротекс ООО, Россия",
    "active_component": "Фрамицетин",
    "qrcode": [
      4670028226438
    ],
    "url": "https://www.eapteka.ru/goods/id334574/"
  },
  {
    "name": "Бетаксолол-СОЛОфарм, капли глазные 0,5 % 5 мл",
    "producer": "Гротекс ООО, Россия",
    "active_component": "Бетаксолол",
    "qrcode": [
      4680013242862
    ],
    "url": "https://www.eapteka.ru/goods/id280814/"
  },
  {
    "name": "Йодопирон, раствор 1% флакон 100 мл",
    "producer": "Южфарм, Россия",
    "active_component": "Повидон-Йод, Калия йодид",
    "qrcode": [
      4620008620787,
      4620008620473,
      4620008623641,
      4620008623771
    ],
    "url": "https://www.eapteka.ru/goods/id244655/"
  },
  {
    "name": "Калия оротат, таблетки 500 мг 30 шт",
    "producer": "Ирбитский ХФЗ, Россия",
    "active_component": "Оротовая кислота",
    "qrcode": [
      4603276009270
    ],
    "url": "https://www.eapteka.ru/goods/id294386/"
  }
]