[
  {
    "name": "Пропафенон, таблетки покрыт.плен.об. 150 мг 40 шт",
    "producer": "Алкалоид АД Скопье, Республика Северная Македония",
    "active_component": "Пропафенон",
    "qrcode": [
      5310001220976
    ],
    "url": "https://www.eapteka.ru/goods/id221452/"
  },
  {
    "name": "Мелатонин-СЗ, таблетки покрыт.плен.об. 3 мг 30 шт",
    "producer": "Северная Звезда, Россия",
    "active_component": "Мелатонин",
    "qrcode": [
      4690655019036
    ],
    "url": "https://www.eapteka.ru/goods/id327650/"
  },
  {
    "name": "Глутаргин алкоклин, 1г пакетики 2 шт.",
    "producer": "Здоровье, Украина",
    "active_component": "Аргинина глутамат",
    "qrcode": [
      4820135583799
    ],
    "url": "https://www.eapteka.ru/goods/id243988/"
  },
  {
    "name": "Домперидон-Тева, таблетки покрыт.плен.об. 10 мг 30 шт.",
    "producer": "Тева Фармасьютикал Воркс Прайвэт Лимитед Компани, Венгрия",
    "active_component": "Домперидон",
    "qrcode": [
      5995377480423
    ],
    "url": "https://www.eapteka.ru/goods/id214404/"
  },
  {
    "name": "Хилак форте, капли для приема внутрь 30 мл 1 шт",
    "producer": "Меркле ГмбХ, Германия",
    "active_component": "",
    "qrcode": [
      4030096245166,
      "-",
      4030096123778
    ],
    "url": "https://www.eapteka.ru/goods/id24544/"
  },
  {
    "name": "Омнитус, таблетки покрыт.плен.об.с модиф.высв. 20 мг 10 шт.",
    "producer": "Хемофарм А.Д., Сербия",
    "active_component": "Бутамират",
    "qrcode": [
      8600097001021
    ],
    "url": "https://www.eapteka.ru/goods/id222137/"
  },
  {
    "name": "Метилурацил, таблетки 500 мг 50 шт",
    "producer": "Обновление ПФК АО, Россия",
    "active_component": "Диоксометилтетрагидропиримидин",
    "qrcode": [
      4603988007120
    ],
    "url": "https://www.eapteka.ru/goods/id229428/"
  },
  {
    "name": "Лерканидипин-СЗ таблетки покрыт. плен. об. 10 мг, 30 шт.",
    "producer": "Северная Звезда, Россия",
    "active_component": "Лерканидипин",
    "qrcode": [
      4690655017216
    ],
    "url": "https://www.eapteka.ru/goods/id296132/"
  },
  {
    "name": "Торасемид, таблетки 10 мг 20 шт",
    "producer": "Озон, Россия",
    "active_component": "Торасемид",
    "qrcode": [
      4680020183493
    ],
    "url": "https://www.eapteka.ru/goods/id504194/"
  },
  {
    "name": "Нитроксолин, таблетки покрыт.об. 50 мг   50 шт",
    "producer": "Биосинтез, Россия",
    "active_component": "Нитроксолин",
    "qrcode": [
      4602884013938
    ],
    "url": "https://www.eapteka.ru/goods/id44126/"
  },
  {
    "name": "Green SIDE Антацидный комплекс Изжоганет 600 мг таблетки со вкусом мяты, 40 шт.",
    "producer": "Грин Сайд ООО, Россия",
    "active_component": "",
    "qrcode": [
      4660041996548
    ],
    "url": "https://www.eapteka.ru/goods/id514086/"
  },
  {
    "name": "Алмагель А, суспензия для приема внутрь 170 мл 1 шт",
    "producer": "Балканфарма - Троян АД, Болгария",
    "active_component": "Алгелдрат, Бензокаин, Магния гидроксид",
    "qrcode": [
      3800009121013,
      3800009121020
    ],
    "url": "https://www.eapteka.ru/goods/id116886/"
  },
  {
    "name": "Дезлоратадин-Вертекс, таблетки покрыт.плен.об. 5 мг 10 шт",
    "producer": "Вертекс, Россия",
    "active_component": "Дезлоратадин",
    "qrcode": [
      4607003249410,
      4607003247683
    ],
    "url": "https://www.eapteka.ru/goods/id250456/"
  },
  {
    "name": "Розувастатин-СЗ, таблетки покрыт.плен.об. 5 мг 30 шт",
    "producer": "Северная Звезда, Россия",
    "active_component": "Розувастатин",
    "qrcode": [
      4690655008023
    ],
    "url": "https://www.eapteka.ru/goods/id228955/"
  },
  {
    "name": "Хондроитин-АКОС, мазь для наружного применения 30 г   1 шт",
    "producer": "Синтез ОАО, Россия",
    "active_component": "Хондроитина сульфат",
    "qrcode": [
      4602565004323
    ],
    "url": "https://www.eapteka.ru/goods/id210398/"
  },
  {
    "name": "Этопозид-Тева, концентрат д/приг р-ра для инфузий 20 мг/мл 5 мл 1 шт",
    "producer": "Фармахеми Б.В., Нидерланды",
    "active_component": "Этопозид",
    "qrcode": [
      8711218930004,
      4630013791112
    ],
    "url": "https://www.eapteka.ru/goods/id208192/"
  },
  {
    "name": "Бетадерм, мазь для наружного применения 0,05%+0,1%  15 г 1 шт",
    "producer": "Ельфа Фармзавод, Польша",
    "active_component": "Бетаметазон, Гентамицин",
    "qrcode": [
      5904398474021
    ],
    "url": "https://www.eapteka.ru/goods/id218059/"
  },
  {
    "name": "Белый уголь Актив таблетки, 10 шт.",
    "producer": "ВТФ ООО, Россия",
    "active_component": "",
    "qrcode": [
      4607172371349
    ],
    "url": "https://www.eapteka.ru/goods/id231313/"
  },
  {
    "name": "Ренни ментол, таблетки жевательные 680 мг+80 мг  24 шт",
    "producer": "Байер Биттерфельд ГмбХ, Германия",
    "active_component": "Кальция карбонат, Магния карбонат",
    "qrcode": [
      3534510000276,
      4250369507092
    ],
    "url": "https://www.eapteka.ru/goods/id102688/"
  },
  {
    "name": "Аквалор Форте мини средство д/орошения и промывания полости носа, 50 мл",
    "producer": "Нижфарм АО, Россия",
    "active_component": "",
    "qrcode": [
      4601026309397,
      4601026308581,
      7332343001301,
      4601026308314
    ],
    "url": "https://www.eapteka.ru/goods/id222911/"
  }
]