[
  {
    "name": "Стрепсилс Интенсив, спрей для местного применения     1 шт",
    "producer": "Рекитт Бенкизер Хелскер, Великобритания",
    "active_component": "Флурбипрофен",
    "qrcode": [
      4640018991288,
      5011417579367
    ],
    "url": "https://www.eapteka.ru/goods/id312164/"
  },
  {
    "name": "Тенотен для детей, таблетки   40 шт",
    "producer": "Материа Медика Холдинг, Россия",
    "active_component": "Антитела",
    "qrcode": [
      4607009582153,
      4607009581538
    ],
    "url": "https://www.eapteka.ru/goods/id209696/"
  },
  {
    "name": "Найз гранулы 100 мг для р-ра для приема внутрь по 2 г пакетики, 9 шт.",
    "producer": "Канонфарма продакшн ЗАО, Россия",
    "active_component": "Нимесулид",
    "qrcode": [
      4620032230013
    ],
    "url": "https://www.eapteka.ru/goods/id280353/"
  },
  {
    "name": "Ортофен, гель для наружного применения  г   1 шт",
    "producer": "Вертекс, Россия",
    "active_component": "Диклофенак",
    "qrcode": [
      4670033321784
    ],
    "url": "https://www.eapteka.ru/goods/id513566/"
  },
  {
    "name": "Лизобакт, таблетки для рассасывания   30 шт",
    "producer": "Босналек, Босния и Герцеговина",
    "active_component": "Лизоцим, Пиридоксин",
    "qrcode": [
      3870010001734
    ],
    "url": "https://www.eapteka.ru/goods/id206784/"
  },
  {
    "name": "Формагель, гель для наружного применения     1 шт",
    "producer": "Ретиноиды АО, Россия",
    "active_component": "Формальдегид",
    "qrcode": [
      4601607000767
    ],
    "url": "https://www.eapteka.ru/goods/id117648/"
  },
  {
    "name": "Эторелекс, таблетки покрыт.плен.об. 120 мг 7 шт",
    "producer": "Фармасинтез АО, Россия",
    "active_component": "Эторикоксиб",
    "qrcode": [
      4605310013137
    ],
    "url": "https://www.eapteka.ru/goods/id492250/"
  },
  {
    "name": "Беклометазон-Аэронатив, аэрозоль для ингаляций 100 мкг/доза, 200 доз",
    "producer": "Натива, Россия",
    "active_component": "Беклометазон",
    "qrcode": [
      4601669008367,
      4630008130476
    ],
    "url": "https://www.eapteka.ru/goods/id261433/"
  },
  {
    "name": "Панангин, таблетки покрыт.плен.об. 158 мг+140 мг  100 шт",
    "producer": "Гедеон Рихтер-Рус, Россия",
    "active_component": "Калия и магния аспарагинат",
    "qrcode": [
      4605469004321,
      4605469004314
    ],
    "url": "https://www.eapteka.ru/goods/id353376/"
  },
  {
    "name": "Монтевизин, глазные капли 0,05%, 10 мл",
    "producer": "Хемомонт Д.О.О, Черногория",
    "active_component": "Тетризолин",
    "qrcode": [
      8600097304207
    ],
    "url": "https://www.eapteka.ru/goods/id209868/"
  },
  {
    "name": "Экоклав, таблетки покрыт.плен.об. 875 мг+125 мг  14 шт",
    "producer": "Авва Рус, Россия",
    "active_component": "Амоксициллин, Клавулановая кислота",
    "qrcode": [
      4680020230203,
      4680020232610,
      4607003668556
    ],
    "url": "https://www.eapteka.ru/goods/id224048/"
  },
  {
    "name": "Лозартан Канон таблетки покрыт.плен.об. 100 мг, 60 шт.",
    "producer": "Канонфарма продакшн ЗАО, Россия",
    "active_component": "Лозартан",
    "qrcode": [
      4606486028192,
      4606486021407,
      4606486027980
    ],
    "url": "https://www.eapteka.ru/goods/id255962/"
  },
  {
    "name": "Троксерутин, капсулы     30 шт",
    "producer": "Озон, Россия",
    "active_component": "Троксерутин",
    "qrcode": [
      4607027765262
    ],
    "url": "https://www.eapteka.ru/goods/id228475/"
  },
  {
    "name": "Флексавен 450 мг+50 мг таблетки, 30 шт.",
    "producer": "Биотерра, Беларусь",
    "active_component": "",
    "qrcode": [
      4606454976487,
      4812845002004,
      4812845002028,
      "-"
    ],
    "url": "https://www.eapteka.ru/goods/id506285/"
  },
  {
    "name": "Норбактин, таблетки покрыт.плен.об. 400 мг 10 шт",
    "producer": "Сан Фармасьютикал Индастриз Лтд, Индия",
    "active_component": "Норфлоксацин",
    "qrcode": [
      4601764002116
    ],
    "url": "https://www.eapteka.ru/goods/id29222/"
  },
  {
    "name": "Аскорил экспекторант, сироп 100 мл",
    "producer": "Гленмарк Фармасьютикалз Лтд, Индия",
    "active_component": "Бромгексин, Гвайфенезин, Сальбутамол",
    "qrcode": [
      8904091116621,
      8901091000073,
      8904091127931,
      "-"
    ],
    "url": "https://www.eapteka.ru/goods/id203733/"
  },
  {
    "name": "Эспа-Бастин, таблетки покрыт.плен.об.   10 шт",
    "producer": "Эдванс Фарма ГмбХ, Германия",
    "active_component": "Эбастин",
    "qrcode": [
      4029438020141
    ],
    "url": "https://www.eapteka.ru/goods/id330076/"
  },
  {
    "name": "Компливит Кальций Д3 для малышей, флакон, 43 г",
    "producer": "Фармстандарт-УфаВИТА, Россия",
    "active_component": "Кальция карбонат, Колекальциферол",
    "qrcode": [
      4601669005922
    ],
    "url": "https://www.eapteka.ru/goods/id218724/"
  },
  {
    "name": "Прополис ДН, суппозитории ректальные     6 шт",
    "producer": "Доктор Н, Россия",
    "active_component": "Гомеопатический состав",
    "qrcode": [
      4605234001692
    ],
    "url": "https://www.eapteka.ru/goods/id210395/"
  },
  {
    "name": "Ангиаканд таблетки 8 мг, 28 шт.",
    "producer": "Канонфарма продакшн ЗАО, Россия",
    "active_component": "Кандесартан",
    "qrcode": [
      4606486017714
    ],
    "url": "https://www.eapteka.ru/goods/id225927/"
  }
]