[
  {
    "name": "Эфокс лонг, капсулы пролонгированного действия 50 мг   30 шт",
    "producer": "UCB Farma, Бельгия",
    "active_component": "Изосорбида мононитрат",
    "qrcode": [
      5450557011557,
      4030729003354
    ],
    "url": "https://www.eapteka.ru/goods/id212720/"
  },
  {
    "name": "Доброкам, таблетки   30 шт",
    "producer": "Ирбитский ХФЗ, Россия",
    "active_component": "Бромкамфора",
    "qrcode": [
      4603276008167,
      4603276008594
    ],
    "url": "https://www.eapteka.ru/goods/id275729/"
  },
  {
    "name": "Донормил таблетки покрыт. плен. об.15 мг, 30 шт.",
    "producer": "УПСА САС, Франция",
    "active_component": "Доксиламин",
    "qrcode": [
      4602505008466,
      4602505007698,
      "-",
      3585552767979
    ],
    "url": "https://www.eapteka.ru/goods/id113527/"
  },
  {
    "name": "Найз, гель 1%, 50 г",
    "producer": "Д-р Редди`с, Индия",
    "active_component": "Нимесулид",
    "qrcode": [
      8901148227903,
      8901148105178
    ],
    "url": "https://www.eapteka.ru/goods/id216627/"
  },
  {
    "name": "Ренни мятные без сахара, таблетки жевательные 680 мг+80 мг  12 шт",
    "producer": "Байер Биттерфельд ГмбХ, Германия",
    "active_component": "Кальция карбонат, Магния карбонат",
    "qrcode": [
      4250369505838
    ],
    "url": "https://www.eapteka.ru/goods/id207288/"
  },
  {
    "name": "Бромгексин-Акрихин сироп 4 мг/5 мл, 100 мл",
    "producer": "Акрихин ХФК АО, Россия",
    "active_component": "Бромгексин",
    "qrcode": [
      5907529464205,
      4601969002942
    ],
    "url": "https://www.eapteka.ru/goods/id38453/"
  },
  {
    "name": "Софрадекс, капли глазные и ушные 5 мл 1 шт",
    "producer": "Санофи Индия Лимитед, Индия",
    "active_component": "",
    "qrcode": [
      8901083190126,
      3664798035209
    ],
    "url": "https://www.eapteka.ru/goods/id28193/"
  },
  {
    "name": "Кокарбоксилаза-Эллара лиофилизат д/приг.р-ра для в/в.и в/м введ.амп, 5 шт",
    "producer": "Эллара, Россия",
    "active_component": "Кокарбоксилаза",
    "qrcode": [
      4670008161346
    ],
    "url": "https://www.eapteka.ru/goods/id251541/"
  },
  {
    "name": "Кавинтон Комфорте, таблетки диспергир. 10 мг 30 шт.",
    "producer": "Гедеон Рихтер, Венгрия",
    "active_component": "Винпоцетин",
    "qrcode": [
      5997001363775
    ],
    "url": "https://www.eapteka.ru/goods/id244661/"
  },
  {
    "name": "Некст, таблетки 400 мг+200 мг  20 шт",
    "producer": "Фармстандарт-Лексредства, Россия",
    "active_component": "Ибупрофен, Парацетамол",
    "qrcode": [
      4601669006110
    ],
    "url": "https://www.eapteka.ru/goods/id260150/"
  },
  {
    "name": "Аугментин, таблетки покрыт.плен.об. 875 мг+125 мг 14 шт",
    "producer": "СмитКляйн Бичем, Великобритания",
    "active_component": "Амоксициллин, Клавулановая кислота",
    "qrcode": [
      4607008130140
    ],
    "url": "https://www.eapteka.ru/goods/id21421/"
  },
  {
    "name": "Ренни мятные без сахара, таблетки жевательные 680 мг+80 мг  24 шт",
    "producer": "Байер Биттерфельд ГмбХ, Германия",
    "active_component": "Кальция карбонат, Магния карбонат",
    "qrcode": [
      3534510000252,
      4250369507115
    ],
    "url": "https://www.eapteka.ru/goods/id207289/"
  },
  {
    "name": "Ульблок, капсулы кишечнорастворимые 10 мг   28 шт",
    "producer": "Озон, Россия",
    "active_component": "Рабепразол",
    "qrcode": [
      4680020183882
    ],
    "url": "https://www.eapteka.ru/goods/id353366/"
  },
  {
    "name": "Иммунал, таблетки   20 шт",
    "producer": "Лек д.д., Словения",
    "active_component": "Эхинацеи пурпурной травы сок",
    "qrcode": [
      3838957029006
    ],
    "url": "https://www.eapteka.ru/goods/id206502/"
  },
  {
    "name": "Mirrolla Березовый деготь, флакон 100 мл",
    "producer": "Мирролла ООО, Россия",
    "active_component": "Деготь березовый",
    "qrcode": [
      4650001797094
    ],
    "url": "https://www.eapteka.ru/goods/id306107/"
  },
  {
    "name": "Гопантеновая кислота таблетки 250 мг, 50 шт.",
    "producer": "Северная Звезда, Россия",
    "active_component": "Гопантеновая кислота",
    "qrcode": [
      4690655022043
    ],
    "url": "https://www.eapteka.ru/goods/id497674/"
  },
  {
    "name": "Мукоцил Солюшн Таблетс таблетки диспергируемые 200 мг, 20 шт.",
    "producer": "Озон, Россия",
    "active_component": "Ацетилцистеин",
    "qrcode": [
      4680020183370
    ],
    "url": "https://www.eapteka.ru/goods/id352730/"
  },
  {
    "name": "Доктор Тайсс Сироп от кашля с подорожником, 100 мл",
    "producer": "Доктор Тайсс Натурварен ГмбХ, Германия",
    "active_component": "Подорожника ланцетовидного экстракт",
    "qrcode": [
      4016369661130
    ],
    "url": "https://www.eapteka.ru/goods/id203415/"
  },
  {
    "name": "Фортевит Иммунитет Бузина таблетки шипучие, 20 шт.",
    "producer": "Эвалар, Россия",
    "active_component": "",
    "qrcode": [
      4602242022466
    ],
    "url": "https://www.eapteka.ru/goods/id513228/"
  },
  {
    "name": "Тирозол, таблетки 10 мг 50 шт",
    "producer": "Германия",
    "active_component": "Тиамазол",
    "qrcode": [
      4022536733562,
      4022536973470
    ],
    "url": "https://www.eapteka.ru/goods/id207334/"
  }
]