[
  {
    "name": "Доктор Тайсс Анги Септ таблетки для рассасывания шалфей, 24 шт.",
    "producer": "Доктор Тайсс Натурварен ГмбХ, Германия",
    "active_component": "Анетол, 2,4-дихлорбензиловый спирт, Ментол, Мяты переч. масло",
    "qrcode": [
      4016369669334
    ],
    "url": "https://www.eapteka.ru/goods/id216281/"
  },
  {
    "name": "Доктор Тайсс Анги Септ таблетки для рассасывания лимонные, 24 шт.",
    "producer": "Доктор Тайсс Натурварен ГмбХ, Германия",
    "active_component": "Анетол, 2,4-дихлорбензиловый спирт, Ментол, Мяты переч. масло",
    "qrcode": [
      4016369669327
    ],
    "url": "https://www.eapteka.ru/goods/id227505/"
  },
  {
    "name": "Граммидин детский, таблетки для рассасывания 1,5 мг+1 мг 18 шт",
    "producer": "Валента Фарм, Россия",
    "active_component": "",
    "qrcode": [
      4602193011694
    ],
    "url": "https://www.eapteka.ru/goods/id235143/"
  },
  {
    "name": "Колбиоцин, мазь глазная 5 г",
    "producer": "С.И.Ф.И. С.п.А., Италия",
    "active_component": "Колистиметат натрия, Тетрациклин, Хлорамфеникол",
    "qrcode": [
      "0MNU2Y",
      "-",
      8027864060201
    ],
    "url": "https://www.eapteka.ru/goods/id124728/"
  },
  {
    "name": "Йодопирон, раствор 1%, 100 мл",
    "producer": "Южфарм, Россия",
    "active_component": "Повидон-Йод, Калия йодид",
    "qrcode": [
      4620008620169,
      4620008623825
    ],
    "url": "https://www.eapteka.ru/goods/id235296/"
  },
  {
    "name": "Сорбипол порошок банка, 50 г",
    "producer": "Фармакор Продакшн, Россия",
    "active_component": "",
    "qrcode": [
      4603569000809
    ],
    "url": "https://www.eapteka.ru/goods/id511552/"
  },
  {
    "name": "Глюкофаж Лонг, таблетки с пролонг высвобождением 500 мг 60 шт",
    "producer": "Нанолек/Мерк, Россия",
    "active_component": "Метформин",
    "qrcode": [
      4640017590949,
      3596540070117,
      4640017590178
    ],
    "url": "https://www.eapteka.ru/goods/id214946/"
  },
  {
    "name": "Азитрокс, капсулы 250 мг 6 шт",
    "producer": "Фармстандарт-Лексредства, Россия",
    "active_component": "Азитромицин",
    "qrcode": [
      4601669003775
    ],
    "url": "https://www.eapteka.ru/goods/id208153/"
  },
  {
    "name": "Нифуроксазид, капсулы 200 мг 14 шт",
    "producer": "Озон, Россия",
    "active_component": "Нифуроксазид",
    "qrcode": [
      4680020184087
    ],
    "url": "https://www.eapteka.ru/goods/id504149/"
  },
  {
    "name": "Фервитал, пачка, 60 г",
    "producer": "Пик-III, Россия",
    "active_component": "",
    "qrcode": [
      4607085150024
    ],
    "url": "https://www.eapteka.ru/goods/id207873/"
  },
  {
    "name": "ТераФлю ЛАР, спрей для местного применения 30 мл 1 шт",
    "producer": "Доппель Фармачеутичи С.Р.Л., Италия",
    "active_component": "",
    "qrcode": [
      4607045190787,
      4602233006826
    ],
    "url": "https://www.eapteka.ru/goods/id209738/"
  },
  {
    "name": "Стрепсилс с ментолом и эвкалиптом, таблетки 36 шт",
    "producer": "Рекитт Бенкизер Хелскер, Великобритания",
    "active_component": "Амилметакрезол, Дихлорбензиловый спирт, Левоментол",
    "qrcode": [
      5000158101814
    ],
    "url": "https://www.eapteka.ru/goods/id20771/"
  },
  {
    "name": "Глимепирид-Вертекс таблетки 4 мг, 30 шт.",
    "producer": "Вертекс, Россия",
    "active_component": "Глимепирид",
    "qrcode": [
      4607003247201,
      4670033322262
    ],
    "url": "https://www.eapteka.ru/goods/id228821/"
  },
  {
    "name": "Амелотекс гель для наружного применения 1%, 30 г",
    "producer": "Озон, Россия",
    "active_component": "Мелоксикам",
    "qrcode": [
      4605964004659
    ],
    "url": "https://www.eapteka.ru/goods/id270262/"
  },
  {
    "name": "Флюкостат, капсулы 50 мг   7 шт",
    "producer": "Фармстандарт-Лексредства, Россия",
    "active_component": "Флуконазол",
    "qrcode": [
      4601669004239
    ],
    "url": "https://www.eapteka.ru/goods/id204161/"
  },
  {
    "name": "Герпферон, мазь для наружного применения     1 шт",
    "producer": "Фирн М, Россия",
    "active_component": "Интерферон альфа-2b ,  Ацикловир ,  Лидокаин",
    "qrcode": [
      4606207000056
    ],
    "url": "https://www.eapteka.ru/goods/id207766/"
  },
  {
    "name": "Гуттасил капли для приема внутрь 7,5 мг/мл флакон, 15 мл",
    "producer": "Фармак, Украина",
    "active_component": "Натрия пикосульфат",
    "qrcode": [
      4823002217285
    ],
    "url": "https://www.eapteka.ru/goods/id248705/"
  },
  {
    "name": "Энема Клин, раствор для ректального введения   120 мл 1 шт",
    "producer": "Набикасим Индастриз, Пакистан",
    "active_component": "",
    "qrcode": [
      6291103840462,
      4620061550014
    ],
    "url": "https://www.eapteka.ru/goods/id227375/"
  },
  {
    "name": "РиниКолд ХотКап, порошок д/приг р-ра д/приема внутрь     10 шт",
    "producer": "Шрея Лайф Саенсиз Пвт.Лтд, Индия",
    "active_component": "Кофеин, Парацетамол, Фенилэфрин, Хлорфенамин",
    "qrcode": [
      8906000574768
    ],
    "url": "https://www.eapteka.ru/goods/id513073/"
  },
  {
    "name": "Азелик, гель для наружного применения 15 % 5 г 1 шт",
    "producer": "Акрихин ХФК АО, Россия",
    "active_component": "Азелаиновая кислота",
    "qrcode": [
      4601969006315,
      4601969009743
    ],
    "url": "https://www.eapteka.ru/goods/id223405/"
  }
]