[
  {
    "name": "Фервекс, порошок д/приг р-ра д/приема внутрь     8 шт",
    "producer": "УПСА САС, Франция",
    "active_component": "Парацетамол, Фенирамин, Аскорбиновая кислота",
    "qrcode": [
      4602505008473,
      "-",
      4602505007469,
      3585552591666
    ],
    "url": "https://www.eapteka.ru/goods/id204100/"
  },
  {
    "name": "Гуттасил, капли для приема внутрь 7,5 мг/мл фл. 30 мл",
    "producer": "Фармак, Украина",
    "active_component": "Натрия пикосульфат",
    "qrcode": [
      4823002217308
    ],
    "url": "https://www.eapteka.ru/goods/id233751/"
  },
  {
    "name": "Октреотид р-р для в/вен.и п/кожн. введ.50 мкг/мл 1мл ампулы, 5 шт.",
    "producer": "Компания Деко, Россия",
    "active_component": "Октреотид",
    "qrcode": [
      4603469000060
    ],
    "url": "https://www.eapteka.ru/goods/id204203/"
  },
  {
    "name": "Октреотид р-р для в/вен.и п/кожн. введ.50 мкг/мл 1мл ампулы, 5 шт",
    "producer": "Натива, Россия",
    "active_component": "Октреотид",
    "qrcode": [
      4630008131176,
      4601808012606
    ],
    "url": "https://www.eapteka.ru/goods/id269700/"
  },
  {
    "name": "Ринзасип с витамином С Черная смородина, порошок д/приг р-ра д/приема внутрь     5 шт",
    "producer": "Юник Фармасьютикал Лабораториз, Индия",
    "active_component": "",
    "qrcode": [
      8901086181206
    ],
    "url": "https://www.eapteka.ru/goods/id219182/"
  },
  {
    "name": "Мирамистин р-р для местн. применения 0.01%  урологический аппликатор с гинекологической насадкой, 50 мл",
    "producer": "Инфамед К, Россия",
    "active_component": "",
    "qrcode": [
      4630008940013,
      "-",
      4650068810057
    ],
    "url": "https://www.eapteka.ru/goods/id207504/"
  },
  {
    "name": "Витамины для больных диабетом, таблетки, 30 шт.",
    "producer": "Верваг Фарма ГмбХ и Ко. КГ, Германия",
    "active_component": "Аскорбиновая к-та, Цианокобаламин, Фолиевая к-та, Пиридоксин, Рибофлавин, Тиамин, Витамин Е, Бетакаратин",
    "qrcode": [
      4030674001177,
      4030674019189
    ],
    "url": "https://www.eapteka.ru/goods/id204376/"
  },
  {
    "name": "Норматенс, таблетки покрыт.об.     20 шт",
    "producer": "Ай Си Эн Польфа Жешув АО, Польша",
    "active_component": "Дигидроэргокристин, Клопамид, Резерпин",
    "qrcode": [
      4019338605197
    ],
    "url": "https://www.eapteka.ru/goods/id34779/"
  },
  {
    "name": "Римантадин Кидс, сироп 2 мг/мл 100 мл 1 шт",
    "producer": "Фармстандарт-Лексредства, Россия",
    "active_component": "Римантадин",
    "qrcode": [
      4601669012487
    ],
    "url": "https://www.eapteka.ru/goods/id312197/"
  },
  {
    "name": "Теопэк, таблетки пролонгированного действия 200 мг   50 шт",
    "producer": "Биннофарм, Россия",
    "active_component": "Теофиллин",
    "qrcode": [
      4610004580369,
      4605077016648,
      4605077016679
    ],
    "url": "https://www.eapteka.ru/goods/id44654/"
  },
  {
    "name": "Линкас БСС, сироп, 120 мл",
    "producer": "Хербион Пакистан Прайвет Лимитед, Пакистан",
    "active_component": "Препарат растительного происхождения",
    "qrcode": [
      4607006672284
    ],
    "url": "https://www.eapteka.ru/goods/id222653/"
  },
  {
    "name": "Циклоферон, линимент   5 мл 1 шт",
    "producer": "Полисан НТФФ ООО, Россия",
    "active_component": "Меглюмина акридонацетат",
    "qrcode": [
      4603191001717,
      4603191000291
    ],
    "url": "https://www.eapteka.ru/goods/id115208/"
  },
  {
    "name": "Нейрокс р-р для в/вен. и в/мыш. введ.50 мг/мл 5 мл ампулы, 5 шт.",
    "producer": "ФармФирма Сотекс, Россия",
    "active_component": "Этилметилгидроксипиридина сукцинат",
    "qrcode": [
      4605964003201
    ],
    "url": "https://www.eapteka.ru/goods/id213318/"
  },
  {
    "name": "Кларитромицин-OBL, таблетки покрыт.плен.об. 500 мг 7 шт.",
    "producer": "Алиум АО, Россия",
    "active_component": "Кларитромицин",
    "qrcode": [
      4605077005871,
      4605077015399
    ],
    "url": "https://www.eapteka.ru/goods/id219141/"
  },
  {
    "name": "Нифуроксазид-Вертекс, капсулы 200 мг 28 шт",
    "producer": "Вертекс, Россия",
    "active_component": "Нифуроксазид",
    "qrcode": [
      4670033320411
    ],
    "url": "https://www.eapteka.ru/goods/id513585/"
  },
  {
    "name": "Ринофлуимуцил, спрей назальный   10 мл 1 шт",
    "producer": "Zambon SpA Italia, Италия",
    "active_component": "Ацетилцистеин, Туаминогептан",
    "qrcode": [
      4603619000087
    ],
    "url": "https://www.eapteka.ru/goods/id31378/"
  },
  {
    "name": "Форметин Лонг, таблетки пролонгированного действия 500 мг   60 шт",
    "producer": "Фармстандарт-Лексредства, Россия",
    "active_component": "Метформин",
    "qrcode": [
      4602196004310,
      4601669012876
    ],
    "url": "https://www.eapteka.ru/goods/id294252/"
  },
  {
    "name": "Винпотропил капсулы, 30 шт.",
    "producer": "Канонфарма продакшн ЗАО, Россия",
    "active_component": "Винпоцетин, Пирацетам",
    "qrcode": [
      4606486000501,
      4606486008712
    ],
    "url": "https://www.eapteka.ru/goods/id206733/"
  },
  {
    "name": "Суматриптан-Алиум, таблетки покрыт.плен.об. 100 мг 2 шт",
    "producer": "Алиум АО, Россия",
    "active_component": "Суматриптан",
    "qrcode": [
      4605077006038,
      4605007701507,
      4605077015078,
      4605077017782
    ],
    "url": "https://www.eapteka.ru/goods/id231109/"
  },
  {
    "name": "Пропротен-100, таблетки   20 шт",
    "producer": "Материа Медика Холдинг, Россия",
    "active_component": "",
    "qrcode": [
      4607009582177,
      4607009581118
    ],
    "url": "https://www.eapteka.ru/goods/id204075/"
  }
]