[
  {
    "name": "Октолипен, капсулы 300 мг   30 шт",
    "producer": "Фармстандарт-Лексредства, Россия",
    "active_component": "Тиоктовая кислота",
    "qrcode": [
      4601669003942
    ],
    "url": "https://www.eapteka.ru/goods/id212173/"
  },
  {
    "name": "Де-Нол, таблетки  мг 32 шт",
    "producer": "ФКП Армавирская биофабрика, Россия",
    "active_component": "Висмута трикалия дицитрат",
    "qrcode": [
      4607098451729,
      4606556003494
    ],
    "url": "https://www.eapteka.ru/goods/id294340/"
  },
  {
    "name": "Гевискон Двойное Действие, таблетки жевательные мятные 12 шт",
    "producer": "Рекитт Бенкизер Хелскер, Великобритания",
    "active_component": "Натрия алгинат, Натрия гидрокарбонат, Кальция карбонат",
    "qrcode": [
      5000158071421
    ],
    "url": "https://www.eapteka.ru/goods/id278099/"
  },
  {
    "name": "Супрастинекс, капли для приема внутрь     1 шт",
    "producer": "ЭГИС, Венгрия",
    "active_component": "Левоцетиризин",
    "qrcode": [
      5995327130118
    ],
    "url": "https://www.eapteka.ru/goods/id215420/"
  },
  {
    "name": "Доктор Тайсс леденцы шалфей с подорожником, 60 г",
    "producer": "Доктор Тайсс Натурварен ГмбХ, Германия",
    "active_component": "",
    "qrcode": [
      4016369669273,
      4016369669280,
      "-"
    ],
    "url": "https://www.eapteka.ru/goods/id296557/"
  },
  {
    "name": "Риностоп Аква Софт, спрей назальный 125 мл   1 шт",
    "producer": "Лаборатория Де Ла Мер, Франция",
    "active_component": "Морская соль",
    "qrcode": [
      4650070610041
    ],
    "url": "https://www.eapteka.ru/goods/id259551/"
  },
  {
    "name": "Сиалор Аква Renewal, капли назальные 10 мл   1 шт",
    "producer": "Обновление ПФК АО, Россия",
    "active_component": "",
    "qrcode": [
      4603988014050
    ],
    "url": "https://www.eapteka.ru/goods/id231220/"
  },
  {
    "name": "Финастерид-Тева, таблетки покрыт.плен.об. 5 мг 30 шт",
    "producer": "Тева Фармасьютикал Воркс Прайвэт Лимитед Компани, Венгрия",
    "active_component": "Финастерид",
    "qrcode": [
      5995377772016
    ],
    "url": "https://www.eapteka.ru/goods/id216579/"
  },
  {
    "name": "МетуцинВел р-р для в/вен. и в/мыш. введ. 50 мг/мл ампулы 2 мл, 10 шт.",
    "producer": "Велфарм, Россия",
    "active_component": "Этилметилгидроксипиридина сукцинат",
    "qrcode": [
      4650099781340
    ],
    "url": "https://www.eapteka.ru/goods/id503192/"
  },
  {
    "name": "Панум, таблетки кишечнораствор.покрыт.плен.об. 40 мг   28 шт",
    "producer": "Юник Фармасьютикал Лабораториз, Индия",
    "active_component": "Пантопразол",
    "qrcode": [
      8901086161062,
      8901086161291
    ],
    "url": "https://www.eapteka.ru/goods/id513906/"
  },
  {
    "name": "Доктор Тайсс Шалфея экстракт с витамином С, таблетки для рассасывания 24 шт. (60 г)",
    "producer": "Доктор Тайсс Натурварен ГмбХ, Германия",
    "active_component": "",
    "qrcode": [
      4016369661239
    ],
    "url": "https://www.eapteka.ru/goods/id228550/"
  },
  {
    "name": "Аквадетрим, таблетки растворимые 500 ме 60 шт",
    "producer": "Акрихин ХФК АО, Россия",
    "active_component": "Колекальциферол",
    "qrcode": [
      4601969008869,
      4601969009101,
      "-"
    ],
    "url": "https://www.eapteka.ru/goods/id338786/"
  },
  {
    "name": "Боровая матка, трава, 30 г",
    "producer": "Эвалар, Россия",
    "active_component": "",
    "qrcode": [
      4602242003458
    ],
    "url": "https://www.eapteka.ru/goods/id210115/"
  },
  {
    "name": "Кавинтон Форте, таблетки 10 мг 90",
    "producer": "Гедеон Рихтер-Рус, Россия",
    "active_component": "Винпоцетин",
    "qrcode": [
      4605469003546,
      4605469002877
    ],
    "url": "https://www.eapteka.ru/goods/id207094/"
  },
  {
    "name": "Эторелекс, таблетки покрыт.плен.об. 90 мг 7 шт",
    "producer": "Фармасинтез АО, Россия",
    "active_component": "Эторикоксиб",
    "qrcode": [
      4605310013113
    ],
    "url": "https://www.eapteka.ru/goods/id492249/"
  },
  {
    "name": "Экзифин, крем для наружного применения     1 шт",
    "producer": "Д-р Редди`с, Индия",
    "active_component": "Тербинафин",
    "qrcode": [
      8901148028029,
      8901148212213,
      8901148011851
    ],
    "url": "https://www.eapteka.ru/goods/id28032/"
  },
  {
    "name": "Ренни апельсин, таблетки жевательные 680 мг+80 мг  24 шт",
    "producer": "Байер Биттерфельд ГмбХ, Германия",
    "active_component": "Кальция карбонат, Магния карбонат",
    "qrcode": [
      3534510000566,
      4250369507108
    ],
    "url": "https://www.eapteka.ru/goods/id211390/"
  },
  {
    "name": "АнвиМакс Клюква, пакетики 5 г, 6 шт.",
    "producer": "ФармВилар НПО, Россия",
    "active_component": "Парацетамол, Аскорбиновая кислота, Римантадин, Рутозид, Лоратадин, Кальция глюконат",
    "qrcode": [
      4605964004628
    ],
    "url": "https://www.eapteka.ru/goods/id227723/"
  },
  {
    "name": "Панангин Форте, таблетки покрыт.плен.об. 316 мг+280 мг  60 шт",
    "producer": "Гедеон Рихтер, Венгрия",
    "active_component": "Калия и магния аспарагинат",
    "qrcode": [
      5997001365144
    ],
    "url": "https://www.eapteka.ru/goods/id246914/"
  },
  {
    "name": "Гамамелис ДН, суппозитории ректальные гомеопатические 6 шт",
    "producer": "Доктор Н, Россия",
    "active_component": "Гамамелиса виргинского настойка гомеопатическая",
    "qrcode": [
      4605234001685
    ],
    "url": "https://www.eapteka.ru/goods/id223597/"
  }
]