[
  {
    "name": "Глюконорм плюс, таблетки покрыт.плен.об. 5 мг+500 мг 30 шт",
    "producer": "Фармстандарт-Лексредства, Россия",
    "active_component": "Глибенкламид, Метформин",
    "qrcode": [
      4602196004136,
      4601669012784
    ],
    "url": "https://www.eapteka.ru/goods/id293426/"
  },
  {
    "name": "Бетагистин, таблетки 24 мг 60 шт",
    "producer": "Озон, Россия",
    "active_component": "Бетагистин",
    "qrcode": [
      4607027764401,
      4680020186944
    ],
    "url": "https://www.eapteka.ru/goods/id294265/"
  },
  {
    "name": "Мофлаксия, таблетки покрыт.плен.об. 400 мг 5 шт",
    "producer": "КРКА дд Ново место, Словения",
    "active_component": "Моксифлоксацин",
    "qrcode": [
      3838989664497
    ],
    "url": "https://www.eapteka.ru/goods/id295800/"
  },
  {
    "name": "Изжогофф, таблетки жевательные 680 мг+80 мг  24 шт",
    "producer": "Эвалар, Россия",
    "active_component": "Кальция карбонат, Магния карбонат",
    "qrcode": [
      4602242010487
    ],
    "url": "https://www.eapteka.ru/goods/id335665/"
  },
  {
    "name": "Зостерин Ультра, 30% пак. 1г 5шт",
    "producer": "Аквамир, Россия",
    "active_component": "",
    "qrcode": [
      4607158360039
    ],
    "url": "https://www.eapteka.ru/goods/id243039/"
  },
  {
    "name": "Беклометазон, аэрозоль для ингаляций 100 мкг/доза, 200 доз",
    "producer": "Биннофарм, Россия",
    "active_component": "Беклометазон",
    "qrcode": [
      4610004580949
    ],
    "url": "https://www.eapteka.ru/goods/id294221/"
  },
  {
    "name": "Компливит Кальций Д3 форте, таблетки жевательные мятные, 30 шт.",
    "producer": "Фармстандарт-УфаВИТА, Россия",
    "active_component": "Кальция карбонат, Колекальциферол",
    "qrcode": [
      4601808008159
    ],
    "url": "https://www.eapteka.ru/goods/id213433/"
  },
  {
    "name": "Септолете Тотал эвкалипт, таблетки для рассасывания 3 мг+1 мг  16 шт",
    "producer": "КРКА дд Ново место, Словения",
    "active_component": "Бензидамин, Цетилпиридиния хлорид",
    "qrcode": [
      3838989652784,
      "-"
    ],
    "url": "https://www.eapteka.ru/goods/id250678/"
  },
  {
    "name": "Колломак, флакон, 10 мл",
    "producer": "Октобер Фарма, Германия",
    "active_component": "",
    "qrcode": [
      6221088040274
    ],
    "url": "https://www.eapteka.ru/goods/id204534/"
  },
  {
    "name": "Мелоксикам ДС р-р для в/мыш. введ.10 мг/мл 1,5 мл ампулы, 3 шт.",
    "producer": "ВетПром АД, Болгария",
    "active_component": "Мелоксикам",
    "qrcode": [
      3800021110521,
      3800021110552
    ],
    "url": "https://www.eapteka.ru/goods/id502173/"
  },
  {
    "name": "Диклофенак-АКОС гель для наружного применения 5 %, 100 г",
    "producer": "Синтез ОАО, Россия",
    "active_component": "Диклофенак",
    "qrcode": [
      2565022969,
      4602565031107,
      4602565022969
    ],
    "url": "https://www.eapteka.ru/goods/id233587/"
  },
  {
    "name": "Алпизарин, таблетки 100 мг, 20 шт.",
    "producer": "Фармцентр ВИЛАР АО, Россия",
    "active_component": "Тетрагидроксиглюкопиранозилксантен",
    "qrcode": [
      4602329001148,
      4602329001698,
      4602329001575
    ],
    "url": "https://www.eapteka.ru/goods/id47254/"
  },
  {
    "name": "Ацикловир Реневал таблетки 400 мг, 20 шт.",
    "producer": "Обновление ПФК АО, Россия",
    "active_component": "Ацикловир",
    "qrcode": [
      4603988017785
    ],
    "url": "https://www.eapteka.ru/goods/id510051/"
  },
  {
    "name": "Лактофильтрум, таблетки 500 мг 30 шт",
    "producer": "Авва Рус, Россия",
    "active_component": "Лактулоза, Лигнин гидролизный",
    "qrcode": [
      4607003669010,
      4680020231668,
      4680020233396
    ],
    "url": "https://www.eapteka.ru/goods/id204368/"
  },
  {
    "name": "Линекс Форте, капсулы 7 шт.",
    "producer": "Лек д.д., Словения",
    "active_component": "Лактобактерии ацидофиллус, Бифидобактерии ВВ12",
    "qrcode": [
      3838957008902
    ],
    "url": "https://www.eapteka.ru/goods/id268057/"
  },
  {
    "name": "Энтерофурил, капсулы 100 мг   30 шт",
    "producer": "Босналек, Босния и Герцеговина",
    "active_component": "Нифуроксазид",
    "qrcode": [
      3870010002700
    ],
    "url": "https://www.eapteka.ru/goods/id20632/"
  },
  {
    "name": "НутриниДринк с пищевыми волокнами, нейтральный, 200 мл",
    "producer": "Истра-Нутриция ДП АО, Россия",
    "active_component": "",
    "qrcode": [
      8716900552236
    ],
    "url": "https://www.eapteka.ru/goods/id217413/"
  },
  {
    "name": "Аква Марис Аспиратор назальный для детей 4 сменные насадки",
    "producer": "ЯДРАН-ГАЛЕНСКИ ЛАБОРАТОРИЙ а.о., Хорватия",
    "active_component": "Вода морская",
    "qrcode": [
      3856013220150
    ],
    "url": "https://www.eapteka.ru/goods/id304988/"
  },
  {
    "name": "Лазолван Рино, спрей назальный дозированный 82 мкг/доза 10 мл",
    "producer": "Институт де Ангели С.р.Л, Италия",
    "active_component": "Трамазолин",
    "qrcode": [
      3582910082668,
      9006968004099
    ],
    "url": "https://www.eapteka.ru/goods/id23133/"
  },
  {
    "name": "Латанопрост-Оптик, капли глазные 0,005 % 5 мл фл 1 шт",
    "producer": "Лекко ЗАО, Россия",
    "active_component": "Латанопрост",
    "qrcode": [
      4603671003453
    ],
    "url": "https://www.eapteka.ru/goods/id338190/"
  }
]