[
  {
    "name": "Финаст, таблетки покрыт.плен.об. 5 мг 30 шт",
    "producer": "Д-р Редди`с, Индия",
    "active_component": "Финастерид",
    "qrcode": [
      8901148094017,
      8901148342658,
      8901148256125
    ],
    "url": "https://www.eapteka.ru/goods/id28002/"
  },
  {
    "name": "Купрум металликум C9, гранулы гомеопатические 4 г",
    "producer": "Лаборатория Буарон, Франция",
    "active_component": "",
    "qrcode": [
      3352719009308
    ],
    "url": "https://www.eapteka.ru/goods/id504968/"
  },
  {
    "name": "Бутадион, мазь для наружного применения 5 % 20 г 1 шт",
    "producer": "Гедеон Рихтер, Венгрия",
    "active_component": "Фенилбутазон",
    "qrcode": [
      5997001393789,
      "-"
    ],
    "url": "https://www.eapteka.ru/goods/id117465/"
  },
  {
    "name": "Сумамед, капсулы 250 мг 6 шт",
    "producer": "Плива Хрватска д.о.о., Хорватия",
    "active_component": "Азитромицин",
    "qrcode": [
      3850114202497
    ],
    "url": "https://www.eapteka.ru/goods/id103713/"
  },
  {
    "name": "Энтегнин, таблетки 0,47 г 50 шт.",
    "producer": "В-МИН+, Россия",
    "active_component": "Лигнин гидролизный",
    "qrcode": [
      4607004770012
    ],
    "url": "https://www.eapteka.ru/goods/id205412/"
  },
  {
    "name": "Фрутолакс капсулы 0,5 г, 30 шт.",
    "producer": "ВИС ООО, Россия",
    "active_component": "",
    "qrcode": [
      4607039975628
    ],
    "url": "https://www.eapteka.ru/goods/id215368/"
  },
  {
    "name": "Ацилакт, суппозитории вагинальные 10 шт",
    "producer": "Ланафарм, Россия",
    "active_component": "Лактобактерии ацидофильные",
    "qrcode": [
      4603041000044
    ],
    "url": "https://www.eapteka.ru/goods/id123856/"
  },
  {
    "name": "Ликопид, таблетки 1 мг 10 шт",
    "producer": "Пептек АО, Россия",
    "active_component": "Глюкозаминилмурамилдипептид",
    "qrcode": [
      4603780000015,
      4610012021328
    ],
    "url": "https://www.eapteka.ru/goods/id124887/"
  },
  {
    "name": "Мексиприм раствор для в/в и в/м введ.50 мг/мл 2 мл амп, 10 шт.",
    "producer": "Нижфарм АО, Россия",
    "active_component": "Этилметилгидроксипиридина сукцинат",
    "qrcode": [
      4603191001212,
      4602676007534
    ],
    "url": "https://www.eapteka.ru/goods/id211326/"
  },
  {
    "name": "Нейрокс р-р для в/вен. и в/мыш. введ.50 мг/мл 2 мл ампулы, 10 шт.",
    "producer": "ФармФирма Сотекс, Россия",
    "active_component": "Этилметилгидроксипиридина сукцинат",
    "qrcode": [
      4605964003195
    ],
    "url": "https://www.eapteka.ru/goods/id213319/"
  },
  {
    "name": "Метрогил Плюс, гель вагинальный   50  1 шт",
    "producer": "Юник Фармасьютикал Лабораториз, Индия",
    "active_component": "",
    "qrcode": [
      8901086131638
    ],
    "url": "https://www.eapteka.ru/goods/id275485/"
  },
  {
    "name": "Тизин Пантенол для летей, спрей назальный дозированный 0,05 мг+5 мг/доза 10 мл 1 шт",
    "producer": "Фамар Хелс Кейр Сервисез Мадрид С.А.У., Испания",
    "active_component": "Ксилометазолин, [Декспантенол]",
    "qrcode": [
      3574661551807
    ],
    "url": "https://www.eapteka.ru/goods/id513721/"
  },
  {
    "name": "Простанорм, таблетки покрыт.плен.об. 200 мг 30 шт",
    "producer": "ФармВилар НПО, Россия",
    "active_component": "",
    "qrcode": [
      4607013860834,
      4610017502198
    ],
    "url": "https://www.eapteka.ru/goods/id207263/"
  },
  {
    "name": "Флеминга мазь, мазь для наружного применения 25 г   1 шт",
    "producer": "Гомеопатическая фармация, Россия",
    "active_component": "Гомеопатический состав",
    "qrcode": [
      4607004310133
    ],
    "url": "https://www.eapteka.ru/goods/id224208/"
  },
  {
    "name": "Седалит, таблетки 300 мг 50 шт",
    "producer": "Фармстандарт-Лексредства, Россия",
    "active_component": "Лития карбонат",
    "qrcode": [
      4601669004703
    ],
    "url": "https://www.eapteka.ru/goods/id35602/"
  },
  {
    "name": "Кавинтон концентрат д/приг р-ра для инфузий 5 мг/мл 5 мл амп, 10 шт.",
    "producer": "Гедеон Рихтер, Венгрия",
    "active_component": "Винпоцетин",
    "qrcode": [
      5997001362099
    ],
    "url": "https://www.eapteka.ru/goods/id210952/"
  },
  {
    "name": "Колдрекс ХотРем при простуде и гриппе со вкусом меда и лимона, 5 г, 10 пак.",
    "producer": "СмитКляйн Бичем С.А., Испания",
    "active_component": "Парацетамол, Фенилэфрин, Аскорбиновая кислота",
    "qrcode": [
      4602233006482
    ],
    "url": "https://www.eapteka.ru/goods/id206046/"
  },
  {
    "name": "Кетопрофен-АКОС гель для наружного применения 5%, 50 г",
    "producer": "Синтез ОАО, Россия",
    "active_component": "Кетопрофен",
    "qrcode": [
      4602565030933
    ],
    "url": "https://www.eapteka.ru/goods/id506781/"
  },
  {
    "name": "Салвисар, мазь для наружного применения 25 г 2 шт",
    "producer": "Биохимик, Россия",
    "active_component": "Яд гадюки, Камфора, Салициловая кислота, Скипидар живичный",
    "qrcode": [
      4602509019901
    ],
    "url": "https://www.eapteka.ru/goods/id287661/"
  },
  {
    "name": "Хайнемокс, таблетки покрыт.плен.об. 400 мг 5 шт",
    "producer": "Хайгланс Лабораториз Пвт. Лтд, Индия",
    "active_component": "Моксифлоксацин",
    "qrcode": [
      8904102204248
    ],
    "url": "https://www.eapteka.ru/goods/id500983/"
  }
]