[
  {
    "name": "Контролок, таблетки покрыт.киш-раств.об. 20 мг, 14 шт.",
    "producer": "Такеда ГмбХ, Германия",
    "active_component": "Пантопразол",
    "qrcode": [
      4031083002533
    ],
    "url": "https://www.eapteka.ru/goods/id23258/"
  },
  {
    "name": "Гербион плющ таблетки для рассасывания 35 мг, 16 шт.",
    "producer": "КРКА дд Ново место, Словения",
    "active_component": "Плюща листьев экстракт",
    "qrcode": [
      3838989729318
    ],
    "url": "https://www.eapteka.ru/goods/id509694/"
  },
  {
    "name": "АнвиМакс Лимон с медом, пакетики 5 г, 6 шт.",
    "producer": "ФармВилар НПО, Россия",
    "active_component": "Парацетамол, Аскорбиновая кислота, Римантадин, Рутозид, Лоратадин, Кальция глюконат",
    "qrcode": [
      4605964003874,
      4605964003713
    ],
    "url": "https://www.eapteka.ru/goods/id221497/"
  },
  {
    "name": "Витаргол Форте (протаргол) гигиеническое средство спрей для горла, 15 мл",
    "producer": "НПЦ Элюсан, Россия",
    "active_component": "",
    "qrcode": [
      4620759290291
    ],
    "url": "https://www.eapteka.ru/goods/id291975/"
  },
  {
    "name": "Стафизагриа C15, гранулы",
    "producer": "Лаборатория Буарон, Франция",
    "active_component": "",
    "qrcode": [
      3352719009360
    ],
    "url": "https://www.eapteka.ru/goods/id504983/"
  },
  {
    "name": "Иов-венум, капли, 25 мл",
    "producer": "Талион-А, Россия",
    "active_component": "Гомеопатический состав",
    "qrcode": [
      4603337000031
    ],
    "url": "https://www.eapteka.ru/goods/id200252/"
  },
  {
    "name": "Калькареа карбоника остреарум C15, гранулы гомеопатические 4 г",
    "producer": "Лаборатория Буарон, Франция",
    "active_component": "",
    "qrcode": [
      3352719010151
    ],
    "url": "https://www.eapteka.ru/goods/id504965/"
  },
  {
    "name": "Телмисартан-СЗ, таблетки 40 мг 30 шт",
    "producer": "Северная Звезда, Россия",
    "active_component": "Телмисартан",
    "qrcode": [
      4690655014352,
      4690655025563
    ],
    "url": "https://www.eapteka.ru/goods/id504933/"
  },
  {
    "name": "Фезам, капсулы     60 шт",
    "producer": "Балканфарма - Дупница АД, Болгария",
    "active_component": "Пирацетам, Циннаризин",
    "qrcode": [
      4607141998522,
      4630013791075,
      3800712745117
    ],
    "url": "https://www.eapteka.ru/goods/id110670/"
  },
  {
    "name": "Аминалон, таблетки 250 мг 100 шт",
    "producer": "Борисовский завод медицинских препаратов, Беларусь",
    "active_component": "Гамма-аминомасляная кислота",
    "qrcode": [
      4810201002934
    ],
    "url": "https://www.eapteka.ru/goods/id229795/"
  },
  {
    "name": "Фервекс, порошок д/приг р-ра д/приема внутрь     4 шт",
    "producer": "УПСА САС, Франция",
    "active_component": "Парацетамол, Фенирамин, Аскорбиновая кислота",
    "qrcode": [
      4602505009036,
      3585553767022,
      "-"
    ],
    "url": "https://www.eapteka.ru/goods/id204096/"
  },
  {
    "name": "Алтей, сироп 150 мл 1 шт",
    "producer": "ЯДРАН-ГАЛЕНСКИ ЛАБОРАТОРИЙ а.о., Хорватия",
    "active_component": "",
    "qrcode": [
      3858881051843
    ],
    "url": "https://www.eapteka.ru/goods/id210304/"
  },
  {
    "name": "Протопик, мазь 0,03% 10 г",
    "producer": "Нидерланды",
    "active_component": "Такролимус",
    "qrcode": [
      4607098450586,
      5702191012682,
      5702191026108
    ],
    "url": "https://www.eapteka.ru/goods/id212852/"
  },
  {
    "name": "Колдрекс ХотРем при простуде и гриппе со вкусом лимона, порошок, 5 г, 10 пак.",
    "producer": "СмитКляйн Бичем С.А., Испания",
    "active_component": "Парацетамол, Фенилэфрин, Аскорбиновая кислота",
    "qrcode": [
      602233002569,
      4602233002569
    ],
    "url": "https://www.eapteka.ru/goods/id116358/"
  },
  {
    "name": "Лефлобакт таблетки покрыт.плен.об. 500 мг, 10 шт.",
    "producer": "Синтез ОАО, Россия",
    "active_component": "Левофлоксацин",
    "qrcode": [
      4602565015169
    ],
    "url": "https://www.eapteka.ru/goods/id219232/"
  },
  {
    "name": "Бефунгин, флаконы , 100 мл",
    "producer": "Вифитех, Россия",
    "active_component": "Гриба березового экстр., Кобальта хлорид",
    "qrcode": [
      4605180006062
    ],
    "url": "https://www.eapteka.ru/goods/id228840/"
  },
  {
    "name": "Мотониум, таблетки покрыт.плен.об. 10 мг 30 шт",
    "producer": "Авва Рус, Россия",
    "active_component": "Домперидон",
    "qrcode": [
      4607003663155,
      4680020233143,
      4680020231705
    ],
    "url": "https://www.eapteka.ru/goods/id215474/"
  },
  {
    "name": "Орвис Бронхо Тимьян, сироп 100 мл 1 шт",
    "producer": "Эвалар, Россия",
    "active_component": "Тимьяна обыкновенного травы экстракт",
    "qrcode": [
      4602242010449
    ],
    "url": "https://www.eapteka.ru/goods/id483012/"
  },
  {
    "name": "Энап-НЛ, таблетки 12,5 мг+10 мг  20 шт",
    "producer": "КРКА дд Ново место, Словения",
    "active_component": "Гидрохлоротиазид, Эналаприл",
    "qrcode": [
      4605635000263,
      3838989505530,
      4607055137246
    ],
    "url": "https://www.eapteka.ru/goods/id98930/"
  },
  {
    "name": "Симпатил, таблетки   40 шт",
    "producer": "Иннотера Шузи, Франция",
    "active_component": "Эшшольции сухой экстракт, Боярышника сухой экстрак, Магния оксид",
    "qrcode": [
      3400970000982,
      3614250000382
    ],
    "url": "https://www.eapteka.ru/goods/id223081/"
  }
]