[
  {
    "name": "Ацикловир Белупо, крем для наружного применения 5 % 5 г 1 шт",
    "producer": "Белупо,лекарства и косметика д.д, Хорватия",
    "active_component": "Ацикловир",
    "qrcode": [
      3850343034760
    ],
    "url": "https://www.eapteka.ru/goods/id219248/"
  },
  {
    "name": "Пензитал Гастро, таблетки покрыт.кишечнораств.об.   20 шт",
    "producer": "Шрея Лайф Саенсиз Пвт.Лтд, Индия",
    "active_component": "Панкреатин",
    "qrcode": [
      8906000570524,
      8906000570258
    ],
    "url": "https://www.eapteka.ru/goods/id216905/"
  },
  {
    "name": "Вода для инъекций 2 мл ампулы, раствор для инъекций 2 мл 10 шт",
    "producer": "Ереванская ХФФ, Армения",
    "active_component": "",
    "qrcode": [
      4850001740124
    ],
    "url": "https://www.eapteka.ru/goods/id500421/"
  },
  {
    "name": "Цинковая, мазь для наружного применения 25 г   1 шт",
    "producer": "Тверская фармфабрика, Россия",
    "active_component": "Цинка оксид",
    "qrcode": [
      4603373002655
    ],
    "url": "https://www.eapteka.ru/goods/id87001/"
  },
  {
    "name": "Нитроглицерин, таблетки   40 шт",
    "producer": "Медисорб, Россия",
    "active_component": "Нитроглицерин",
    "qrcode": [
      4603182005199,
      4603182005687
    ],
    "url": "https://www.eapteka.ru/goods/id235228/"
  },
  {
    "name": "Диклофенак, капли глазные 0,1 % 5 мл",
    "producer": "К.О.Ромфарм Компани С.Р.Л., Румыния",
    "active_component": "Диклофенак",
    "qrcode": [
      5944728000230
    ],
    "url": "https://www.eapteka.ru/goods/id255216/"
  },
  {
    "name": "Глицерин, жидкость для местного применения , 25 г",
    "producer": "Тульская фармфабрика, Россия",
    "active_component": "Глицерол",
    "qrcode": [
      4603905000319
    ],
    "url": "https://www.eapteka.ru/goods/id234452/"
  },
  {
    "name": "Глицерин, жидкость для местного применения , 25 г",
    "producer": "Тверская фармфабрика, Россия",
    "active_component": "Глицерол",
    "qrcode": [
      4603373001016
    ],
    "url": "https://www.eapteka.ru/goods/id86376/"
  },
  {
    "name": "Лопедиум, таблетки 2 мг 10 шт",
    "producer": "Салютас Фарма ГмбХ, Германия",
    "active_component": "Лоперамид",
    "qrcode": [
      4030855000920
    ],
    "url": "https://www.eapteka.ru/goods/id23913/"
  },
  {
    "name": "Тамоксифен, таблетки 10 мг 30 шт",
    "producer": "Озон, Россия",
    "active_component": "Тамоксифен",
    "qrcode": [
      4607027762452
    ],
    "url": "https://www.eapteka.ru/goods/id219132/"
  },
  {
    "name": "Эвкалипт, настойка 25 мл   1 шт",
    "producer": "Ивановская фармфабрика, Россия",
    "active_component": "Эвкалипта прутовидного листья",
    "qrcode": [
      4603184000154
    ],
    "url": "https://www.eapteka.ru/goods/id56865/"
  },
  {
    "name": "Салицилово-цинковая, паста 25 г 1 шт",
    "producer": "Тульская фармфабрика, Россия",
    "active_component": "Салициловая кислота, Цинка оксид",
    "qrcode": [
      4603905003792
    ],
    "url": "https://www.eapteka.ru/goods/id228832/"
  },
  {
    "name": "Офлокс, таблетки покрыт.плен.об. 200 мг 10 шт",
    "producer": "Фармасинтез АО, Россия",
    "active_component": "Офлоксацин",
    "qrcode": [
      4605310001264
    ],
    "url": "https://www.eapteka.ru/goods/id264000/"
  },
  {
    "name": "Фамотидин, таблетки 20 мг 30 шт",
    "producer": "Хемофарм ООО, Россия",
    "active_component": "Фамотидин",
    "qrcode": [
      4607143560437
    ],
    "url": "https://www.eapteka.ru/goods/id105296/"
  },
  {
    "name": "Эуфиллин, раствор для инъекций 2,4 % 5 мл 10 шт",
    "producer": "Новосибхимфарм, Россия",
    "active_component": "Аминофиллин",
    "qrcode": [
      4602212000463
    ],
    "url": "https://www.eapteka.ru/goods/id72769/"
  },
  {
    "name": "Таблетки от кашля, таблетки   10 шт",
    "producer": "Дальхимфарм, Россия",
    "active_component": "",
    "qrcode": [
      4602824000554
    ],
    "url": "https://www.eapteka.ru/goods/id275484/"
  },
  {
    "name": "Средство кровоостанавливающее Эверс Лайф-Гемо 18 х 13 см, 1 шт.",
    "producer": "Эвтекс, Россия",
    "active_component": "",
    "qrcode": [
      4640000905293
    ],
    "url": "https://www.eapteka.ru/goods/id288303/"
  },
  {
    "name": "Дуба кора, сырье растительное     1 шт",
    "producer": "Фитофарм ПКФ, Россия",
    "active_component": "Дуба кора",
    "qrcode": [
      4603762001955
    ],
    "url": "https://www.eapteka.ru/goods/id230625/"
  },
  {
    "name": "Фукорцин, раствор для наружного применения   10 мл 1 шт",
    "producer": "Тульская фармфабрика, Россия",
    "active_component": "Ацетон, Борная кислота, Резорцинол",
    "qrcode": [
      4603905010226,
      4603905016778
    ],
    "url": "https://www.eapteka.ru/goods/id297246/"
  },
  {
    "name": "Энам, таблетки 10 мг 20 шт",
    "producer": "Д-р Редди`с, Индия",
    "active_component": "Эналаприл",
    "qrcode": [
      8901148022010,
      8901148245518,
      8901148302157
    ],
    "url": "https://www.eapteka.ru/goods/id28008/"
  }
]