[
  {
    "name": "Найз Активгель гель для наружного применения 1%, 20 г",
    "producer": "Д-р Редди`с, Индия",
    "active_component": "Нимесулид",
    "qrcode": [
      8901148249752,
      8901148324135
    ],
    "url": "https://www.eapteka.ru/goods/id497477/"
  },
  {
    "name": "Мебеверин-СЗ, таблетки покрыт.плен.об. 135 мг 50 шт",
    "producer": "Северная Звезда, Россия",
    "active_component": "Мебеверин",
    "qrcode": [
      4690655019852
    ],
    "url": "https://www.eapteka.ru/goods/id442842/"
  },
  {
    "name": "Диклофенак-Тева, гель для наружного применения 1 % 40 г 1 шт",
    "producer": "Меркле ГмбХ, Германия",
    "active_component": "Диклофенак",
    "qrcode": [
      4030096304672
    ],
    "url": "https://www.eapteka.ru/goods/id264963/"
  },
  {
    "name": "Нолицин, таблетки 400 мг 10 шт",
    "producer": "КРКА-РУС, Россия",
    "active_component": "Норфлоксацин",
    "qrcode": [
      4605635001499,
      4607055130254
    ],
    "url": "https://www.eapteka.ru/goods/id98751/"
  },
  {
    "name": "Тримедат для детей от 3-х лет, таблетки 100 мг 10 шт",
    "producer": "Валента Фарм, Россия",
    "active_component": "Тримебутин",
    "qrcode": [
      4602193012783,
      4602193011755,
      4602193011182
    ],
    "url": "https://www.eapteka.ru/goods/id215713/"
  },
  {
    "name": "Аскорил экспекторант, раствор для приема внутрь 2мг+50мг+1 мг/5мл 100мл",
    "producer": "Гленмарк Фармасьютикалз Лтд, Индия",
    "active_component": "Бромгексин, Гвайфенезин, Сальбутамол",
    "qrcode": [
      8904091127931
    ],
    "url": "https://www.eapteka.ru/goods/id513718/"
  },
  {
    "name": "Аторвастатин-АЛСИ таблетки покрыт.плен.об. 40 мг, 30 шт.",
    "producer": "Алси Фарма, Россия",
    "active_component": "Аторвастатин",
    "qrcode": [
      4607011634352
    ],
    "url": "https://www.eapteka.ru/goods/id329896/"
  },
  {
    "name": "Метрогил Дента, гель стоматологический   20 г 1 шт",
    "producer": "Юник Фармасьютикал Лабораториз, Индия",
    "active_component": "Метронидазол, Хлоргексидин",
    "qrcode": [
      8901086131065,
      108901086131
    ],
    "url": "https://www.eapteka.ru/goods/id29898/"
  },
  {
    "name": "ВитА-Пос, 5 г",
    "producer": "Урсафарм Арцнаймиттель, Германия",
    "active_component": "Ретинола пальмитат",
    "qrcode": [
      4031626710635
    ],
    "url": "https://www.eapteka.ru/goods/id216279/"
  },
  {
    "name": "Спираль Юнона Био-Т Супер, 1 шт.",
    "producer": "Симург, Россия",
    "active_component": "Серебра протеинат",
    "qrcode": [
      4811379000067
    ],
    "url": "https://www.eapteka.ru/goods/id241652/"
  },
  {
    "name": "Олазоль с пантенолом аэрозоль, 80 г",
    "producer": "Алтайвитамины, Россия",
    "active_component": "",
    "qrcode": [
      4603679007187
    ],
    "url": "https://www.eapteka.ru/goods/id297605/"
  },
  {
    "name": "Циклоферон, ампулы 12.5% , 2 мл , 5 шт.",
    "producer": "Полисан НТФФ ООО, Россия",
    "active_component": "Меглюмина акридонацетат",
    "qrcode": [
      4603191001045,
      4603191000017
    ],
    "url": "https://www.eapteka.ru/goods/id115205/"
  },
  {
    "name": "Тафен, спрей назальный 50 мг/мл 10 мл 1 шт",
    "producer": "Лек д.д., Словения",
    "active_component": "Будесонид",
    "qrcode": [
      3838957885442
    ],
    "url": "https://www.eapteka.ru/goods/id206836/"
  },
  {
    "name": "Омник, капсулы с модифицированным высвобождением 0,4 мг   10 шт",
    "producer": "ФКП Армавирская биофабрика, Россия",
    "active_component": "Тамсулозин",
    "qrcode": [
      4607098451682,
      "-",
      4650075360538,
      4607085319469,
      4607098450388
    ],
    "url": "https://www.eapteka.ru/goods/id34216/"
  },
  {
    "name": "Дилтиазем ретард капсулы пролонг. д-я 180 мг, 30 шт.",
    "producer": "К.О.Ромфарм Компани С.Р.Л., Румыния",
    "active_component": "Дилтиазем",
    "qrcode": [
      5944728001084
    ],
    "url": "https://www.eapteka.ru/goods/id231320/"
  },
  {
    "name": "Левофлоксацин-Тева, таблетки покрыт.плен.об. 500 мг 7 шт.",
    "producer": "Тева Фармацевтические Предприятия Лтд, Израиль",
    "active_component": "Левофлоксацин",
    "qrcode": [
      7290102065400
    ],
    "url": "https://www.eapteka.ru/goods/id213633/"
  },
  {
    "name": "Антарейт таблетки жевательные  800/40мг, 12 шт.",
    "producer": "Селебрити Биофарма Лтд, Индия",
    "active_component": "Магалдрат, симетикон",
    "qrcode": [
      4602193012592,
      4650065230070,
      4602193013230,
      "-"
    ],
    "url": "https://www.eapteka.ru/goods/id281676/"
  },
  {
    "name": "Перхотал, шампунь 1%, 100 мл",
    "producer": "Джепак Интернейшенл, Индия",
    "active_component": "Кетоконазол",
    "qrcode": [
      8901278000186
    ],
    "url": "https://www.eapteka.ru/goods/id227879/"
  },
  {
    "name": "Фитолакка декандра C30, гранулы   4 г",
    "producer": "Лаборатория Буарон, Франция",
    "active_component": "",
    "qrcode": [
      3352719010267
    ],
    "url": "https://www.eapteka.ru/goods/id504988/"
  },
  {
    "name": "Бриониа C9, гранулы гомеопатические 4 г",
    "producer": "Лаборатория Буарон, Франция",
    "active_component": "",
    "qrcode": [
      3352719011172
    ],
    "url": "https://www.eapteka.ru/goods/id504952/"
  }
]