[
  {
    "name": "Фитолакка декандра C30, гранулы   4 г",
    "producer": "Лаборатория Буарон, Франция",
    "active_component": "",
    "qrcode": [
      3352719010267
    ],
    "url": "https://www.eapteka.ru/goods/id504988/"
  },
  {
    "name": "Бриониа C9, гранулы гомеопатические 4 г",
    "producer": "Лаборатория Буарон, Франция",
    "active_component": "",
    "qrcode": [
      3352719011172
    ],
    "url": "https://www.eapteka.ru/goods/id504952/"
  },
  {
    "name": "Страмониум C30, гранулы",
    "producer": "Лаборатория Буарон, Франция",
    "active_component": "",
    "qrcode": [
      3352719011714
    ],
    "url": "https://www.eapteka.ru/goods/id504984/"
  },
  {
    "name": "Калиум муриатикум C9, гранулы гомеопатические 4 г",
    "producer": "Лаборатория Буарон, Франция",
    "active_component": "",
    "qrcode": [
      3352719010656
    ],
    "url": "https://www.eapteka.ru/goods/id504964/"
  },
  {
    "name": "Ледум палюстре С5, гранулы гомеопатические 4 г",
    "producer": "Лаборатория Буарон, Франция",
    "active_component": "",
    "qrcode": [
      3352719010793
    ],
    "url": "https://www.eapteka.ru/goods/id504969/"
  },
  {
    "name": "Колоцинтис C15, гранулы гомеопатические 4 г",
    "producer": "Лаборатория Буарон, Франция",
    "active_component": "",
    "qrcode": [
      3352719010847
    ],
    "url": "https://www.eapteka.ru/goods/id504967/"
  },
  {
    "name": "Бриониа C30, гранулы гомеопатические 4 г",
    "producer": "Лаборатория Буарон, Франция",
    "active_component": "",
    "qrcode": [
      3352719011332
    ],
    "url": "https://www.eapteka.ru/goods/id504951/"
  },
  {
    "name": "Гепар сульфур C9, гранулы гомеопатические 4 г",
    "producer": "Лаборатория Буарон, Франция",
    "active_component": "",
    "qrcode": [
      3352719011127
    ],
    "url": "https://www.eapteka.ru/goods/id504956/"
  },
  {
    "name": "Белладонна C30, гранулы гомеопатические 4 г",
    "producer": "Лаборатория Буарон, Франция",
    "active_component": "",
    "qrcode": [
      3352719010601
    ],
    "url": "https://www.eapteka.ru/goods/id504949/"
  },
  {
    "name": "Антимониум крудум C9, гранулы гомеопатические 4 г",
    "producer": "Лаборатория Буарон, Франция",
    "active_component": "",
    "qrcode": [
      3352719010571
    ],
    "url": "https://www.eapteka.ru/goods/id504944/"
  },
  {
    "name": "Хамомилла вульгарис C15, гранулы   4 г",
    "producer": "Лаборатория Буарон, Франция",
    "active_component": "",
    "qrcode": [
      3352719010250
    ],
    "url": "https://www.eapteka.ru/goods/id504990/"
  },
  {
    "name": "Хина рубра C9, гранулы   4 г",
    "producer": "Лаборатория Буарон, Франция",
    "active_component": "",
    "qrcode": [
      3352719010922
    ],
    "url": "https://www.eapteka.ru/goods/id504991/"
  },
  {
    "name": "Эупаториум перфолиатум C9, гранулы   4 г",
    "producer": "Лаборатория Буарон, Франция",
    "active_component": "",
    "qrcode": [
      3352719011240
    ],
    "url": "https://www.eapteka.ru/goods/id504992/"
  },
  {
    "name": "Глимепирид-Вертекс таблетки 3 мг, 30 шт.",
    "producer": "Вертекс, Россия",
    "active_component": "Глимепирид",
    "qrcode": [
      4607003247188,
      4670033322255,
      "-"
    ],
    "url": "https://www.eapteka.ru/goods/id236965/"
  },
  {
    "name": "Метглиб Форс таблетки покрыт.плен.об. 5 мг+500 мг, 30 шт.",
    "producer": "Канонфарма продакшн ЗАО, Россия",
    "active_component": "Глибенкламид, Метформин",
    "qrcode": [
      4606486024576,
      4606486030935
    ],
    "url": "https://www.eapteka.ru/goods/id275596/"
  },
  {
    "name": "Гинкго Билоба Эвалар таблетки, 40 шт.",
    "producer": "Эвалар, Россия",
    "active_component": "",
    "qrcode": [
      4602242003694
    ],
    "url": "https://www.eapteka.ru/goods/id205138/"
  },
  {
    "name": "Антигриппин, таблетки шипучие д/взр, 10 шт.",
    "producer": "Натур Продукт Фарма, Польша",
    "active_component": "",
    "qrcode": [
      4607013581111,
      8717627103237
    ],
    "url": "https://www.eapteka.ru/goods/id103009/"
  },
  {
    "name": "Новалгин, таблетки   10 шт",
    "producer": "Озон, Россия",
    "active_component": "Кофеин, Парацетамол, Пропифеназон",
    "qrcode": [
      4670010370989
    ],
    "url": "https://www.eapteka.ru/goods/id265549/"
  },
  {
    "name": "Найз, гель 1%, 20 г",
    "producer": "Д-р Редди`с, Индия",
    "active_component": "Нимесулид",
    "qrcode": [
      8901148053021,
      118901148011,
      8901148011639,
      "-",
      8901148011632
    ],
    "url": "https://www.eapteka.ru/goods/id205880/"
  },
  {
    "name": "Аскорил, таблетки, 10 шт.",
    "producer": "Гленмарк Фармасьютикалз Лтд, Индия",
    "active_component": "Бромгексин, Гвайфенезин, Сальбутамол",
    "qrcode": [
      8904091106400
    ],
    "url": "https://www.eapteka.ru/goods/id217252/"
  }
]