[
  {
    "name": "Ци-клим, таблетки покрыт.плен.об. 20 мг 60 шт",
    "producer": "Эвалар, Россия",
    "active_component": "Цимицифуги даурской корневищ с корнями экстракт",
    "qrcode": [
      4602242010395,
      4602242001553,
      4602242005032
    ],
    "url": "https://www.eapteka.ru/goods/id210809/"
  },
  {
    "name": "Тантум Верде, таблетки для рассасывания 3 мг 20 шт",
    "producer": "Азиенде Кимике Риуните Анжелини Франческо А.К.Р.А., Италия",
    "active_component": "Бензидамин",
    "qrcode": [
      8000036022771
    ],
    "url": "https://www.eapteka.ru/goods/id314782/"
  },
  {
    "name": "Велкардио таблетки 25 мг, 30 шт",
    "producer": "Велфарм, Россия",
    "active_component": "Карведилол",
    "qrcode": [
      4650099782767
    ],
    "url": "https://www.eapteka.ru/goods/id501677/"
  },
  {
    "name": "Тантум Верде, таблетки для рассасывания 3 мг 20 шт",
    "producer": "Азиенде Кимике Риуните Анжелини Франческо А.К.Р.А., Италия",
    "active_component": "Бензидамин",
    "qrcode": [
      8000036012413
    ],
    "url": "https://www.eapteka.ru/goods/id30918/"
  },
  {
    "name": "Домперидон таблетки покрыт.плен.об. 10 мг, 30 шт.",
    "producer": "Озон, Россия",
    "active_component": "Домперидон",
    "qrcode": [
      4607027769086
    ],
    "url": "https://www.eapteka.ru/goods/id484681/"
  },
  {
    "name": "Лаксигал, капли для приема внутрь 7,5 мг/мл 10 мл",
    "producer": "Тева Чешские Предприятия с.р.о., Чешская Республика",
    "active_component": "Натрия пикосульфат",
    "qrcode": [
      8594737234613,
      8594737221217
    ],
    "url": "https://www.eapteka.ru/goods/id103824/"
  },
  {
    "name": "Эльмуцин, капсулы 300 мг   10 шт",
    "producer": "Алиум АО, Россия",
    "active_component": "Эрдостеин",
    "qrcode": [
      4605077016853,
      4605077016860
    ],
    "url": "https://www.eapteka.ru/goods/id506793/"
  },
  {
    "name": "Назик, спрей назальный дозированный 0,05 мг+5 мг/доза 10 мл 1 шт",
    "producer": "Клостерфрау Берлин ГмбХ, Германия",
    "active_component": "",
    "qrcode": [
      4008617227250,
      4008617226185,
      4251595210176
    ],
    "url": "https://www.eapteka.ru/goods/id219889/"
  },
  {
    "name": "Африн экстро, спрей назальный 0,05 % 15 мл",
    "producer": "Делфарм Монреаль Инк., Канада",
    "active_component": "Оксиметазолин",
    "qrcode": [
      4250369506507,
      4250369507344,
      4602210002438,
      4602210006507
    ],
    "url": "https://www.eapteka.ru/goods/id235128/"
  },
  {
    "name": "Микафор, таблетки 12,5 мг+40 мг  28 шт",
    "producer": "Хайгланс Лабораториз Пвт. Лтд, Индия",
    "active_component": "Гидрохлоротиазид, Телмисартан",
    "qrcode": [
      8904102205139,
      8904102205136
    ],
    "url": "https://www.eapteka.ru/goods/id512618/"
  },
  {
    "name": "Пентоксифиллин Санофи, таблетки покрыт.об. 100 мг   60 шт",
    "producer": "Зентива к.с, Чешская Республика",
    "active_component": "Пентоксифиллин",
    "qrcode": [
      3582910095750,
      8584005716934
    ],
    "url": "https://www.eapteka.ru/goods/id345610/"
  },
  {
    "name": "Гидрокортизон Рихтер сусп д/внутрисуст.и околосуст введ 25мг+5мг/мл флакон 5 мл, 1 шт.",
    "producer": "Гедеон Рихтер, Венгрия",
    "active_component": "Гидрокортизон, Лидокаин",
    "qrcode": [
      5997001390993
    ],
    "url": "https://www.eapteka.ru/goods/id21892/"
  },
  {
    "name": "Пиженум-сановель, таблетки кишечнораствор.покрыт.плен.об. 40 мг   28 шт",
    "producer": "Сановель Фармако-индустриальная торговая компания, Турция",
    "active_component": "Пантопразол",
    "qrcode": [
      8699536040028
    ],
    "url": "https://www.eapteka.ru/goods/id498613/"
  },
  {
    "name": "Ондансетрон-Тева, таблетки покрыт.плен.об. 8 мг 10 шт",
    "producer": "Тева Фармасьютикал Воркс Прайвэт Лимитед Компани, Венгрия",
    "active_component": "Ондансетрон",
    "qrcode": [
      5995377104800
    ],
    "url": "https://www.eapteka.ru/goods/id227013/"
  },
  {
    "name": "Идринол раствор для в/в и в/м введ.100 мг/мл 5 мл амп, 10 шт.",
    "producer": "ФармФирма Сотекс, Россия",
    "active_component": "Мельдоний",
    "qrcode": [
      4605964003287,
      4605964006554,
      4605964005922
    ],
    "url": "https://www.eapteka.ru/goods/id217847/"
  },
  {
    "name": "Калия оротат, таблетки 500 мг 20 шт",
    "producer": "Авва Рус, Россия",
    "active_component": "Оротовая кислота",
    "qrcode": [
      4607003661755,
      4680020231477,
      "-"
    ],
    "url": "https://www.eapteka.ru/goods/id229897/"
  },
  {
    "name": "Нео-Ангин без сахара, таблетки 16 шт",
    "producer": "Клостерфрау Берлин ГмбХ, Германия",
    "active_component": "Амилметакрезол, Дихлорбензиловый спирт, Левоментол",
    "qrcode": [
      4008617149873,
      4251595210138
    ],
    "url": "https://www.eapteka.ru/goods/id206124/"
  },
  {
    "name": "Вибургель гель для ухода за деснами при прорезывании зубов, 10 г",
    "producer": "Биологише Хайльмиттель Хеель ГмбХ, Германия",
    "active_component": "",
    "qrcode": [
      4047642017184
    ],
    "url": "https://www.eapteka.ru/goods/id510049/"
  },
  {
    "name": "Винилин (Шостаковского бальзам), жидкость для наружного применения , 100 г",
    "producer": "Химреактивкомплект, Россия",
    "active_component": "Поливинокс",
    "qrcode": [
      4603901000115,
      4603901000658
    ],
    "url": "https://www.eapteka.ru/goods/id95500/"
  },
  {
    "name": "Фастум, гель для наружного применения 2,5 % 30 г",
    "producer": "А.Менарини Мэнюфекчеринг Лоджистикс энд Сервисиз С, Италия",
    "active_component": "Кетопрофен",
    "qrcode": [
      4013054002902
    ],
    "url": "https://www.eapteka.ru/goods/id125717/"
  }
]