[
  {
    "name": "Ангидак спрей для местного применения дозированный 0.255 мг/доза, (176 доз) 30 мл",
    "producer": "Гротекс ООО, Россия",
    "active_component": "Бензидамин",
    "qrcode": [
      4670028220122
    ],
    "url": "https://www.eapteka.ru/goods/id301605/"
  },
  {
    "name": "Доктор Тайсс Анги Септ таблетки для рассасывания медово-липовые, 24 шт.",
    "producer": "Доктор Тайсс Натурварен ГмбХ, Германия",
    "active_component": "Анетол, 2,4-дихлорбензиловый спирт, Ментол, Мяты переч. масло",
    "qrcode": [
      4016369669358
    ],
    "url": "https://www.eapteka.ru/goods/id227504/"
  },
  {
    "name": "Клотримазол р-р для наружного применения 1%, 15 мл",
    "producer": "Кировская фармфабрика, Россия",
    "active_component": "Клотримазол",
    "qrcode": [
      4603256010258
    ],
    "url": "https://www.eapteka.ru/goods/id513327/"
  },
  {
    "name": "Арника-ГФ, мазь гомеопатическая 25 г   1 шт",
    "producer": "Гомеопатическая фармация, Россия",
    "active_component": "Гомеопатический состав",
    "qrcode": [
      4607004310140
    ],
    "url": "https://www.eapteka.ru/goods/id67018/"
  },
  {
    "name": "Небиволол-СЗ, таблетки 5 мг 28 шт",
    "producer": "Северная Звезда, Россия",
    "active_component": "Небиволол",
    "qrcode": [
      4690655011030,
      4690655020940
    ],
    "url": "https://www.eapteka.ru/goods/id252601/"
  },
  {
    "name": "Омарон, таблетки   60 шт",
    "producer": "Нижфарм АО, Россия",
    "active_component": "Пирацетам, Циннаризин",
    "qrcode": [
      4607143560970,
      4601026302749
    ],
    "url": "https://www.eapteka.ru/goods/id210145/"
  },
  {
    "name": "Аспирин-С, таблетки шипучие, 10 шт.",
    "producer": "Байер Биттерфельд ГмбХ, Германия",
    "active_component": "Ацетилсалициловая кислота, Аскорбиновая кислота",
    "qrcode": [
      4008500120033,
      4250369506613
    ],
    "url": "https://www.eapteka.ru/goods/id22687/"
  },
  {
    "name": "Диклак гель для наружного применения 5%, 50 г",
    "producer": "Салютас Фарма ГмбХ, Германия",
    "active_component": "Диклофенак",
    "qrcode": [
      4030855002320
    ],
    "url": "https://www.eapteka.ru/goods/id23886/"
  },
  {
    "name": "Нимесулид, таблетки 100 мг 20 шт",
    "producer": "Изварино Фарма, Россия",
    "active_component": "Нимесулид",
    "qrcode": [
      4660007701711
    ],
    "url": "https://www.eapteka.ru/goods/id266677/"
  },
  {
    "name": "Ацикловир Белупо таблетки покрыт. плен. об. 400 мг, 35 шт.",
    "producer": "Белупо,лекарства и косметика д.д, Хорватия",
    "active_component": "Ацикловир",
    "qrcode": [
      3850343034777
    ],
    "url": "https://www.eapteka.ru/goods/id217906/"
  },
  {
    "name": "Сульфасалазин, таблетки покрыт.плен.об. 500 мг 50 шт",
    "producer": "Озон, Россия",
    "active_component": "Сульфасалазин",
    "qrcode": [
      4607027769840
    ],
    "url": "https://www.eapteka.ru/goods/id348482/"
  },
  {
    "name": "Дазолик, таблетки 500 мг, 10 шт.",
    "producer": "Сан Фармасьютикал Индастриз Лтд, Индия",
    "active_component": "Орнидазол",
    "qrcode": [
      8901127003863,
      8901127005010
    ],
    "url": "https://www.eapteka.ru/goods/id209626/"
  },
  {
    "name": "Звездочка ЛОР, спрей для местного применения 0,3 % 15 мл 1 шт",
    "producer": "Данафа Фармасьютикал Джойнт, Вьетнам",
    "active_component": "Бензидамин",
    "qrcode": [
      8934901840125
    ],
    "url": "https://www.eapteka.ru/goods/id316695/"
  },
  {
    "name": "Граммидин Нео с анестетиком, таблетки   18 шт",
    "producer": "Валента Фарм, Россия",
    "active_component": "",
    "qrcode": [
      4602193010734
    ],
    "url": "https://www.eapteka.ru/goods/id212692/"
  },
  {
    "name": "Декспантенол-Вертекс, мазь для наружного применения 5 % 50 г 1 шт",
    "producer": "Вертекс, Россия",
    "active_component": "Декспантенол",
    "qrcode": [
      4670033322019
    ],
    "url": "https://www.eapteka.ru/goods/id513559/"
  },
  {
    "name": "Анаферон детский, таблетки   20 шт",
    "producer": "Материа Медика Холдинг, Россия",
    "active_component": "Антитела",
    "qrcode": [
      4607009582412,
      4607009581071
    ],
    "url": "https://www.eapteka.ru/goods/id208169/"
  },
  {
    "name": "Престариум А, таблетки диспергируемые 10 мг   30 шт",
    "producer": "Сервье Рус ООО, Россия",
    "active_component": "Периндоприл",
    "qrcode": [
      4607159862730,
      5391189300049
    ],
    "url": "https://www.eapteka.ru/goods/id230676/"
  },
  {
    "name": "Моночинкве ретард, капсулы пролонгированного действия 50 мг   30 шт",
    "producer": "А.Менарини Мэнюфекчеринг Лоджистикс энд Сервисиз С, Италия",
    "active_component": "Изосорбида мононитрат",
    "qrcode": [
      4013054001448
    ],
    "url": "https://www.eapteka.ru/goods/id30640/"
  },
  {
    "name": "Налгезин форте, таблетки 550 мг 10 шт",
    "producer": "КРКА дд Ново место, Словения",
    "active_component": "Напроксен",
    "qrcode": [
      3838989500139
    ],
    "url": "https://www.eapteka.ru/goods/id98733/"
  },
  {
    "name": "Амелотекс, таблетки 7,5 мг, 20 шт.",
    "producer": "Реплек Фарм, Республика Северная Македония",
    "active_component": "Мелоксикам",
    "qrcode": [
      4605964003126
    ],
    "url": "https://www.eapteka.ru/goods/id212506/"
  }
]