[
  {
    "name": "Фромилид уно, таблетки пролонгированного действия 500 мг   7 шт",
    "producer": "КРКА дд Ново место, Словения",
    "active_component": "Кларитромицин",
    "qrcode": [
      3838989622725
    ],
    "url": "https://www.eapteka.ru/goods/id208505/"
  },
  {
    "name": "Алмагель Нео, суспензия для приема внутрь 10 мл пак 10 шт",
    "producer": "Балканфарма - Троян АД, Болгария",
    "active_component": "Алгелдрат, Магния гидроксид, Симетикон",
    "qrcode": [
      3800009121198
    ],
    "url": "https://www.eapteka.ru/goods/id205416/"
  },
  {
    "name": "Ринзасип с витамином С Апельсин, порошок д/приг р-ра д/приема внутрь     5 шт",
    "producer": "Юник Фармасьютикал Лабораториз, Индия",
    "active_component": "",
    "qrcode": [
      8901086181183
    ],
    "url": "https://www.eapteka.ru/goods/id219181/"
  },
  {
    "name": "Аллервэй, таблетки покрыт.кишечнораств.об. 5 мг 10 шт",
    "producer": "Д-р Редди`с, Индия",
    "active_component": "Левоцетиризин",
    "qrcode": [
      8901148239487,
      8901148271361,
      "-"
    ],
    "url": "https://www.eapteka.ru/goods/id294142/"
  },
  {
    "name": "Гепатромбин Г, мазь для наружного применения   20 г 1 шт",
    "producer": "Хемофарм А.Д., Сербия",
    "active_component": "",
    "qrcode": [
      8600097301091,
      5038483002834
    ],
    "url": "https://www.eapteka.ru/goods/id105317/"
  },
  {
    "name": "Туя-ГФ, масло для местного применения   25 мл 1 шт",
    "producer": "Гомеопатическая фармация, Россия",
    "active_component": "",
    "qrcode": [
      4607004310249,
      "*",
      4607004311000,
      "-"
    ],
    "url": "https://www.eapteka.ru/goods/id222890/"
  },
  {
    "name": "Шприц 3-х компонентный Pascal 2 мл с иглой 22G (0,7х40 мм), 1 шт.",
    "producer": "Паскаль Медикал ООО, Россия",
    "active_component": "",
    "qrcode": [
      4627125660139
    ],
    "url": "https://www.eapteka.ru/goods/id510063/"
  },
  {
    "name": "Нипертен, таблетки 5 мг 100 шт",
    "producer": "КРКА-РУС, Россия",
    "active_component": "Бисопролол",
    "qrcode": [
      4607055133255
    ],
    "url": "https://www.eapteka.ru/goods/id217948/"
  },
  {
    "name": "Периндоприл ПЛЮС, таблетки 2,5 мг+8 мг  30 шт",
    "producer": "Северная Звезда, Россия",
    "active_component": "Индапамид, Периндоприл",
    "qrcode": [
      4690655020056
    ],
    "url": "https://www.eapteka.ru/goods/id355193/"
  },
  {
    "name": "Аленталь таблетки покрыт.плен.об. 100 мг, 20 шт.",
    "producer": "Вертекс, Россия",
    "active_component": "Ацеклофенак",
    "qrcode": [
      4607003248369
    ],
    "url": "https://www.eapteka.ru/goods/id245339/"
  },
  {
    "name": "Салофальк, суппозитории ректальные 250 мг   10 шт",
    "producer": "Др Фальк, Германия",
    "active_component": "Месалазин",
    "qrcode": [
      4032717999649,
      4032717000086
    ],
    "url": "https://www.eapteka.ru/goods/id204180/"
  },
  {
    "name": "Лидент Бэби, гель стоматологический 0.33%+ 0.1% 10 г",
    "producer": "Акрихин ХФК АО, Россия",
    "active_component": "Лидокаин, Цетилпиридиния хлорид",
    "qrcode": [
      4601969008029,
      4601969009279
    ],
    "url": "https://www.eapteka.ru/goods/id294427/"
  },
  {
    "name": "Гепатромбин Г, суппозитории ректальные 10 шт.",
    "producer": "Хемофарм А.Д., Сербия",
    "active_component": "",
    "qrcode": [
      8600097301107
    ],
    "url": "https://www.eapteka.ru/goods/id105318/"
  },
  {
    "name": "Вулнузан, мазь для наружного применения 0,12 г/г 45 г 1 шт",
    "producer": "Софарма, Болгария",
    "active_component": "Поморийского озера маточный щелок",
    "qrcode": [
      3800010629348
    ],
    "url": "https://www.eapteka.ru/goods/id108653/"
  },
  {
    "name": "Д-Пантенол Новатенол, крем для наружного применения 5 % 25 г 1 шт",
    "producer": "ЯДРАН-ГАЛЕНСКИ ЛАБОРАТОРИЙ а.о., Хорватия",
    "active_component": "Декспантенол",
    "qrcode": [
      5995327167268,
      "-"
    ],
    "url": "https://www.eapteka.ru/goods/id356210/"
  },
  {
    "name": "Мелоксикам-Тева, таблетки 15 мг 10 шт.",
    "producer": "Тева Фармасьютикал Воркс Прайвэт Лимитед Компани, Венгрия",
    "active_component": "Мелоксикам",
    "qrcode": [
      5995377789106
    ],
    "url": "https://www.eapteka.ru/goods/id215412/"
  },
  {
    "name": "Флемоксин Солютаб, таблетки диспергируемые 500 мг 20 шт",
    "producer": "Астеллас Фарма Юроп Б.В., Нидерланды",
    "active_component": "Амоксициллин",
    "qrcode": [
      4607098450197,
      4607098452214,
      4606556000417
    ],
    "url": "https://www.eapteka.ru/goods/id34184/"
  },
  {
    "name": "Стоптуссин-Фито, сироп 100 мл 1 шт",
    "producer": "Тева Чешские Предприятия с.р.о., Чешская Республика",
    "active_component": "",
    "qrcode": [
      8594737223914
    ],
    "url": "https://www.eapteka.ru/goods/id104056/"
  },
  {
    "name": "Амбробене Стоптуссин капли для приема внутрь, 25 мл",
    "producer": "Тева Чешские Предприятия с.р.о., Чешская Республика",
    "active_component": "Бутамират, Гвайфенезин",
    "qrcode": [
      8594737248917
    ],
    "url": "https://www.eapteka.ru/goods/id326285/"
  },
  {
    "name": "Крапива П таблетки покрыт.об. 205 мг, 100 шт.",
    "producer": "Парафарм, Россия",
    "active_component": "",
    "qrcode": [
      4605920000596
    ],
    "url": "https://www.eapteka.ru/goods/id498521/"
  }
]