[
  {
    "name": "Антихрап Доктор Храп-Экс с эвкалиптом спрей, 60 мл",
    "producer": "Мирролла ООО, Россия",
    "active_component": "",
    "qrcode": [
      4650001792167
    ],
    "url": "https://www.eapteka.ru/goods/id222405/"
  },
  {
    "name": "Шалфей, пастилки 12 шт.",
    "producer": "Др.мед.Ауфдермаур АГ, Швейцария",
    "active_component": "Шалфея экстракт, Шалфея масло",
    "qrcode": [
      4607013589643,
      4607013589667,
      4601372001754
    ],
    "url": "https://www.eapteka.ru/goods/id204359/"
  },
  {
    "name": "Митрасептин-Про, аэрозоль для местного и наружного применения 0,01 % 30 мл 1 шт",
    "producer": "Фармстандарт-Лексредства, Россия",
    "active_component": "Бензилдиметил-миристоиламино-пропиламмоний",
    "qrcode": [
      4601669015488
    ],
    "url": "https://www.eapteka.ru/goods/id514776/"
  },
  {
    "name": "Тантум Верде, таблетки для рассасывания 3 мг 20 шт",
    "producer": "Азиенде Кимике Риуните Анжелини Франческо А.К.Р.А., Италия",
    "active_component": "Бензидамин",
    "qrcode": [
      8000036022764
    ],
    "url": "https://www.eapteka.ru/goods/id314784/"
  },
  {
    "name": "Гентос, таблетки   20 шт",
    "producer": "Рихард Биттнер АГ, Австрия",
    "active_component": "Гомеопатический состав",
    "qrcode": [
      5350586000419,
      9005441702002
    ],
    "url": "https://www.eapteka.ru/goods/id210358/"
  },
  {
    "name": "Анаферон детский, капли для приема внутрь 25 мл",
    "producer": "Материа Медика Холдинг, Россия",
    "active_component": "Антитела",
    "qrcode": [
      4607009584003
    ],
    "url": "https://www.eapteka.ru/goods/id274482/"
  },
  {
    "name": "Пароксетин, таблетки покрыт.плен.об. 20 мг 30 шт",
    "producer": "Озон, Россия",
    "active_component": "Пароксетин",
    "qrcode": [
      4607027769093,
      "-"
    ],
    "url": "https://www.eapteka.ru/goods/id504159/"
  },
  {
    "name": "Altaivita Валериана корень, 100 г",
    "producer": "Алтайвита ООО, Россия",
    "active_component": "",
    "qrcode": [
      4610021271417
    ],
    "url": "https://www.eapteka.ru/goods/id354654/"
  },
  {
    "name": "Пенталгин экстра, гель для наружного применения     1 шт",
    "producer": "Лекко ЗАО, Россия",
    "active_component": "Кетопрофен",
    "qrcode": [
      4603671003163
    ],
    "url": "https://www.eapteka.ru/goods/id286955/"
  },
  {
    "name": "Стопдиар, таблетки 100 мг 24 шт",
    "producer": "Гедеон Рихтер, Венгрия",
    "active_component": "Нифуроксазид",
    "qrcode": [
      5997001307106
    ],
    "url": "https://www.eapteka.ru/goods/id218143/"
  },
  {
    "name": "Ацилакт в свечах, суппозитории вагинальные 10 шт",
    "producer": "Витафарма, Россия",
    "active_component": "Лактобактерии ацидофильные",
    "qrcode": [
      4607006820234
    ],
    "url": "https://www.eapteka.ru/goods/id110046/"
  },
  {
    "name": "Аципол, капсулы 30 шт",
    "producer": "Лекко ЗАО, Россия",
    "active_component": "",
    "qrcode": [
      "60367 1002258",
      603671002258,
      4603671002258,
      "-"
    ],
    "url": "https://www.eapteka.ru/goods/id210946/"
  },
  {
    "name": "Гербион сироп подорожника, 150 мл",
    "producer": "КРКА дд Ново место, Словения",
    "active_component": "",
    "qrcode": [
      3838989513139
    ],
    "url": "https://www.eapteka.ru/goods/id98688/"
  },
  {
    "name": "Звездочка Флю порошок, для р-ра для приема внутрь лимон 15 г 10 шт.",
    "producer": "Данафа Фармасьютикал Джойнт, Вьетнам",
    "active_component": "Парацетамол, Фенилэфрин, Фенирамин, Аскорбиновая кислота",
    "qrcode": [
      8934901500128
    ],
    "url": "https://www.eapteka.ru/goods/id254333/"
  },
  {
    "name": "Хондроксид, мазь для наружного применения     1 шт",
    "producer": "Нижфарм АО, Россия",
    "active_component": "Хондроитина сульфат",
    "qrcode": [
      4601026066160
    ],
    "url": "https://www.eapteka.ru/goods/id70759/"
  },
  {
    "name": "Тонзипрет, таблетки для рассасывания 50 шт",
    "producer": "Роттендорф Фарма ГмбХ, Германия",
    "active_component": "",
    "qrcode": [
      4029799134716
    ],
    "url": "https://www.eapteka.ru/goods/id250708/"
  },
  {
    "name": "Фарингосепт, таблетки для рассасывания 10 мг 20 шт",
    "producer": "C.К. Терапия С.А., Румыния",
    "active_component": "Амбазон",
    "qrcode": [
      5944702206856
    ],
    "url": "https://www.eapteka.ru/goods/id321616/"
  },
  {
    "name": "Нео-Ангин, таблетки 24 шт",
    "producer": "Клостерфрау Берлин ГмбХ, Германия",
    "active_component": "Амилметакрезол, Дихлорбензиловый спирт, Левоментол",
    "qrcode": [
      4008617149774,
      4251595210145
    ],
    "url": "https://www.eapteka.ru/goods/id24855/"
  },
  {
    "name": "Имудон, таблетки для рассасывания 24 шт.",
    "producer": "Фармстандарт-Томскхимфарм, Россия",
    "active_component": "",
    "qrcode": [
      4602196002439
    ],
    "url": "https://www.eapteka.ru/goods/id211450/"
  },
  {
    "name": "Праджисан, капсулы 100 мг   30 шт",
    "producer": "Сан Фармасьютикал Индастриз Лтд, Индия",
    "active_component": "Прогестерон",
    "qrcode": [
      8901127015453
    ],
    "url": "https://www.eapteka.ru/goods/id222011/"
  }
]