[
  {
    "name": "Сабельник, настойка 100 мл 1 шт",
    "producer": "Эвалар, Россия",
    "active_component": "",
    "qrcode": [
      4602242001126
    ],
    "url": "https://www.eapteka.ru/goods/id222582/"
  },
  {
    "name": "Транексам, таблетки покрыт.плен.об. 500 мг 10 шт",
    "producer": "Обнинская ХФК, Россия",
    "active_component": "Транексамовая кислота",
    "qrcode": [
      4607024944318
    ],
    "url": "https://www.eapteka.ru/goods/id250711/"
  },
  {
    "name": "Силденафил-СЗ, таблетки покрыт.плен.об. 100 мг 4 шт",
    "producer": "Северная Звезда, Россия",
    "active_component": "Силденафил",
    "qrcode": [
      4690655004766,
      4690655011719
    ],
    "url": "https://www.eapteka.ru/goods/id225501/"
  },
  {
    "name": "Сустэффект Биоактив линимент, 50 г",
    "producer": "Вифитех, Россия",
    "active_component": "",
    "qrcode": [
      4605180006994
    ],
    "url": "https://www.eapteka.ru/goods/id482434/"
  },
  {
    "name": "Мовасин, раствор для в/м введ. 10 мг/мл 1,5 мл 5 шт",
    "producer": "Синтез ОАО, Россия",
    "active_component": "Мелоксикам",
    "qrcode": [
      4602565018597
    ],
    "url": "https://www.eapteka.ru/goods/id241644/"
  },
  {
    "name": "Нимулид, суспензия для приема внутрь 10 мг/мл 60 мл 1 шт",
    "producer": "Панацея Биотек, Индия",
    "active_component": "Нимесулид",
    "qrcode": [
      8901168583027,
      8901168583024
    ],
    "url": "https://www.eapteka.ru/goods/id233760/"
  },
  {
    "name": "Цитовир-3, капсулы 12 шт",
    "producer": "Цитомед МБНПК, Россия",
    "active_component": "",
    "qrcode": [
      4606603000155
    ],
    "url": "https://www.eapteka.ru/goods/id205905/"
  },
  {
    "name": "Аскорил, таблетки, 20 шт.",
    "producer": "Гленмарк Фармасьютикалз Лтд, Индия",
    "active_component": "Бромгексин, Гвайфенезин, Сальбутамол",
    "qrcode": [
      8904091106417,
      2775081269292
    ],
    "url": "https://www.eapteka.ru/goods/id212628/"
  },
  {
    "name": "Оксидевит, раствор для приема внутрь 0,0009 % 5 мл 1 шт",
    "producer": "ЭХО НПК, Россия",
    "active_component": "Альфакальцидол",
    "qrcode": [
      4603827000190
    ],
    "url": "https://www.eapteka.ru/goods/id204313/"
  },
  {
    "name": "Мексиприм раствор для в/в и в/м введ.50 мг/мл 5 мл амп, 5 шт.",
    "producer": "Нижфарм АО, Россия",
    "active_component": "Этилметилгидроксипиридина сукцинат",
    "qrcode": [
      4603191001434
    ],
    "url": "https://www.eapteka.ru/goods/id250582/"
  },
  {
    "name": "Грамицидин С Реневал, таблетки защечные 1,5 мг 30 шт",
    "producer": "Обновление ПФК АО, Россия",
    "active_component": "Грамицидин С",
    "qrcode": [
      4603988022154
    ],
    "url": "https://www.eapteka.ru/goods/id514794/"
  },
  {
    "name": "Тизин Пантенол, спрей назальный дозированный 0,1 мг+5 мг/доза 10 мл 1 шт",
    "producer": "Фамар Хелс Кейр Сервисез Мадрид С.А.У., Испания",
    "active_component": "Ксилометазолин, [Декспантенол]",
    "qrcode": [
      3574661551814
    ],
    "url": "https://www.eapteka.ru/goods/id513722/"
  },
  {
    "name": "Виксипин, капли глазные 1 % 5 мл 1 шт",
    "producer": "Гротекс ООО, Россия",
    "active_component": "Метилэтилпиридинол",
    "qrcode": [
      4680013245771
    ],
    "url": "https://www.eapteka.ru/goods/id287671/"
  },
  {
    "name": "Флуцинар Н, мазь   15 г 1 шт",
    "producer": "Ельфа Фармзавод, Польша",
    "active_component": "Неомицин, Флуоцинолона ацетонид",
    "qrcode": [
      5904398457024
    ],
    "url": "https://www.eapteka.ru/goods/id34632/"
  },
  {
    "name": "Толизор капсулы 150 мг, капсулы 150 мг   30 шт",
    "producer": "Озон, Россия",
    "active_component": "Толперизон",
    "qrcode": [
      4607027768775,
      4607027768331
    ],
    "url": "https://www.eapteka.ru/goods/id294625/"
  },
  {
    "name": "Метопролол ретард-Акрихин, таблетки пролонгированного действия 100 мг   30 шт",
    "producer": "Акрихин ХФК АО, Россия",
    "active_component": "Метопролол",
    "qrcode": [
      4601969007459
    ],
    "url": "https://www.eapteka.ru/goods/id252590/"
  },
  {
    "name": "Гастал, таблетки для рассасывания мята 12 шт.",
    "producer": "Плива Хрватска д.о.о., Хорватия",
    "active_component": "",
    "qrcode": [
      3850114237024,
      3850114243063
    ],
    "url": "https://www.eapteka.ru/goods/id276003/"
  },
  {
    "name": "Прокто Herbs комплекс экстрактов для ванночки, 250 мл",
    "producer": "Алкой фарм ООО, Россия",
    "active_component": "",
    "qrcode": [
      4670005860914
    ],
    "url": "https://www.eapteka.ru/goods/id271530/"
  },
  {
    "name": "Ноотроп капсулы 0,4 г, 48 шт.",
    "producer": "ВИС ООО, Россия",
    "active_component": "",
    "qrcode": [
      4607039976045,
      4607039975567
    ],
    "url": "https://www.eapteka.ru/goods/id223766/"
  },
  {
    "name": "Амелотекс, таблетки 15 мг, 20 шт.",
    "producer": "Реплек Фарм, Республика Северная Македония",
    "active_component": "Мелоксикам",
    "qrcode": [
      4605964003133
    ],
    "url": "https://www.eapteka.ru/goods/id212505/"
  }
]