[
  {
    "name": "Гастал, таблетки для рассасывания мята 12 шт.",
    "producer": "Плива Хрватска д.о.о., Хорватия",
    "active_component": "",
    "qrcode": [
      3850114237024,
      3850114243063
    ],
    "url": "https://www.eapteka.ru/goods/id276003/"
  },
  {
    "name": "Прокто Herbs комплекс экстрактов для ванночки, 250 мл",
    "producer": "Алкой фарм ООО, Россия",
    "active_component": "",
    "qrcode": [
      4670005860914
    ],
    "url": "https://www.eapteka.ru/goods/id271530/"
  },
  {
    "name": "Ноотроп капсулы 0,4 г, 48 шт.",
    "producer": "ВИС ООО, Россия",
    "active_component": "",
    "qrcode": [
      4607039976045,
      4607039975567
    ],
    "url": "https://www.eapteka.ru/goods/id223766/"
  },
  {
    "name": "Амелотекс, таблетки 15 мг, 20 шт.",
    "producer": "Реплек Фарм, Республика Северная Македония",
    "active_component": "Мелоксикам",
    "qrcode": [
      4605964003133
    ],
    "url": "https://www.eapteka.ru/goods/id212505/"
  },
  {
    "name": "Мотилегаз Форте, капсулы 120 мг 20 шт",
    "producer": "Каталент Франс Бейнхейм СА, Франция",
    "active_component": "Симетикон",
    "qrcode": [
      3574661485348
    ],
    "url": "https://www.eapteka.ru/goods/id492590/"
  },
  {
    "name": "Энтерофурил, капсулы 200 мг   16 шт",
    "producer": "Босналек, Босния и Герцеговина",
    "active_component": "Нифуроксазид",
    "qrcode": [
      3870010003714,
      2588625646394
    ],
    "url": "https://www.eapteka.ru/goods/id210302/"
  },
  {
    "name": "Тофф плюс, капсулы     10 шт",
    "producer": "Панацея Биотек, Индия",
    "active_component": "Декстрометорфан, Парацетамол, Фенилэфрин, Хлорфенамин",
    "qrcode": [
      8901168444014,
      8901168443017,
      8901168444011
    ],
    "url": "https://www.eapteka.ru/goods/id207341/"
  },
  {
    "name": "Ипрожин, капсулы 200 мг, 15 шт.",
    "producer": "Италфармако С.п.А., Италия",
    "active_component": "Прогестерон",
    "qrcode": [
      8024790201029,
      8024790124922
    ],
    "url": "https://www.eapteka.ru/goods/id218154/"
  },
  {
    "name": "Эврин раствор для в/м и в/в введен 50 мг/мл 5 мл ампулы, 5 шт.",
    "producer": "Гротекс ООО, Россия",
    "active_component": "Этилметилгидроксипиридина сукцинат",
    "qrcode": [
      4670028226612
    ],
    "url": "https://www.eapteka.ru/goods/id346132/"
  },
  {
    "name": "Ангидак септ раствор для местного применения 0.15%, 150 мл",
    "producer": "Гротекс ООО, Россия",
    "active_component": "Бензидамин",
    "qrcode": [
      4670028223741
    ],
    "url": "https://www.eapteka.ru/goods/id334432/"
  },
  {
    "name": "Риностоп Аква Софт, спрей назальный   50 мл 1 шт",
    "producer": "Лаборатория Де Ла Мер, Франция",
    "active_component": "Морская соль",
    "qrcode": [
      4650070610034
    ],
    "url": "https://www.eapteka.ru/goods/id259552/"
  },
  {
    "name": "Проксофелин, капли глазные   1,5 мл 5 шт",
    "producer": "МЭЗ, Россия",
    "active_component": "Клонидин, Бутиламиногидроксипропоксифеноксиметил метилоксадиазол",
    "qrcode": [
      4602676001587
    ],
    "url": "https://www.eapteka.ru/goods/id67331/"
  },
  {
    "name": "Олазоль, аэрозоль для наружного применения 80 г 1 шт",
    "producer": "Алтайвитамины, Россия",
    "active_component": "",
    "qrcode": [
      4603679001345
    ],
    "url": "https://www.eapteka.ru/goods/id38980/"
  },
  {
    "name": "Пропафенон, таблетки покрыт.плен.об. 150 мг 50 шт",
    "producer": "Алкалоид АД Скопье, Республика Северная Македония",
    "active_component": "Пропафенон",
    "qrcode": [
      5310001220969
    ],
    "url": "https://www.eapteka.ru/goods/id359237/"
  },
  {
    "name": "Фестал, таблетки кишечнораст.покрыт.плен.об.   40 шт",
    "producer": "Санофи Индия Лимитед, Индия",
    "active_component": "Гемицеллюлаза, Желчи компоненты, Панкреатин",
    "qrcode": [
      8901083060139,
      3664798036718
    ],
    "url": "https://www.eapteka.ru/goods/id211386/"
  },
  {
    "name": "Троксевазин Нео, гель для наружного применения 40 г 1 шт",
    "producer": "Балканфарма - Троян АД, Болгария",
    "active_component": "Гепарин натрия, Декспантенол, Троксерутин",
    "qrcode": [
      4607141998102,
      4630013790665
    ],
    "url": "https://www.eapteka.ru/goods/id224490/"
  },
  {
    "name": "Кетопрофен-АКОС гель для наружного применения 5%, 100 г",
    "producer": "Синтез ОАО, Россия",
    "active_component": "Кетопрофен",
    "qrcode": [
      4602565030940
    ],
    "url": "https://www.eapteka.ru/goods/id506782/"
  },
  {
    "name": "Стрепсилс для детей с 6 лет, таблетки для рассасывания со вкусом лимона 16 шт",
    "producer": "Рекитт Бенкизер Хелскер, Великобритания",
    "active_component": "Амилметакрезол, Дихлорбензиловый спирт",
    "qrcode": [
      5000158103740
    ],
    "url": "https://www.eapteka.ru/goods/id225592/"
  },
  {
    "name": "Звездочка ЛОР спрей для местного применения 0,15%, 30 мл",
    "producer": "Данафа Фармасьютикал Джойнт, Вьетнам",
    "active_component": "Бензидамин",
    "qrcode": [
      8934901840118
    ],
    "url": "https://www.eapteka.ru/goods/id316694/"
  },
  {
    "name": "Субетта, таблетки для рассасывания   100 шт",
    "producer": "Материа Медика Холдинг, Россия",
    "active_component": "",
    "qrcode": [
      4607009582061
    ],
    "url": "https://www.eapteka.ru/goods/id315048/"
  }
]