[
  {
    "name": "Кардиовален, капли для приема внутрь 25 мл 1 шт флакон-капельница",
    "producer": "Вифитех, Россия",
    "active_component": "Адонизид, Боярышника экстр., Валерианы н-ка, Желтушника сок, Натрия бромид, Камфора",
    "qrcode": [
      4605180005706
    ],
    "url": "https://www.eapteka.ru/goods/id241386/"
  },
  {
    "name": "Бромокриптин, таблетки 2.5 мг, 30 шт.",
    "producer": "Гедеон Рихтер, Венгрия",
    "active_component": "Бромокриптин",
    "qrcode": [
      5997001381182
    ],
    "url": "https://www.eapteka.ru/goods/id21879/"
  },
  {
    "name": "Абактал таблетки покрыт.плен.об. 400 мг, таблетки 400 10",
    "producer": "С. К. Сандоз С.р.Л., Румыния",
    "active_component": "Пефлоксацин",
    "qrcode": [
      3838957492800,
      5944706001976
    ],
    "url": "https://www.eapteka.ru/goods/id99078/"
  },
  {
    "name": "Рабепразол-СЗ, капсулы кишечнорастворимые 20 мг   14 шт",
    "producer": "Северная Звезда, Россия",
    "active_component": "Рабепразол",
    "qrcode": [
      4690655015557
    ],
    "url": "https://www.eapteka.ru/goods/id270468/"
  },
  {
    "name": "Пантопразол Канон, таблетки кишечнораствор.покрыт.плен.об. 20 мг   28 шт",
    "producer": "Канонфарма продакшн ЗАО, Россия",
    "active_component": "Пантопразол",
    "qrcode": [
      4606486023593
    ],
    "url": "https://www.eapteka.ru/goods/id251864/"
  },
  {
    "name": "Итоприд-Вертекс таблетки покрыт.плен.об. 50 мг, 80 шт.",
    "producer": "Вертекс, Россия",
    "active_component": "Итоприд",
    "qrcode": [
      4670033323016
    ],
    "url": "https://www.eapteka.ru/goods/id513894/"
  },
  {
    "name": "Нео-Ангин без сахара вишневые, таблетки 24 шт",
    "producer": "Клостерфрау Берлин ГмбХ, Германия",
    "active_component": "Амилметакрезол, Дихлорбензиловый спирт, Левоментол",
    "qrcode": [
      4008617148890,
      4251595210152
    ],
    "url": "https://www.eapteka.ru/goods/id235430/"
  },
  {
    "name": "Гестарелла, таблетки покрыт.об. 75 мкг+20 мкг 21 шт",
    "producer": "Хаупт Фарма Мюнстер Гмбх, Германия",
    "active_component": "Гестоден, Этинилэстрадиол",
    "qrcode": [
      8594739205291,
      3582910090847
    ],
    "url": "https://www.eapteka.ru/goods/id250447/"
  },
  {
    "name": "Венитан гель для наружного применения 1%, 50 г",
    "producer": "Салютас Фарма ГмбХ, Германия",
    "active_component": "Эсцин",
    "qrcode": [
      4030855496938
    ],
    "url": "https://www.eapteka.ru/goods/id99031/"
  },
  {
    "name": "Семакс, капли назальные 0,1 % 3 мл 1 шт",
    "producer": "Пептоген, Россия",
    "active_component": "Метионил-глутамил-гистидил-фенилаланил-пролил-глицил-пролин",
    "qrcode": [
      4607155210016
    ],
    "url": "https://www.eapteka.ru/goods/id57360/"
  },
  {
    "name": "Анвифен, капсулы 50 мг, 20 шт.",
    "producer": "Рафарма АО, Россия",
    "active_component": "Аминофенилмасляная кислота",
    "qrcode": [
      4630009622871,
      4660007814251
    ],
    "url": "https://www.eapteka.ru/goods/id362859/"
  },
  {
    "name": "НооКам, капсулы 400 мг+25 мг    60 шт",
    "producer": "Камелия НПП, Россия",
    "active_component": "Пирацетам, Циннаризин",
    "qrcode": [
      4603713000877
    ],
    "url": "https://www.eapteka.ru/goods/id325365/"
  },
  {
    "name": "Метиндол ретард, таблетки пролонг действия 75 мг 25 шт",
    "producer": "Ай Си Эн Польфа Жешув АО, Польша",
    "active_component": "Индометацин",
    "qrcode": [
      4019338605173
    ],
    "url": "https://www.eapteka.ru/goods/id34784/"
  },
  {
    "name": "Леволет Р, раствор для инфузий 5 мг/мл 100 мл",
    "producer": "Д-р Редди`с, Индия",
    "active_component": "Левофлоксацин",
    "qrcode": [
      8901148223226
    ],
    "url": "https://www.eapteka.ru/goods/id250543/"
  },
  {
    "name": "Клотримазол, крем вагинальный 2 % 20 г 1 шт",
    "producer": "Фарма Вернигероде ГмбХ, Германия",
    "active_component": "Клотримазол",
    "qrcode": [
      4029438020165
    ],
    "url": "https://www.eapteka.ru/goods/id334483/"
  },
  {
    "name": "Валацикловир Канон таблетки покрыт.плен.об. 500 мг, 10 шт.",
    "producer": "Канонфарма продакшн ЗАО, Россия",
    "active_component": "Валацикловир",
    "qrcode": [
      4606486019398
    ],
    "url": "https://www.eapteka.ru/goods/id230971/"
  },
  {
    "name": "Йодоксид, суппозитории вагинальные 200 мг 10 шт.",
    "producer": "Нижфарм АО, Россия",
    "active_component": "Повидон-Йод",
    "qrcode": [
      4601026301735
    ],
    "url": "https://www.eapteka.ru/goods/id207091/"
  },
  {
    "name": "Симфитум оффицинале C5, гранулы",
    "producer": "Лаборатория Буарон, Франция",
    "active_component": "",
    "qrcode": [
      3352719011738
    ],
    "url": "https://www.eapteka.ru/goods/id504982/"
  },
  {
    "name": "Кандесартан-СЗ таблетки 16 мг, 30 шт.",
    "producer": "Северная Звезда, Россия",
    "active_component": "Кандесартан",
    "qrcode": [
      4690655008818,
      4606224165219
    ],
    "url": "https://www.eapteka.ru/goods/id334045/"
  },
  {
    "name": "Нафтодерил, крем для наружного применения 1 % 15 г 1 шт",
    "producer": "Озон, Россия",
    "active_component": "Нафтифин",
    "qrcode": [
      4680020182724
    ],
    "url": "https://www.eapteka.ru/goods/id352733/"
  }
]