[
  {
    "name": "Алломедин гель косметический для наружного применения, 4 г",
    "producer": "Рэсбио, Россия",
    "active_component": "",
    "qrcode": [
      4620005260030
    ],
    "url": "https://www.eapteka.ru/goods/id211643/"
  },
  {
    "name": "Линкас ОРВИ гранулы для раствора для приема внутрь, лимон саше 5,6 г 10 шт.",
    "producer": "Хербион Пакистан Прайвет Лимитед, Пакистан",
    "active_component": "Препарат растительного происхождения",
    "qrcode": [
      4607006677050
    ],
    "url": "https://www.eapteka.ru/goods/id245562/"
  },
  {
    "name": "Эхинацин ликвидум, раствор для приема внутрь   50 мл 1 шт",
    "producer": "Мадаус ГмбХ, Германия",
    "active_component": "Эхинацеи пурпурной травы экстракт",
    "qrcode": [
      4019338607337,
      4030041000161
    ],
    "url": "https://www.eapteka.ru/goods/id26398/"
  },
  {
    "name": "Калиум бихромикум C9, гранулы гомеопатические 4 г",
    "producer": "Лаборатория Буарон, Франция",
    "active_component": "",
    "qrcode": [
      3352719010496
    ],
    "url": "https://www.eapteka.ru/goods/id504962/"
  },
  {
    "name": "Пенталгин экстра, гель для наружного применения 50 г   1 шт",
    "producer": "Лекко ЗАО, Россия",
    "active_component": "Кетопрофен",
    "qrcode": [
      4603671003170
    ],
    "url": "https://www.eapteka.ru/goods/id286956/"
  },
  {
    "name": "Ксефокам, таблетки покрыт.плен.об. 8 мг 10 шт",
    "producer": "Такеда ГмбХ, Германия",
    "active_component": "Лорноксикам",
    "qrcode": [
      4009283000116,
      4605964004871
    ],
    "url": "https://www.eapteka.ru/goods/id203095/"
  },
  {
    "name": "ROXY-KIDS Трубка газоотводная для новорожденных белая Елочка RTW-2W, 1 шт.",
    "producer": "Рокси ООО, Россия",
    "active_component": "",
    "qrcode": [
      4627086625253
    ],
    "url": "https://www.eapteka.ru/goods/id501055/"
  },
  {
    "name": "Ринзасип с витамином С Черная смородина, порошок д/приг р-ра д/приема внутрь     10 шт",
    "producer": "Юник Фармасьютикал Лабораториз, Индия",
    "active_component": "",
    "qrcode": [
      8901086181237
    ],
    "url": "https://www.eapteka.ru/goods/id219185/"
  },
  {
    "name": "Фенкарол, таблетки   20 шт",
    "producer": "Олайнфарм, Латвия",
    "active_component": "Хифенадин",
    "qrcode": [
      4750258110162,
      4750258314188
    ],
    "url": "https://www.eapteka.ru/goods/id33459/"
  },
  {
    "name": "Алендронат-Вертекс, таблетки 70 мг 4 шт",
    "producer": "Вертекс, Россия",
    "active_component": "Алендроновая кислота",
    "qrcode": [
      4607003246365,
      4670033322088
    ],
    "url": "https://www.eapteka.ru/goods/id237358/"
  },
  {
    "name": "Долфин средство для детей 1 г саше, 30 шт.",
    "producer": "Зентива Фарма, Россия",
    "active_component": "",
    "qrcode": [
      4650067760155,
      4680002020051
    ],
    "url": "https://www.eapteka.ru/goods/id215356/"
  },
  {
    "name": "Профлосин, капсулы кишечнорастворимые с пролонг высвобож. 0,4 мг 30 шт",
    "producer": "Синтон Испания С.Л., Испания",
    "active_component": "Тамсулозин",
    "qrcode": [
      4013054017463
    ],
    "url": "https://www.eapteka.ru/goods/id223112/"
  },
  {
    "name": "Стелланин, мазь для наружного применения 20 г   1 шт",
    "producer": "Фармпрепарат, Россия",
    "active_component": "Диэтилбензимидазолия трийодид",
    "qrcode": [
      4607119620066,
      4607119620073
    ],
    "url": "https://www.eapteka.ru/goods/id234167/"
  },
  {
    "name": "Бетагистин Канон таблетки 24 мг, 60 шт.",
    "producer": "Канонфарма продакшн ЗАО, Россия",
    "active_component": "Бетагистин",
    "qrcode": [
      4606486008156,
      46064860081562,
      4606486023920,
      4680010790410
    ],
    "url": "https://www.eapteka.ru/goods/id226946/"
  },
  {
    "name": "Д-пантенол-Нижфарм-ПЛЮС, крем для наружного применения 30 г 1 шт",
    "producer": "Нижфарм АО, Россия",
    "active_component": "Декспантенол, Хлоргексидин",
    "qrcode": [
      4601026309021
    ],
    "url": "https://www.eapteka.ru/goods/id294371/"
  },
  {
    "name": "Нурофен Экспресс Форте, капсулы 400 мг 20 шт",
    "producer": "Рекитт Бенкизер Хелскер, Великобритания",
    "active_component": "Ибупрофен",
    "qrcode": [
      5000158105713
    ],
    "url": "https://www.eapteka.ru/goods/id230912/"
  },
  {
    "name": "Лазолван, раствор для приема внутрь 7,5 мг/мл 100 мл 1 шт",
    "producer": "Институт де Ангели С.р.Л, Италия",
    "active_component": "Амброксол",
    "qrcode": [
      9006968004082,
      3582910082590
    ],
    "url": "https://www.eapteka.ru/goods/id30715/"
  },
  {
    "name": "Кальция глюконат Б.Браун раствор для в/в и в/м введ 100мг/мл 10 мл п/э контейнер, 20 шт.",
    "producer": "Б.Браун Мельзунген АГ, Швейцария",
    "active_component": "Кальция глюконат",
    "qrcode": [
      4030539113496
    ],
    "url": "https://www.eapteka.ru/goods/id228856/"
  },
  {
    "name": "Тенорик, таблетки 50 мг+12,5 мг  28 шт",
    "producer": "Ипка Лабораториз Лимитед, Индия",
    "active_component": "Атенолол, Хлорталидон",
    "qrcode": [
      8901079000699
    ],
    "url": "https://www.eapteka.ru/goods/id205869/"
  },
  {
    "name": "Вольтарен Эмульгель гель 1%, гель для наружного применения 1 % 20 г",
    "producer": "ГСК Консьюмер Хелскер С.А., Швейцария",
    "active_component": "Диклофенак",
    "qrcode": [
      4607045190268
    ],
    "url": "https://www.eapteka.ru/goods/id104683/"
  }
]