[
  {
    "name": "Метокард, таблетки 50 мг, 30 шт.",
    "producer": "Польфарма АО, Польша",
    "active_component": "Метопролол",
    "qrcode": [
      5903060003002
    ],
    "url": "https://www.eapteka.ru/goods/id34724/"
  },
  {
    "name": "Лориста, таблетки покрыт.плен.об. 12,5 мг 30 шт",
    "producer": "КРКА-РУС, Россия",
    "active_component": "Лозартан",
    "qrcode": [
      4607055131220
    ],
    "url": "https://www.eapteka.ru/goods/id209608/"
  },
  {
    "name": "Вольтарен, таблетки покрыт.кишечнораств.об. 50 мг 20 шт",
    "producer": "Новартис Саглик Гида ве Тарим Юрюнлери Санайи, Турция",
    "active_component": "Диклофенак",
    "qrcode": [
      4603695000063
    ],
    "url": "https://www.eapteka.ru/goods/id104520/"
  },
  {
    "name": "Перца стручкового, настойка 25 мл   1 шт",
    "producer": "Тульская фармфабрика, Россия",
    "active_component": "Перца стручкового плодов настойка",
    "qrcode": [
      4603905008162,
      4603380005007
    ],
    "url": "https://www.eapteka.ru/goods/id241719/"
  },
  {
    "name": "Уголь активированный, таблетки 250 мг 20 шт",
    "producer": "Фармстандарт-Лексредства, Россия",
    "active_component": "Активированный уголь",
    "qrcode": [
      4601669006066
    ],
    "url": "https://www.eapteka.ru/goods/id106379/"
  },
  {
    "name": "Глицерин, раствор для наружного применения 40 г 1 шт",
    "producer": "Йодные технологии и маркетинг, Россия",
    "active_component": "Глицерол",
    "qrcode": [
      4605404003402,
      "-",
      4605404002344,
      4605404003334
    ],
    "url": "https://www.eapteka.ru/goods/id296170/"
  },
  {
    "name": "Диазолин, драже 50 мг   10 шт",
    "producer": "Фармстандарт-Лексредства, Россия",
    "active_component": "Мебгидролин",
    "qrcode": [
      4601808008319
    ],
    "url": "https://www.eapteka.ru/goods/id109109/"
  },
  {
    "name": "Формидрон, раствор для наружного применения   50 мл 1 шт",
    "producer": "Самарамедпром, Россия",
    "active_component": "Формальдегид",
    "qrcode": [
      4603933002828,
      4603933005836
    ],
    "url": "https://www.eapteka.ru/goods/id234222/"
  },
  {
    "name": "Фукорцин, раствор для наружного применения   10 мл 1 шт",
    "producer": "Ярославская фармфабрика, Россия",
    "active_component": "Ацетон, Борная кислота, Резорцинол",
    "qrcode": [
      46020666,
      46020666
    ],
    "url": "https://www.eapteka.ru/goods/id272673/"
  },
  {
    "name": "КардиАСК таблетки покрыт.киш-раств.плен.об.100 мг, 30 шт.",
    "producer": "Канонфарма продакшн ЗАО, Россия",
    "active_component": "Ацетилсалициловая кислота",
    "qrcode": [
      4606486030034,
      4606486001218
    ],
    "url": "https://www.eapteka.ru/goods/id250518/"
  },
  {
    "name": "Хлоргексидин биглюконат, раствор для местного применения 0,05 % 100 мл 1 шт",
    "producer": "Самарамедпром, Россия",
    "active_component": "Хлоргексидин",
    "qrcode": [
      4603720937388,
      4603933003023
    ],
    "url": "https://www.eapteka.ru/goods/id233768/"
  },
  {
    "name": "Глицин форте таблетки 250 мг, 30 шт.",
    "producer": "Канонфарма продакшн ЗАО, Россия",
    "active_component": "Глицин",
    "qrcode": [
      4606486012481
    ],
    "url": "https://www.eapteka.ru/goods/id215684/"
  },
  {
    "name": "Кетопрофен раствор для в/мыш и в/вен введ 50 мг/мл 2 мл ампулы, 10 шт.",
    "producer": "Велфарм, Россия",
    "active_component": "Кетопрофен",
    "qrcode": [
      4650099781944,
      "-",
      4650099781029
    ],
    "url": "https://www.eapteka.ru/goods/id345090/"
  },
  {
    "name": "Цефурозин порошок д/приг р-ра для инъекций 750 мг фл, 1 шт.",
    "producer": "Протекх Биосистемс Пвт.Лтд, Индия",
    "active_component": "Цефуроксим",
    "qrcode": [
      4607037190955
    ],
    "url": "https://www.eapteka.ru/goods/id500746/"
  },
  {
    "name": "Ацикловир-Акрихин, таблетки 200 мг, 20 шт.",
    "producer": "Акрихин ХФК АО, Россия",
    "active_component": "Ацикловир",
    "qrcode": [
      4601969000177,
      4601969007237
    ],
    "url": "https://www.eapteka.ru/goods/id38193/"
  },
  {
    "name": "Термопсол таблетки от кашля, таблетки   10 шт",
    "producer": "Фармстандарт-Лексредства, Россия",
    "active_component": "",
    "qrcode": [
      4602196001890,
      4601669008879
    ],
    "url": "https://www.eapteka.ru/goods/id224555/"
  },
  {
    "name": "Симвастатин, таблетки покрыт.плен.об. 20 мг  шт",
    "producer": "Озон, Россия",
    "active_component": "Симвастатин",
    "qrcode": [
      4607027766382
    ],
    "url": "https://www.eapteka.ru/goods/id297621/"
  },
  {
    "name": "Корвалол, капли для приема внутрь , 25 мл",
    "producer": "Фармстандарт-Лексредства, Россия",
    "active_component": "Мяты перечной листьев масло, Фенобарбитал, Этилбромизовалерианат",
    "qrcode": [
      4601669002051
    ],
    "url": "https://www.eapteka.ru/goods/id106570/"
  },
  {
    "name": "Кандид-В6, таблетки вагинальные   6 шт",
    "producer": "Гленмарк Фармасьютикалз Лтд, Индия",
    "active_component": "Клотримазол",
    "qrcode": [
      8904091105816
    ],
    "url": "https://www.eapteka.ru/goods/id124674/"
  },
  {
    "name": "Флуконазол-OBL, капсулы 150 мг   2 шт",
    "producer": "Алиум АО, Россия",
    "active_component": "Флуконазол",
    "qrcode": [
      4605077010387,
      4605077014774
    ],
    "url": "https://www.eapteka.ru/goods/id274726/"
  }
]