[
  {
    "name": "Нитроксолин, таблетки покрыт.об. 50 мг   50 шт",
    "producer": "Ирбитский ХФЗ, Россия",
    "active_component": "Нитроксолин",
    "qrcode": [
      4603276006439
    ],
    "url": "https://www.eapteka.ru/goods/id57700/"
  },
  {
    "name": "Афлюдол таблетки покрыт плен. об. 100 мг, 20 шт.",
    "producer": "Татхимфармпрепараты, Россия",
    "active_component": "Умифеновир",
    "qrcode": [
      4604060002446
    ],
    "url": "https://www.eapteka.ru/goods/id335203/"
  },
  {
    "name": "Аторвастатин таблетки покрыт.плен.об.20 мг 30 шт., упак.",
    "producer": "Изварино Фарма, Россия",
    "active_component": "Аторвастатин",
    "qrcode": [
      4660007702183
    ],
    "url": "https://www.eapteka.ru/goods/id266637/"
  },
  {
    "name": "Африн увлажняющий, спрей назальный 0,05 % 15 мл",
    "producer": "Делфарм Монреаль Инк., Канада",
    "active_component": "Оксиметазолин",
    "qrcode": [
      4250369506491,
      4250369507368,
      4602210002421
    ],
    "url": "https://www.eapteka.ru/goods/id235129/"
  },
  {
    "name": "Офтагель, гель глазной 0,25 % 100 г 1 шт",
    "producer": "НекстФарма, Финляндия",
    "active_component": "Карбомер",
    "qrcode": [
      6419716950297
    ],
    "url": "https://www.eapteka.ru/goods/id204604/"
  },
  {
    "name": "Эффекс Красный корень, настойка   100 мл 1 шт",
    "producer": "Эвалар, Россия",
    "active_component": "",
    "qrcode": [
      4602242001010
    ],
    "url": "https://www.eapteka.ru/goods/id228755/"
  },
  {
    "name": "Акридерм Гента, крем для наружного применения 15 г 1 шт",
    "producer": "Акрихин ХФК АО, Россия",
    "active_component": "Бетаметазон, Гентамицин",
    "qrcode": [
      4601969005042,
      "-"
    ],
    "url": "https://www.eapteka.ru/goods/id208187/"
  },
  {
    "name": "Рута гравеоленс C9, гранулы 4 г",
    "producer": "Лаборатория Буарон, Франция",
    "active_component": "",
    "qrcode": [
      3352719010755
    ],
    "url": "https://www.eapteka.ru/goods/id504981/"
  },
  {
    "name": "Телпрес, таблетки 40 мг 28 шт",
    "producer": "Лабораториос Ликонса С.А., Испания",
    "active_component": "Телмисартан",
    "qrcode": [
      4650069651512,
      4650069650621
    ],
    "url": "https://www.eapteka.ru/goods/id312485/"
  },
  {
    "name": "Небиволол, таблетки 5 мг 14 шт",
    "producer": "Изварино Фарма, Россия",
    "active_component": "Небиволол",
    "qrcode": [
      4660007702947
    ],
    "url": "https://www.eapteka.ru/goods/id266678/"
  },
  {
    "name": "Триметазидин-Биоком МВ, таблетки с пролонг.высвобож покрыт.об 35 мг   60 шт",
    "producer": "Биоком ЗАО, Россия",
    "active_component": "Триметазидин",
    "qrcode": [
      4605949001598
    ],
    "url": "https://www.eapteka.ru/goods/id223594/"
  },
  {
    "name": "Ниаспам, капсулы пролонгированного действия 200 мг   30 шт",
    "producer": "Сан Фармасьютикал Индастриз Лтд, Индия",
    "active_component": "Мебеверин",
    "qrcode": [
      8901127014586,
      8901127033065
    ],
    "url": "https://www.eapteka.ru/goods/id218171/"
  },
  {
    "name": "Кетопрофен гель для наружнего применения 2,5%, 50 г",
    "producer": "Лаборатории Шемино, Франция",
    "active_component": "Кетопрофен",
    "qrcode": [
      3850114237055
    ],
    "url": "https://www.eapteka.ru/goods/id300003/"
  },
  {
    "name": "Азитромицин Экспресс, таблетки диспергируемые 500 мг 3 шт",
    "producer": "Фармстандарт-Лексредства, Россия",
    "active_component": "Азитромицин",
    "qrcode": [
      4601669014108
    ],
    "url": "https://www.eapteka.ru/goods/id511036/"
  },
  {
    "name": "Норфлоксацин, таблетки покрыт.плен.об. 400 мг 20 шт",
    "producer": "Алиум АО, Россия",
    "active_component": "Норфлоксацин",
    "qrcode": [
      4605077003327,
      "-",
      4605077014729
    ],
    "url": "https://www.eapteka.ru/goods/id250620/"
  },
  {
    "name": "Висмута трикалия дицитрат таблетки покрыт.плен.об. 120 мг, 60 шт.",
    "producer": "Озон, Россия",
    "active_component": "Висмута трикалия дицитрат",
    "qrcode": [
      4680020184049
    ],
    "url": "https://www.eapteka.ru/goods/id505502/"
  },
  {
    "name": "Эрмиталь, капсулы 10000 ед   50 шт",
    "producer": "Нордмарк Фарма ГмбХ, Германия",
    "active_component": "Панкреатин",
    "qrcode": [
      4260142420340
    ],
    "url": "https://www.eapteka.ru/goods/id210652/"
  },
  {
    "name": "Фламин, суспензия для приема внутрь 1,38 г   20 шт",
    "producer": "Вифитех, Россия",
    "active_component": "",
    "qrcode": [
      4605180005355
    ],
    "url": "https://www.eapteka.ru/goods/id233309/"
  },
  {
    "name": "Панатус форте, таблетки 50 мг 10 шт",
    "producer": "КРКА дд Ново место, Словения",
    "active_component": "Бутамират",
    "qrcode": [
      3838989540357
    ],
    "url": "https://www.eapteka.ru/goods/id207582/"
  },
  {
    "name": "Аторвастатин-СЗ таблетки покрыт.плен.об. 20 мг 60 шт., упак.",
    "producer": "Северная Звезда, Россия",
    "active_component": "Аторвастатин",
    "qrcode": [
      4690655013430,
      4690655021947,
      4690655021183
    ],
    "url": "https://www.eapteka.ru/goods/id265893/"
  }
]