[
  {
    "name": "Отипакс, капли ушные 15 мл   1 шт",
    "producer": "Биокодекс, Франция",
    "active_component": "Лидокаин, Феназон",
    "qrcode": [
      3583313279068,
      3583316669507
    ],
    "url": "https://www.eapteka.ru/goods/id125296/"
  },
  {
    "name": "Гамамелис С5, гранулы гомеопатические 4 г",
    "producer": "Лаборатория Буарон, Франция",
    "active_component": "",
    "qrcode": [
      3352719010748
    ],
    "url": "https://www.eapteka.ru/goods/id504953/"
  },
  {
    "name": "Винпотропил, таблетки покрыт.плен.об. 10 мг+800 мг 30 шт",
    "producer": "Канонфарма продакшн ЗАО, Россия",
    "active_component": "Винпоцетин, Пирацетам",
    "qrcode": [
      4606486011200
    ],
    "url": "https://www.eapteka.ru/goods/id299350/"
  },
  {
    "name": "Кетоконазол, суппозитории вагинальные 400 мг 5 шт",
    "producer": "Авексима Сибирь, Россия",
    "active_component": "Кетоконазол",
    "qrcode": [
      4607100622192
    ],
    "url": "https://www.eapteka.ru/goods/id275744/"
  },
  {
    "name": "Стодаль гомеопатический, сироп     1 шт",
    "producer": "Лаборатория Буарон, Франция",
    "active_component": "Гомеопатический состав",
    "qrcode": [
      3352710093412
    ],
    "url": "https://www.eapteka.ru/goods/id116865/"
  },
  {
    "name": "Гелангин флекс аэрозоль для местного применения 0,2 %, 40 мл",
    "producer": "Гротекс ООО, Россия",
    "active_component": "Гексэтидин",
    "qrcode": [
      4670028225455
    ],
    "url": "https://www.eapteka.ru/goods/id334571/"
  },
  {
    "name": "Акридерм Гента, мазь для наружного применения   15 г 1 шт",
    "producer": "Акрихин ХФК АО, Россия",
    "active_component": "Бетаметазон, Гентамицин",
    "qrcode": [
      4601969005462
    ],
    "url": "https://www.eapteka.ru/goods/id212823/"
  },
  {
    "name": "МестаМидин-сенс Daily р-р для наружного применения флакон-спрей без канюли, 150 мл",
    "producer": "Гротекс ООО, Россия",
    "active_component": "Октенидин дигидрохлорид ,  Феноксиэтанол",
    "qrcode": [
      4680013247669
    ],
    "url": "https://www.eapteka.ru/goods/id287683/"
  },
  {
    "name": "Кетоконазол Вертекс, шампунь лекарственный 2 % 150 г",
    "producer": "Вертекс, Россия",
    "active_component": "Кетоконазол",
    "qrcode": [
      4670033320626
    ],
    "url": "https://www.eapteka.ru/goods/id513573/"
  },
  {
    "name": "Меркуриус солюбилис C9, гранулы гомеопатические 4 г",
    "producer": "Лаборатория Буарон, Франция",
    "active_component": "",
    "qrcode": [
      3352719010168
    ],
    "url": "https://www.eapteka.ru/goods/id504974/"
  },
  {
    "name": "Гиперикум перфоратум С30, гранулы гомеопатические 4 г",
    "producer": "Лаборатория Буарон, Франция",
    "active_component": "",
    "qrcode": [
      3352719010243
    ],
    "url": "https://www.eapteka.ru/goods/id504958/"
  },
  {
    "name": "Эдас-127, капли для приема внутрь     1 шт",
    "producer": "Эдас, Россия",
    "active_component": "Гомеопатический состав",
    "qrcode": [
      4600908023253
    ],
    "url": "https://www.eapteka.ru/goods/id113257/"
  },
  {
    "name": "Белладонна C9, гранулы гомеопатические 4 г",
    "producer": "Лаборатория Буарон, Франция",
    "active_component": "",
    "qrcode": [
      3352719009391
    ],
    "url": "https://www.eapteka.ru/goods/id504950/"
  },
  {
    "name": "Фелодипин, таблетки пролонгированного действия 2,5 мг   30 шт",
    "producer": "Озон, Россия",
    "active_component": "Фелодипин",
    "qrcode": [
      "-",
      4680020185459,
      4680020181581
    ],
    "url": "https://www.eapteka.ru/goods/id504198/"
  },
  {
    "name": "Тригрим, таблетки 2,5 мг 30 шт",
    "producer": "Акрихин ХФК АО, Россия",
    "active_component": "Торасемид",
    "qrcode": [
      5903060004542,
      4601969008609
    ],
    "url": "https://www.eapteka.ru/goods/id215444/"
  },
  {
    "name": "Риссет, таблетки 4 мг 20 шт",
    "producer": "Плива Хрватска д.о.о., Хорватия",
    "active_component": "Рисперидон",
    "qrcode": [
      3850114213646
    ],
    "url": "https://www.eapteka.ru/goods/id208345/"
  },
  {
    "name": "Аминалон, таблетки покрыт.плен.об. 250 мг 100",
    "producer": "Органика, Россия",
    "active_component": "Гамма-аминомасляная кислота",
    "qrcode": [
      4602424006703,
      4602424007212,
      4602424008660,
      4602424001678
    ],
    "url": "https://www.eapteka.ru/goods/id228972/"
  },
  {
    "name": "Диклозан форте гель с экстрактами трав и эфирными маслами, 75 мл",
    "producer": "ВИС ООО, Россия",
    "active_component": "",
    "qrcode": [
      4660014120109,
      4670030870308,
      4660014120710,
      4607039970159
    ],
    "url": "https://www.eapteka.ru/goods/id221180/"
  },
  {
    "name": "Педикулен Ультра лосьон +подарок целлофановая шапочка, 1 уп.",
    "producer": "Биофармрус, Россия",
    "active_component": "",
    "qrcode": [
      4620002184353,
      "-"
    ],
    "url": "https://www.eapteka.ru/goods/id311936/"
  },
  {
    "name": "Тербинафин-Вертекс, таблетки 250 мг 10 шт",
    "producer": "Вертекс, Россия",
    "active_component": "Тербинафин",
    "qrcode": [
      4607003249557,
      4607003244798
    ],
    "url": "https://www.eapteka.ru/goods/id223477/"
  }
]