[
  {
    "name": "Римантадин Кидс, сироп 2 мг/мл 200 мл 1 шт",
    "producer": "Фармстандарт-Лексредства, Россия",
    "active_component": "Римантадин",
    "qrcode": [
      4601669012494
    ],
    "url": "https://www.eapteka.ru/goods/id338077/"
  },
  {
    "name": "Алмагель, суспензия для приема внутрь 10 мл 10 шт пакетики",
    "producer": "Балканфарма - Троян АД, Болгария",
    "active_component": "Алгелдрат, Магния гидроксид",
    "qrcode": [
      5690528421019
    ],
    "url": "https://www.eapteka.ru/goods/id294110/"
  },
  {
    "name": "Антихрап Доктор Храп-Экс с мятой спрей, 60 мл",
    "producer": "Мирролла ООО, Россия",
    "active_component": "",
    "qrcode": [
      4650001792105
    ],
    "url": "https://www.eapteka.ru/goods/id224060/"
  },
  {
    "name": "Фенибут, таблетки 250 мг 20 шт",
    "producer": "МЭЗ, Россия",
    "active_component": "Аминофенилмасляная кислота",
    "qrcode": [
      4602676002508
    ],
    "url": "https://www.eapteka.ru/goods/id225884/"
  },
  {
    "name": "Висмута трикалия дицитрат таблетки покрыт плен. об.120 мг, 56 шт.",
    "producer": "Озон, Россия",
    "active_component": "Висмута трикалия дицитрат",
    "qrcode": [
      4680020181161,
      4630015110935
    ],
    "url": "https://www.eapteka.ru/goods/id352720/"
  },
  {
    "name": "Симетин форте капсулы 80мг, 50 шт.",
    "producer": "Эрциг ООО, Россия",
    "active_component": "",
    "qrcode": [
      4603720587378
    ],
    "url": "https://www.eapteka.ru/goods/id506003/"
  },
  {
    "name": "Регулакс Пикосульфат, капли для приема внутрь 7,5 мг/мл 20 мл 1 шт",
    "producer": "Кревель Мойзельбах ГмбХ, Германия",
    "active_component": "Натрия пикосульфат",
    "qrcode": [
      4030031895852
    ],
    "url": "https://www.eapteka.ru/goods/id24359/"
  },
  {
    "name": "Гепар фито + фитокомплекс, 30шт +5 ф/пак",
    "producer": "Гольфстрим, Россия",
    "active_component": "",
    "qrcode": [
      4607059540998,
      4607059540677,
      4607059540837,
      "-"
    ],
    "url": "https://www.eapteka.ru/goods/id238239/"
  },
  {
    "name": "Отривин Бэби, капли для орошения полости носа 5 мл 18 шт",
    "producer": "Лаборатуар Юнитер, Франция",
    "active_component": "",
    "qrcode": [
      4607045191616
    ],
    "url": "https://www.eapteka.ru/goods/id211564/"
  },
  {
    "name": "Тауфон Табс Лютеин, таблетки покрыт.плен.об.   30 шт",
    "producer": "Фармстандарт-УфаВИТА, Россия",
    "active_component": "Поливитамины, Прочие препараты",
    "qrcode": [
      4601808013146
    ],
    "url": "https://www.eapteka.ru/goods/id301602/"
  },
  {
    "name": "Белосалик, мазь для наружного применения 15 г 1 шт",
    "producer": "Белупо,лекарства и косметика д.д, Хорватия",
    "active_component": "Бетаметазон, Салициловая кислота",
    "qrcode": [
      3850343028974
    ],
    "url": "https://www.eapteka.ru/goods/id294267/"
  },
  {
    "name": "Аллиум сепа С9, гранулы гомеопатические 4 г",
    "producer": "Лаборатория Буарон, Франция",
    "active_component": "",
    "qrcode": [
      3352719009377
    ],
    "url": "https://www.eapteka.ru/goods/id504943/"
  },
  {
    "name": "Пентоксифиллин-СЗ, таблетки с пролонг.высвобож покрыт.плен.об 400 мг 20 шт",
    "producer": "Северная Звезда, Россия",
    "active_component": "Пентоксифиллин",
    "qrcode": [
      4690655017896,
      4690655025112
    ],
    "url": "https://www.eapteka.ru/goods/id288841/"
  },
  {
    "name": "Проноран, таблетки пролонгированного действия 50 мг   30 шт",
    "producer": "Сервье, Россия",
    "active_component": "Пирибедил",
    "qrcode": [
      4607159862495,
      4607159860088
    ],
    "url": "https://www.eapteka.ru/goods/id117927/"
  },
  {
    "name": "Соннован, таблетки покрыт.плен.об. 3 мг 10 шт",
    "producer": "Канонфарма продакшн ЗАО, Россия",
    "active_component": "Мелатонин",
    "qrcode": [
      4630030920243,
      4606486038658
    ],
    "url": "https://www.eapteka.ru/goods/id321032/"
  },
  {
    "name": "Арлет, таблетки покрыт.плен.об. 875 мг+125 мг 14 шт",
    "producer": "Синтез ОАО, Россия",
    "active_component": "Амоксициллин, Клавулановая кислота",
    "qrcode": [
      4602565013103
    ],
    "url": "https://www.eapteka.ru/goods/id211600/"
  },
  {
    "name": "Тербинафин, таблетки 250 мг 14 шт",
    "producer": "Канонфарма продакшн ЗАО, Россия",
    "active_component": "Тербинафин",
    "qrcode": [
      4606486006992,
      4606486024644
    ],
    "url": "https://www.eapteka.ru/goods/id217235/"
  },
  {
    "name": "Коделак Нео сироп 1,5 мг/мл, 200 мл",
    "producer": "Фармстандарт-Лексредства, Россия",
    "active_component": "Бутамират",
    "qrcode": [
      4601669007667
    ],
    "url": "https://www.eapteka.ru/goods/id260149/"
  },
  {
    "name": "Коделак Нео капли для приема внутрь 5мг/мл, 20 мл",
    "producer": "Фармстандарт-Лексредства, Россия",
    "active_component": "Бутамират",
    "qrcode": [
      4601669006769
    ],
    "url": "https://www.eapteka.ru/goods/id250532/"
  },
  {
    "name": "АнвиМакс Черная смородина, пакетики 5 г, 6 шт.",
    "producer": "ФармВилар НПО, Россия",
    "active_component": "Парацетамол, Аскорбиновая кислота, Римантадин, Рутозид, Лоратадин, Кальция глюконат",
    "qrcode": [
      4605964003898
    ],
    "url": "https://www.eapteka.ru/goods/id221506/"
  }
]