[
  {
    "name": "Торвакард, таблетки покрыт.плен.об. 20 мг 30 шт",
    "producer": "Санека Фармасьютикалс а.с., Словакия",
    "active_component": "Аторвастатин",
    "qrcode": [
      3582910091240,
      "-"
    ],
    "url": "https://www.eapteka.ru/goods/id208142/"
  },
  {
    "name": "Уролесан, капли для приема внутрь     1 шт",
    "producer": "Галичфарм, Украина",
    "active_component": "",
    "qrcode": [
      4823000804760,
      8606107942575,
      4823000803237
    ],
    "url": "https://www.eapteka.ru/goods/id101179/"
  },
  {
    "name": "Компливит Диабет, таблетки, 30 шт.",
    "producer": "Фармстандарт-УфаВИТА, Россия",
    "active_component": "",
    "qrcode": [
      4601808007565
    ],
    "url": "https://www.eapteka.ru/goods/id211732/"
  },
  {
    "name": "Фозинап, таблетки 10 мг 28 шт",
    "producer": "Канонфарма продакшн ЗАО, Россия",
    "active_component": "Фозиноприл",
    "qrcode": [
      4606486011040
    ],
    "url": "https://www.eapteka.ru/goods/id233905/"
  },
  {
    "name": "Мексикор раствор для в/в и в/м введ.50 мг/мл 2 мл амп, 10 шт.",
    "producer": "Фирма Фермент, Россия",
    "active_component": "Этилметилгидроксипиридина сукцинат",
    "qrcode": [
      4602689000577,
      4603730000829
    ],
    "url": "https://www.eapteka.ru/goods/id207989/"
  },
  {
    "name": "Милдронат, раствор для в/в и в/м введ. 100 мг/мл 5 мл 10 шт",
    "producer": "Гриндекс АО, Латвия",
    "active_component": "Мельдоний",
    "qrcode": [
      4601808007527,
      4750232013304,
      4750232000229,
      4750232000731,
      4601808011203,
      4750232009987
    ],
    "url": "https://www.eapteka.ru/goods/id125026/"
  },
  {
    "name": "Амоксиклав порошок д/приг суспензии д/приема внутрь 600 мг+42,9 мг/5 мл, фл 33,1 г",
    "producer": "Лек д.д., Словения",
    "active_component": "Амоксициллин, Клавулановая кислота",
    "qrcode": [
      7613421052256
    ],
    "url": "https://www.eapteka.ru/goods/id513248/"
  },
  {
    "name": "АкваМастер спрей назальный, 50 мл",
    "producer": "Эвалар, Россия",
    "active_component": "Натрия хлорид",
    "qrcode": [
      4602242005087
    ],
    "url": "https://www.eapteka.ru/goods/id224969/"
  },
  {
    "name": "Тадалафил-СЗ, таблетки покрыт.плен.об. 20 мг 4 шт",
    "producer": "Северная Звезда, Россия",
    "active_component": "Тадалафил",
    "qrcode": [
      4690655018107,
      4690655022470
    ],
    "url": "https://www.eapteka.ru/goods/id297015/"
  },
  {
    "name": "Глюкофаж Лонг, таблетки с пролонг высвобождением 1000 мг 30 шт",
    "producer": "Нанолек/Мерк, Россия",
    "active_component": "Метформин",
    "qrcode": [
      3596540150123,
      4640017590970
    ],
    "url": "https://www.eapteka.ru/goods/id289095/"
  },
  {
    "name": "Нифекард ХЛ, таблетки пролонгированного действия 30 мг   60 шт",
    "producer": "Лек д.д., Словения",
    "active_component": "Нифедипин",
    "qrcode": [
      3838957080762,
      7613421052423,
      761342105423
    ],
    "url": "https://www.eapteka.ru/goods/id268817/"
  },
  {
    "name": "Валсартан таблетки покрыт.плен.об.160 мг, 30 шт.",
    "producer": "Вертекс, Россия",
    "active_component": "Валсартан",
    "qrcode": [
      4607003249205
    ],
    "url": "https://www.eapteka.ru/goods/id513554/"
  },
  {
    "name": "Аторика табс таблетки покрыт.плен.об. 90 мг, 7 шт.",
    "producer": "Канонфарма продакшн ЗАО, Россия",
    "active_component": "Эторикоксиб",
    "qrcode": [
      4606486035275
    ],
    "url": "https://www.eapteka.ru/goods/id484583/"
  },
  {
    "name": "Термикон, спрей для наружного применения     1 шт",
    "producer": "Фармстандарт-Лексредства, Россия",
    "active_component": "Тербинафин",
    "qrcode": [
      4601669006974
    ],
    "url": "https://www.eapteka.ru/goods/id217959/"
  },
  {
    "name": "Микролакс, раствор для ректального введения 5 мл 4 шт",
    "producer": "Делфарм Орлеан, Франция",
    "active_component": "Микролакс",
    "qrcode": [
      4601956000272,
      3574661523880
    ],
    "url": "https://www.eapteka.ru/goods/id105144/"
  },
  {
    "name": "Энтерол, капсулы 250 мг   10 шт",
    "producer": "Биокодекс, Франция",
    "active_component": "",
    "qrcode": [
      3583316669187
    ],
    "url": "https://www.eapteka.ru/goods/id102748/"
  },
  {
    "name": "Тизин Алерджи, спрей назальный 10 мл   1 шт",
    "producer": "Янссен Фармацевтика Н.В, Бельгия",
    "active_component": "Левокабастин",
    "qrcode": [
      3574661132211
    ],
    "url": "https://www.eapteka.ru/goods/id227259/"
  },
  {
    "name": "Анауран, капли ушные 25 мл",
    "producer": "Zambon SpA Italia, Италия",
    "active_component": "",
    "qrcode": [
      4603619000070
    ],
    "url": "https://www.eapteka.ru/goods/id31377/"
  },
  {
    "name": "Стрепсилс Интенсив, таблетки для рассасывания   24 шт",
    "producer": "Рекитт Бенкизер Хелскер, Великобритания",
    "active_component": "Флурбипрофен",
    "qrcode": [
      5000158101784
    ],
    "url": "https://www.eapteka.ru/goods/id221413/"
  },
  {
    "name": "Интерферон-Офтальмо глазные капли 10000 МЕ/мл+1 мг/мл, 10 мл",
    "producer": "Лекко ЗАО, Россия",
    "active_component": "Интерферон Альфа-2b, Дифенгидрамин",
    "qrcode": [
      4603671003729
    ],
    "url": "https://www.eapteka.ru/goods/id505371/"
  }
]