[
  {
    "name": "Ауробин, мазь 20 г",
    "producer": "Гедеон Рихтер, Венгрия",
    "active_component": "Декспантенол, Преднизолон, Лидокаин",
    "qrcode": [
      5997001393871
    ],
    "url": "https://www.eapteka.ru/goods/id21877/"
  },
  {
    "name": "Гепар сульфур C30, гранулы гомеопатические 4 г",
    "producer": "Лаборатория Буарон, Франция",
    "active_component": "",
    "qrcode": [
      3352719009315
    ],
    "url": "https://www.eapteka.ru/goods/id504955/"
  },
  {
    "name": "Арсеникум альбум C9, гранулы гомеопатические 4 г",
    "producer": "Лаборатория Буарон, Франция",
    "active_component": "",
    "qrcode": [
      3352719010304
    ],
    "url": "https://www.eapteka.ru/goods/id504948/"
  },
  {
    "name": "Туя оксиденталис C30, гранулы 4 г",
    "producer": "Лаборатория Буарон, Франция",
    "active_component": "",
    "qrcode": [
      3352719010373
    ],
    "url": "https://www.eapteka.ru/goods/id504985/"
  },
  {
    "name": "Глимепирид таблетки 4 мг, 30 шт.",
    "producer": "Канонфарма продакшн ЗАО, Россия",
    "active_component": "Глимепирид",
    "qrcode": [
      4606486015826,
      4606486015864
    ],
    "url": "https://www.eapteka.ru/goods/id250450/"
  },
  {
    "name": "Фервекс, порошок д/приг р-ра д/приема внутрь     8 шт",
    "producer": "УПСА САС, Франция",
    "active_component": "Парацетамол, Фенирамин, Аскорбиновая кислота",
    "qrcode": [
      4602505008480,
      3585552591673,
      4602505007476
    ],
    "url": "https://www.eapteka.ru/goods/id102985/"
  },
  {
    "name": "Эторелекс, таблетки покрыт.плен.об. 60 мг 14 шт",
    "producer": "Фармасинтез АО, Россия",
    "active_component": "Эторикоксиб",
    "qrcode": [
      4605310013090
    ],
    "url": "https://www.eapteka.ru/goods/id492246/"
  },
  {
    "name": "Педикулен Ультра гребень, 1 шт.",
    "producer": "Биофармрус, Россия",
    "active_component": "",
    "qrcode": [
      4620002180782
    ],
    "url": "https://www.eapteka.ru/goods/id222006/"
  },
  {
    "name": "Тербизил, крем для наружного применения 15 г   1 шт",
    "producer": "Гедеон Рихтер, Венгрия",
    "active_component": "Тербинафин",
    "qrcode": [
      5997001359662
    ],
    "url": "https://www.eapteka.ru/goods/id206062/"
  },
  {
    "name": "Касцебене, капсулы 375 мг 30 шт",
    "producer": "Алкалоид АД Скопье, Республика Северная Македония",
    "active_component": "Карбоцистеин",
    "qrcode": [
      5310001261634
    ],
    "url": "https://www.eapteka.ru/goods/id512336/"
  },
  {
    "name": "Линкас ОРВИ гранулы для раствора для приема внутрь, саше 5,6 г 10 шт.",
    "producer": "Хербион Пакистан Прайвет Лимитед, Пакистан",
    "active_component": "Препарат растительного происхождения",
    "qrcode": [
      4607006676954
    ],
    "url": "https://www.eapteka.ru/goods/id245560/"
  },
  {
    "name": "Худеем за неделю Кофе для похудения (жиросжигающий комплекс) Амаретто 2,5 г пакеты, 10 шт.",
    "producer": "ЛЕОВИТ нутрио, Россия",
    "active_component": "",
    "qrcode": [
      4650070110435
    ],
    "url": "https://www.eapteka.ru/goods/id506961/"
  },
  {
    "name": "Апизартрон, мазь для наружного применения 20 г 1 шт",
    "producer": "Лихтенхельдт Гмбх Фармацойтише Фабрик, Германия",
    "active_component": "Метилсалилат, Яд пчелинный",
    "qrcode": [
      4029438005117,
      4029438020172
    ],
    "url": "https://www.eapteka.ru/goods/id23441/"
  },
  {
    "name": "Гидрастис канаденсис С9, гранулы гомеопатические 4 г",
    "producer": "Лаборатория Буарон, Франция",
    "active_component": "",
    "qrcode": [
      3352719010298
    ],
    "url": "https://www.eapteka.ru/goods/id504957/"
  },
  {
    "name": "Паксил, таблетки 20 мг 30 шт",
    "producer": "ГлаксоСмитКляйн Фармасьютикалз С.А., Польша",
    "active_component": "Пароксетин",
    "qrcode": [
      4607008133059,
      4607008131444
    ],
    "url": "https://www.eapteka.ru/goods/id116533/"
  },
  {
    "name": "Орвирем, сироп 0,2 % 100 мл 1 шт",
    "producer": "Корпорация Олифен, Россия",
    "active_component": "Римантадин",
    "qrcode": [
      5450557011724,
      4605080000580
    ],
    "url": "https://www.eapteka.ru/goods/id206226/"
  },
  {
    "name": "Эвкабал Бальзам С, эмульсия для наружного применения 40 мл 1 шт",
    "producer": "Эспарма, Германия",
    "active_component": "",
    "qrcode": [
      4029438020059
    ],
    "url": "https://www.eapteka.ru/goods/id23460/"
  },
  {
    "name": "БЛОГИР-3, таблетки для рассасывания 5 мг 10 шт",
    "producer": "Дженефарм С.А., Греция",
    "active_component": "Дезлоратадин",
    "qrcode": [
      3850343026994
    ],
    "url": "https://www.eapteka.ru/goods/id295345/"
  },
  {
    "name": "Деринат, раствор для местного и наружного применения 0,25 % фл-кап 10 мл",
    "producer": "ФЗ Иммуннолекс, Россия",
    "active_component": "Дезоксирибонуклеат натрия",
    "qrcode": [
      4605962000059,
      "-",
      4607173030085
    ],
    "url": "https://www.eapteka.ru/goods/id125065/"
  },
  {
    "name": "Тимоген, крем для наружного применения 0,05 % 30 г 1 шт",
    "producer": "Цитомед МБНПК, Россия",
    "active_component": "Альфа-Глутамил-Триптофан",
    "qrcode": [
      4606603000117
    ],
    "url": "https://www.eapteka.ru/goods/id210622/"
  }
]