[
  {
    "name": "Проктонис крем, 30 мл",
    "producer": "ВИС ООО, Россия",
    "active_component": "",
    "qrcode": [
      4607039977844,
      4660014120482
    ],
    "url": "https://www.eapteka.ru/goods/id215479/"
  },
  {
    "name": "Эффекс Силденафил, таблетки покрыт.плен.об. 100 мг 4 шт",
    "producer": "Эвалар, Россия",
    "active_component": "Силденафил",
    "qrcode": [
      4602242005322,
      4602242010548
    ],
    "url": "https://www.eapteka.ru/goods/id295922/"
  },
  {
    "name": "МестаМидин-сенс Home р-р для наружного применения флаконы-капельницы, 100 мл",
    "producer": "Гротекс ООО, Россия",
    "active_component": "Октенидин дигидрохлорид ,  Феноксиэтанол",
    "qrcode": [
      4680013247607
    ],
    "url": "https://www.eapteka.ru/goods/id287681/"
  },
  {
    "name": "Рус токсикодендрон C9, гранулы 4 г",
    "producer": "Лаборатория Буарон, Франция",
    "active_component": "",
    "qrcode": [
      3352719009339
    ],
    "url": "https://www.eapteka.ru/goods/id504980/"
  },
  {
    "name": "Диротон, таблетки 10 мг, 56 шт.",
    "producer": "Гедеон Рихтер-Рус, Россия",
    "active_component": "Лизиноприл",
    "qrcode": [
      4605469002563,
      4605469002983
    ],
    "url": "https://www.eapteka.ru/goods/id212712/"
  },
  {
    "name": "Амоксициллин Диспертаб таблетки диспергируемые 1000 мг, 20 шт.",
    "producer": "Авва Рус, Россия",
    "active_component": "Амоксициллин",
    "qrcode": [
      4680020233068
    ],
    "url": "https://www.eapteka.ru/goods/id506516/"
  },
  {
    "name": "Витатека Др.Газекс-Е Симетикон капсулы 200 мг 30 шт., 30 шт.",
    "producer": "Кок Рош Лаб, Россия",
    "active_component": "",
    "qrcode": [
      4630061870784
    ],
    "url": "https://www.eapteka.ru/goods/id485667/"
  },
  {
    "name": "Фозикард, таблетки 5 мг 28 шт",
    "producer": "Здравле ХФЗ АД, Сербия",
    "active_component": "Фозиноприл",
    "qrcode": [
      4607141997679,
      4630013790719
    ],
    "url": "https://www.eapteka.ru/goods/id210424/"
  },
  {
    "name": "Амприлан, таблетки 1,25 мг, 30 шт. крка",
    "producer": "КРКА дд Ново место, Словения",
    "active_component": "Рамиприл",
    "qrcode": [
      3838989514983
    ],
    "url": "https://www.eapteka.ru/goods/id235019/"
  },
  {
    "name": "Триампур композитум, таблетки 12,5 мг+25 мг 50 шт",
    "producer": "Плива Хрватска д.о.о., Хорватия",
    "active_component": "Гидрохлоротиазид, Триамтерен",
    "qrcode": [
      4043589001859,
      3589001859
    ],
    "url": "https://www.eapteka.ru/goods/id22563/"
  },
  {
    "name": "Элюфор, суспензия для приема внутрь 200 мг/5 мл  90 мл 1 шт",
    "producer": "Озон, Россия",
    "active_component": "Нифуроксазид",
    "qrcode": [
      4680020180072,
      4680020186098
    ],
    "url": "https://www.eapteka.ru/goods/id352745/"
  },
  {
    "name": "Мукоцил Солюшн Таблетс таблетки диспергируемые 600 мг, 10 шт.",
    "producer": "Озон, Россия",
    "active_component": "Ацетилцистеин",
    "qrcode": [
      4680020183387
    ],
    "url": "https://www.eapteka.ru/goods/id352731/"
  },
  {
    "name": "Тинктал сироп, 250 мл",
    "producer": "ВИС ООО, Россия",
    "active_component": "",
    "qrcode": [
      4607040710010
    ],
    "url": "https://www.eapteka.ru/goods/id233140/"
  },
  {
    "name": "Псило-бальзам, гель для наружного применения     1 шт",
    "producer": "Нижфарм АО, Россия",
    "active_component": "Дифенгидрамин",
    "qrcode": [
      4011548000083,
      4601026306532
    ],
    "url": "https://www.eapteka.ru/goods/id25606/"
  },
  {
    "name": "Розувастатин-СЗ, таблетки покрыт.плен.об. 10 мг 30 шт",
    "producer": "Северная Звезда, Россия",
    "active_component": "Моксонидин",
    "qrcode": [
      4690655008108,
      4690655009594,
      "-"
    ],
    "url": "https://www.eapteka.ru/goods/id231256/"
  },
  {
    "name": "Белогент, крем для наружного применения 15 г 1 шт",
    "producer": "Белупо,лекарства и косметика д.д, Хорватия",
    "active_component": "Бетаметазон, Гентамицин",
    "qrcode": [
      3850343053297
    ],
    "url": "https://www.eapteka.ru/goods/id205010/"
  },
  {
    "name": "Белогент, мазь для наружного применения   15 г 1 шт",
    "producer": "Белупо,лекарства и косметика д.д, Хорватия",
    "active_component": "Бетаметазон, Гентамицин",
    "qrcode": [
      3850343053600
    ],
    "url": "https://www.eapteka.ru/goods/id205011/"
  },
  {
    "name": "Аква Марис Норм Интенсивное промывание полости носа спрей, 50 мл",
    "producer": "ЯДРАН-ГАЛЕНСКИ ЛАБОРАТОРИЙ а.о., Хорватия",
    "active_component": "",
    "qrcode": [
      "*",
      3856013221089
    ],
    "url": "https://www.eapteka.ru/goods/id502566/"
  },
  {
    "name": "Акридерм СК, мазь для наружного применения   15 г 1 шт",
    "producer": "Акрихин ХФК АО, Россия",
    "active_component": "Бетаметазон, Салициловая кислота",
    "qrcode": [
      4601969003598,
      4601969009590
    ],
    "url": "https://www.eapteka.ru/goods/id206195/"
  },
  {
    "name": "Бейби калм, флакон, 15 мл",
    "producer": "Хисунит, Израиль",
    "active_component": "",
    "qrcode": [
      7290003441501
    ],
    "url": "https://www.eapteka.ru/goods/id207889/"
  }
]