[
  {
    "name": "Ноопепт, таблетки   50 шт",
    "producer": "Фармстандарт-Лексредства, Россия",
    "active_component": "Омберацетам",
    "qrcode": [
      4603671002364,
      4601669010766
    ],
    "url": "https://www.eapteka.ru/goods/id233580/"
  },
  {
    "name": "Быструмгель, гель 2.5%, 30 г",
    "producer": "Акрихин ХФК АО, Россия",
    "active_component": "Кетопрофен",
    "qrcode": [
      4601969004496
    ],
    "url": "https://www.eapteka.ru/goods/id207564/"
  },
  {
    "name": "Арбидол, порошок д/приг суспензии для приема внутрь 25 мг/5 мл 37 г",
    "producer": "Фармстандарт-Лексредства, Россия",
    "active_component": "Умифеновир",
    "qrcode": [
      4601669008138
    ],
    "url": "https://www.eapteka.ru/goods/id248544/"
  },
  {
    "name": "Фламин, таблетки   30 шт",
    "producer": "Здоровье, Украина",
    "active_component": "",
    "qrcode": [
      4820044111335
    ],
    "url": "https://www.eapteka.ru/goods/id114359/"
  },
  {
    "name": "Кестин, таблетки 10 мг 5 шт",
    "producer": "Алмирал С.А., Испания",
    "active_component": "Эбастин",
    "qrcode": [
      5450557010277,
      8430308577492
    ],
    "url": "https://www.eapteka.ru/goods/id207109/"
  },
  {
    "name": "Эврин раствор для в/м и в/в введен 50 мг/мл 2мл ампулы, 10 шт.",
    "producer": "Гротекс ООО, Россия",
    "active_component": "Этилметилгидроксипиридина сукцинат",
    "qrcode": [
      4670028226469
    ],
    "url": "https://www.eapteka.ru/goods/id346131/"
  },
  {
    "name": "Тантум Прополис пастилки для рассасывания мягкие апельсин и мед, 15 шт.",
    "producer": "Азиенде Кимике Риуните Анжелини Франческо А.К.Р.А., Италия",
    "active_component": "",
    "qrcode": [
      8000036021804,
      8000036024744
    ],
    "url": "https://www.eapteka.ru/goods/id316394/"
  },
  {
    "name": "Олифрин спрей назальный увлажняющее средство, 15 мл",
    "producer": "Гротекс ООО, Россия",
    "active_component": "",
    "qrcode": [
      4680013246662
    ],
    "url": "https://www.eapteka.ru/goods/id287669/"
  },
  {
    "name": "ЛинАква беби спрей назальный, 0,9 % 50 мл",
    "producer": "Гротекс ООО, Россия",
    "active_component": "Натрия хлорид",
    "qrcode": [
      4680013243609
    ],
    "url": "https://www.eapteka.ru/goods/id280831/"
  },
  {
    "name": "Долонит-МосФарма гель для наружного применения, 30 г",
    "producer": "Московская ФФ, Россия",
    "active_component": "Гепарин натрия, Декспантенол, Диметилсульфоксид",
    "qrcode": [
      4601429005704
    ],
    "url": "https://www.eapteka.ru/goods/id294359/"
  },
  {
    "name": "Энап-Н, таблетки 25 мг+10 мг  20 шт",
    "producer": "КРКА дд Ново место, Словения",
    "active_component": "Гидрохлоротиазид, Эналаприл",
    "qrcode": [
      3838989505523,
      4605635000249,
      4607055136669
    ],
    "url": "https://www.eapteka.ru/goods/id98691/"
  },
  {
    "name": "Леветирацетам Канон таблетки покрыт.плен.об. 250 мг, 30 шт.",
    "producer": "Канонфарма продакшн ЗАО, Россия",
    "active_component": "Леветирацетам",
    "qrcode": [
      4606486013037
    ],
    "url": "https://www.eapteka.ru/goods/id250542/"
  },
  {
    "name": "Меларена таблетки покрыт.плен.об. 0,3 мг, 30 шт.",
    "producer": "Хемофарм ООО, Россия",
    "active_component": "Мелатонин",
    "qrcode": [
      4607143560871,
      4610011970740
    ],
    "url": "https://www.eapteka.ru/goods/id269917/"
  },
  {
    "name": "Диклак гель для наружного применения 5%, 100 г",
    "producer": "Салютас Фарма ГмбХ, Германия",
    "active_component": "Диклофенак",
    "qrcode": [
      4030855464074
    ],
    "url": "https://www.eapteka.ru/goods/id23887/"
  },
  {
    "name": "Гутталакс, таблетки 5 мг 20 шт",
    "producer": "Дельфарм Реймс, Франция",
    "active_component": "Натрия пикосульфат",
    "qrcode": [
      9006968008066,
      3582910082552
    ],
    "url": "https://www.eapteka.ru/goods/id227537/"
  },
  {
    "name": "Моделакс-Н, раствор ректальный 5 мл тубы 4 шт",
    "producer": "Биохимик, Россия",
    "active_component": "Натрия лаурилсульфоацетат, Натрия цитрат, Сорбитол",
    "qrcode": [
      4602509028583
    ],
    "url": "https://www.eapteka.ru/goods/id515028/"
  },
  {
    "name": "Простакор, раствор для в/м введ. 5 мг/мл 1 мл 10 шт",
    "producer": "Микроген НПО, Россия",
    "active_component": "Простаты экстракт",
    "qrcode": [
      4600488002785,
      4600488001023
    ],
    "url": "https://www.eapteka.ru/goods/id207260/"
  },
  {
    "name": "Валсартан-СЗ, таблетки покрыт.плен.об. 160 мг 30 шт",
    "producer": "Северная Звезда, Россия",
    "active_component": "Валсартан",
    "qrcode": [
      4690655017049
    ],
    "url": "https://www.eapteka.ru/goods/id288839/"
  },
  {
    "name": "Кетонал Актив Плюс, гранулы д/приг р-ра д/приема внутрь 80 мг 12 шт",
    "producer": "Файн Фудс & Фармасьютикалз Н.Т.М. С.П.А., Италия",
    "active_component": "Кетопрофен",
    "qrcode": [
      3838957094400
    ],
    "url": "https://www.eapteka.ru/goods/id495566/"
  },
  {
    "name": "Хондроитин-АКОС, мазь для наружного применения 5 % 50 г 1 шт",
    "producer": "Синтез ОАО, Россия",
    "active_component": "Хондроитина сульфат",
    "qrcode": [
      4602565024482
    ],
    "url": "https://www.eapteka.ru/goods/id506792/"
  }
]