[
  {
    "name": "Пантопразол-Акрихин, таблетки кишечнораствор.покрыт.плен.об. 40 мг   30 шт",
    "producer": "Акрихин ХФК АО, Россия",
    "active_component": "Пантопразол",
    "qrcode": [
      4601969008845,
      4601969009712
    ],
    "url": "https://www.eapteka.ru/goods/id496961/"
  },
  {
    "name": "Энтегнин-Н, таблетки 0,47 г 100 шт.",
    "producer": "В-МИН+, Россия",
    "active_component": "Лигнин гидролизный",
    "qrcode": [
      4607004770050
    ],
    "url": "https://www.eapteka.ru/goods/id205413/"
  },
  {
    "name": "ROXY-KIDS Трубка газоотводная для новорожденных белая Дуги RTW-1W, 1 шт.",
    "producer": "Рокси ООО, Россия",
    "active_component": "",
    "qrcode": [
      4627086625239
    ],
    "url": "https://www.eapteka.ru/goods/id501054/"
  },
  {
    "name": "Медрол таблетки 16 мг, 50 шт.",
    "producer": "Пфайзер, Пуэрто-Рико",
    "active_component": "Метилпреднизолон",
    "qrcode": [
      4601951000710,
      4607131045243
    ],
    "url": "https://www.eapteka.ru/goods/id20383/"
  },
  {
    "name": "Дезал таблетки покрыт.плен.об. 5 мг, 10 шт.",
    "producer": "Актавис Лтд, Мальта",
    "active_component": "Дезлоратадин",
    "qrcode": [
      4607141998119,
      4630013790375
    ],
    "url": "https://www.eapteka.ru/goods/id222724/"
  },
  {
    "name": "Altaivita Красная щётка трава, 100 г",
    "producer": "Алтайвита ООО, Россия",
    "active_component": "",
    "qrcode": [
      4610021271554
    ],
    "url": "https://www.eapteka.ru/goods/id354603/"
  },
  {
    "name": "Фенилэфрин-оптик, капли глазные 2,5 % 5 мл 1 шт",
    "producer": "Лекко ЗАО, Россия",
    "active_component": "Фенилэфрин",
    "qrcode": [
      4603671003316
    ],
    "url": "https://www.eapteka.ru/goods/id312198/"
  },
  {
    "name": "Тонзилгон Н, таблетки покрыт.об. 50 шт",
    "producer": "Бионорика СЕ, Германия",
    "active_component": "Алтея кор., Ромашка цв., Хвощ тр., Грец. орех лист, Тысячелистник тр., Дуб кор., Одуванчик тр.",
    "qrcode": [
      4029799116255,
      4029799119744
    ],
    "url": "https://www.eapteka.ru/goods/id23038/"
  },
  {
    "name": "Телпрес, таблетки 80 мг 28 шт",
    "producer": "Лабораториос Ликонса С.А., Испания",
    "active_component": "Телмисартан",
    "qrcode": [
      4650069651390,
      4650069650645
    ],
    "url": "https://www.eapteka.ru/goods/id294620/"
  },
  {
    "name": "Ново-Пассит, раствор для приема внутрь 100 мл 1 шт",
    "producer": "Тева Чешские Предприятия с.р.о., Чешская Республика",
    "active_component": "Боярышник цветки и листья, Боярышник плоды, Гвайфенезин, Зверобоя трава, Хмель, Мелисса, Пассифлора,",
    "qrcode": [
      8594737236914,
      8594737207211
    ],
    "url": "https://www.eapteka.ru/goods/id104049/"
  },
  {
    "name": "Максидекс, капли глазные 0,1 % 5 мл",
    "producer": "Alcon-Couvreur, Бельгия",
    "active_component": "Дексаметазон",
    "qrcode": [
      5413895006159,
      7613421035693,
      1374085536758
    ],
    "url": "https://www.eapteka.ru/goods/id124961/"
  },
  {
    "name": "Сумамед, таблетки покрыт.плен.об. 500 мг 3 шт",
    "producer": "Плива Хрватска д.о.о., Хорватия",
    "active_component": "Азитромицин",
    "qrcode": [
      3850114202480
    ],
    "url": "https://www.eapteka.ru/goods/id103714/"
  },
  {
    "name": "Имбирол капсулы по 300 мг, 30 шт.",
    "producer": "Глобал Хэлфкеар ООО, Россия",
    "active_component": "",
    "qrcode": [
      4640033071804
    ],
    "url": "https://www.eapteka.ru/goods/id510387/"
  },
  {
    "name": "Звездочка Флю порошок, для р-ра для приема внутрь апельсин 15 г 10 шт.",
    "producer": "Данафа Фармасьютикал Джойнт, Вьетнам",
    "active_component": "Парацетамол, Фенилэфрин, Фенирамин, Аскорбиновая кислота",
    "qrcode": [
      8934901500104
    ],
    "url": "https://www.eapteka.ru/goods/id248717/"
  },
  {
    "name": "Розувастатин, таблетки покрыт.плен.об. 5 мг 30 шт",
    "producer": "Р-Фарм Новоселки, Россия",
    "active_component": "Розувастатин",
    "qrcode": [
      4630157810373
    ],
    "url": "https://www.eapteka.ru/goods/id513998/"
  },
  {
    "name": "Натуркоксинум, гранулы гомеопатические 1 г 6 шт",
    "producer": "Гомеокан, Канада",
    "active_component": "Гомеопатический состав",
    "qrcode": [
      1094922319677
    ],
    "url": "https://www.eapteka.ru/goods/id227301/"
  },
  {
    "name": "Энап-НЛ 20, таблетки 12,5 мг+20 мг  20 шт",
    "producer": "КРКА дд Ново место, Словения",
    "active_component": "Гидрохлоротиазид, Эналаприл",
    "qrcode": [
      3838989502652
    ],
    "url": "https://www.eapteka.ru/goods/id210347/"
  },
  {
    "name": "Депренорм МВ таблетки с пролонг.высвобож покрыт.плен.об 35 мг, 30 шт",
    "producer": "Канонфарма продакшн ЗАО, Россия",
    "active_component": "Триметазидин",
    "qrcode": [
      4606486029939,
      4606486003496
    ],
    "url": "https://www.eapteka.ru/goods/id210499/"
  },
  {
    "name": "Церетон раствор для в/в и в/м введ.250 мг/мл 4 мл ампулы, 3 шт.",
    "producer": "ФармФирма Сотекс, Россия",
    "active_component": "Холина альфосцерат",
    "qrcode": [
      4605964002785
    ],
    "url": "https://www.eapteka.ru/goods/id210740/"
  },
  {
    "name": "Билобил форте, капсулы 80 мг 20 шт",
    "producer": "КРКА дд Ново место, Словения",
    "active_component": "Гинкго двулопастного листьев экстракт",
    "qrcode": [
      4610017700563,
      3838989578565,
      3838989735579
    ],
    "url": "https://www.eapteka.ru/goods/id207819/"
  }
]