[
  {
    "name": "Нимулид, таблетки 100 мг 20 шт",
    "producer": "Панацея Биотек, Индия",
    "active_component": "Нимесулид",
    "qrcode": [
      8901168038022,
      "-",
      8901168038029
    ],
    "url": "https://www.eapteka.ru/goods/id238663/"
  },
  {
    "name": "Бронхипрет, сироп, 50 мл",
    "producer": "Бионорика СЕ, Германия",
    "active_component": "",
    "qrcode": [
      4029799131814
    ],
    "url": "https://www.eapteka.ru/goods/id209973/"
  },
  {
    "name": "Экзитер, крем 1 % 15 г 1 шт",
    "producer": "Озон, Россия",
    "active_component": "Тербинафин",
    "qrcode": [
      4607027766160
    ],
    "url": "https://www.eapteka.ru/goods/id294650/"
  },
  {
    "name": "Феррум фосфорикум C30, гранулы   4 г",
    "producer": "Лаборатория Буарон, Франция",
    "active_component": "",
    "qrcode": [
      3352719010885
    ],
    "url": "https://www.eapteka.ru/goods/id504986/"
  },
  {
    "name": "Телмиста, таблетки 40 мг 28 шт",
    "producer": "КРКА дд Ново место, Словения",
    "active_component": "Телмисартан",
    "qrcode": [
      3838989668235
    ],
    "url": "https://www.eapteka.ru/goods/id294617/"
  },
  {
    "name": "Моксарел, таблетки покрыт.плен.об. 0,4 мг 30 шт",
    "producer": "Вертекс, Россия",
    "active_component": "Моксонидин",
    "qrcode": [
      4607003247294
    ],
    "url": "https://www.eapteka.ru/goods/id238552/"
  },
  {
    "name": "Моксонитекс, таблетки покрыт.плен.об. 0,4 мг 28 шт",
    "producer": "Сандоз, Германия",
    "active_component": "Моксонидин",
    "qrcode": [
      4030855507535
    ],
    "url": "https://www.eapteka.ru/goods/id299212/"
  },
  {
    "name": "Докси-Хем капсулы 500 мг, 30 шт.",
    "producer": "Хемофарм А.Д., Сербия",
    "active_component": "Кальция добезилат",
    "qrcode": [
      8600097302371
    ],
    "url": "https://www.eapteka.ru/goods/id204892/"
  },
  {
    "name": "Амигренин, таблетки покрытые плен.оболочкой 50 мг, 2 шт.",
    "producer": "Верофарм АО, Россия",
    "active_component": "Суматриптан",
    "qrcode": [
      4602930005184,
      4620011583949
    ],
    "url": "https://www.eapteka.ru/goods/id207560/"
  },
  {
    "name": "Леволет Р, таблетки покрыт.плен.об. 500 мг 10 шт.",
    "producer": "Д-р Редди`с, Индия",
    "active_component": "Левофлоксацин",
    "qrcode": [
      8901148214675,
      8901148047744,
      "-"
    ],
    "url": "https://www.eapteka.ru/goods/id212006/"
  },
  {
    "name": "Нитроксолин, таблетки покрыт.об. 50 мг   50 шт",
    "producer": "Татхимфармпрепараты, Россия",
    "active_component": "Нитроксолин",
    "qrcode": [
      4604060201115,
      4604060011974
    ],
    "url": "https://www.eapteka.ru/goods/id85882/"
  },
  {
    "name": "Немозол, таблетки жевательные 400 мг 1 шт",
    "producer": "Ипка Лабораториз Лимитед, Индия",
    "active_component": "Албендазол",
    "qrcode": [
      8901079006042,
      "-",
      8901079006035
    ],
    "url": "https://www.eapteka.ru/goods/id216809/"
  },
  {
    "name": "Дифлюкан, капсулы 50 мг, 7 шт.",
    "producer": "Пфайзер, Пуэрто-Рико",
    "active_component": "Флуконазол",
    "qrcode": [
      4607131040248
    ],
    "url": "https://www.eapteka.ru/goods/id103085/"
  },
  {
    "name": "Микозорал, мазь для наружного применения 2 % 15 г 1 шт",
    "producer": "Акрихин ХФК АО, Россия",
    "active_component": "Кетоконазол",
    "qrcode": [
      4601969003482
    ],
    "url": "https://www.eapteka.ru/goods/id204584/"
  },
  {
    "name": "Гевискон, таблетки жевательные мятные 24 шт",
    "producer": "Рекитт Бенкизер Хелскер, Великобритания",
    "active_component": "",
    "qrcode": [
      5000158071452
    ],
    "url": "https://www.eapteka.ru/goods/id276226/"
  },
  {
    "name": "Отирелакс, капли ушные     1 шт",
    "producer": "К.О.Ромфарм Компани С.Р.Л., Румыния",
    "active_component": "Лидокаин, Феназон",
    "qrcode": [
      5944728000407
    ],
    "url": "https://www.eapteka.ru/goods/id219647/"
  },
  {
    "name": "Назик, спрей назальный дозированный 0,1 мг+5 мг/доза 10 мл 1 шт",
    "producer": "Клостерфрау Берлин ГмбХ, Германия",
    "active_component": "",
    "qrcode": [
      4008617227243,
      4008617226178,
      4251595210169
    ],
    "url": "https://www.eapteka.ru/goods/id219888/"
  },
  {
    "name": "Капсикам, мазь для наружного применения 30 г 1 шт",
    "producer": "Гриндекс АО, Латвия",
    "active_component": "Камфора, Диметилсульфоксид, Бензилникотинат, Сосны хвои масло",
    "qrcode": [
      4750232008614,
      4740412002259
    ],
    "url": "https://www.eapteka.ru/goods/id105179/"
  },
  {
    "name": "Медорринум C30, гранулы гомеопатические 4 г",
    "producer": "Лаборатория Буарон, Франция",
    "active_component": "",
    "qrcode": [
      3352719010878
    ],
    "url": "https://www.eapteka.ru/goods/id504972/"
  },
  {
    "name": "Калькареа фосфорика C15, гранулы гомеопатические 4 г",
    "producer": "Лаборатория Буарон, Франция",
    "active_component": "",
    "qrcode": [
      3352719010229
    ],
    "url": "https://www.eapteka.ru/goods/id504966/"
  }
]