[
  {
    "name": "Магнезиа фосфорика C9, гранулы гомеопатические 4 г",
    "producer": "Лаборатория Буарон, Франция",
    "active_component": "",
    "qrcode": [
      3352719010342
    ],
    "url": "https://www.eapteka.ru/goods/id504971/"
  },
  {
    "name": "Апис меллифика C30, гранулы гомеопатические 4 г",
    "producer": "Лаборатория Буарон, Франция",
    "active_component": "",
    "qrcode": [
      3352719011295
    ],
    "url": "https://www.eapteka.ru/goods/id504945/"
  },
  {
    "name": "Нукс вомика C15, гранулы гомеопатические 4 г",
    "producer": "Лаборатория Буарон, Франция",
    "active_component": "",
    "qrcode": [
      3352719009384
    ],
    "url": "https://www.eapteka.ru/goods/id504975/"
  },
  {
    "name": "Пульсатилла C30, гранулы 4 г    шт",
    "producer": "Лаборатория Буарон, Франция",
    "active_component": "",
    "qrcode": [
      3352719010892
    ],
    "url": "https://www.eapteka.ru/goods/id504978/"
  },
  {
    "name": "Ликоподиум клаватум С30, гранулы гомеопатические 4 г",
    "producer": "Лаборатория Буарон, Франция",
    "active_component": "",
    "qrcode": [
      3352719010335
    ],
    "url": "https://www.eapteka.ru/goods/id504970/"
  },
  {
    "name": "Топирамат-АЛСИ, таблетки 100 мг 30 шт",
    "producer": "Алси Фарма, Россия",
    "active_component": "Топирамат",
    "qrcode": [
      4607011632600,
      4607011635274
    ],
    "url": "https://www.eapteka.ru/goods/id231243/"
  },
  {
    "name": "Азитромицин, таблетки покрыт.плен.об. 500 мг 3 шт",
    "producer": "Биохимик, Россия",
    "active_component": "Азитромицин",
    "qrcode": [
      4602509022253
    ],
    "url": "https://www.eapteka.ru/goods/id502768/"
  },
  {
    "name": "Мизол Эвалар раствор для наружного применения 1 %, 10 мл",
    "producer": "Эвалар, Россия",
    "active_component": "Нафтифин",
    "qrcode": [
      4602242010036,
      4602242009931,
      "-"
    ],
    "url": "https://www.eapteka.ru/goods/id300788/"
  },
  {
    "name": "РектАктив, суппозитории ректальные     5 шт",
    "producer": "Альтфарм, Россия",
    "active_component": "Каштана конского семян экстр.",
    "qrcode": [
      4607035440342
    ],
    "url": "https://www.eapteka.ru/goods/id257353/"
  },
  {
    "name": "Амбробене Стоптуссин, таблетки 4 мг+100 мг  20 шт",
    "producer": "Тева Оперейшнс Поланд Сп. з о.о., Польша",
    "active_component": "Бутамират, Гвайфенезин",
    "qrcode": [
      5900004074593
    ],
    "url": "https://www.eapteka.ru/goods/id500229/"
  },
  {
    "name": "Репарил-гель Н, гель для наружного применения     1 шт",
    "producer": "Мадаус ГмбХ, Германия",
    "active_component": "Диэтиламина салицилат, Эсцин",
    "qrcode": [
      4030041001021,
      4019338607344
    ],
    "url": "https://www.eapteka.ru/goods/id205452/"
  },
  {
    "name": "Ламотриджин Канон таблетки 25 мг, 30 шт.",
    "producer": "Канонфарма продакшн ЗАО, Россия",
    "active_component": "Ламотриджин",
    "qrcode": [
      4606486023074
    ],
    "url": "https://www.eapteka.ru/goods/id255958/"
  },
  {
    "name": "Кеторол гель 2%, 30 г",
    "producer": "Д-р Редди`с, Индия",
    "active_component": "Кеторолак",
    "qrcode": [
      8901148223691,
      8901148058734,
      8901148058733,
      8901148230644,
      "-"
    ],
    "url": "https://www.eapteka.ru/goods/id218067/"
  },
  {
    "name": "Кларитромицин таблетки покрыт.плен.об. 500 мг, 14 шт.",
    "producer": "Фармстандарт-Томскхимфарм, Россия",
    "active_component": "Кларитромицин",
    "qrcode": [
      4601808013115,
      4602196004389,
      4602196004105,
      "-"
    ],
    "url": "https://www.eapteka.ru/goods/id296283/"
  },
  {
    "name": "Сиалор Renewal набор для приготовления раствора, спрей назальный 2 % 10 мл 1 шт",
    "producer": "Обновление ПФК АО, Россия",
    "active_component": "Серебра протеинат",
    "qrcode": [
      4603988016191,
      "-"
    ],
    "url": "https://www.eapteka.ru/goods/id225546/"
  },
  {
    "name": "Облепиховое масло, 50 мл",
    "producer": "Алтайвитамины, Россия",
    "active_component": "",
    "qrcode": [
      4603679006043,
      4603679000171,
      4603679006791
    ],
    "url": "https://www.eapteka.ru/goods/id38976/"
  },
  {
    "name": "Афлубин, таблетки   12 шт",
    "producer": "Рихард Биттнер АГ, Австрия",
    "active_component": "Гомеопатический состав",
    "qrcode": [
      9005441701210,
      5350586000488
    ],
    "url": "https://www.eapteka.ru/goods/id210352/"
  },
  {
    "name": "Персен Ночь, капсулы     10 шт",
    "producer": "Лек Фармасьютикалз д.д., Словения",
    "active_component": "",
    "qrcode": [
      3838957076734,
      3838957007318
    ],
    "url": "https://www.eapteka.ru/goods/id230413/"
  },
  {
    "name": "Баралгин М раствор для в/в и в/м введ. 500 мг/мл 5 мл, 5 шт.",
    "producer": "Санофи Индия Лимитед, Индия",
    "active_component": "Метамизол натрия",
    "qrcode": [
      8901083020133
    ],
    "url": "https://www.eapteka.ru/goods/id28186/"
  },
  {
    "name": "Атифин, крем для наружного применения 1 % 15 г 1 шт",
    "producer": "КРКА дд Ново место, Словения",
    "active_component": "Тербинафин",
    "qrcode": [
      3838989502751
    ],
    "url": "https://www.eapteka.ru/goods/id208875/"
  }
]