[
  {
    "name": "Ондансетрон-ЛЭНС р-р для в/вен. и в/мыш. введ. 2 мг/мл флакон 4 мл, 1 шт.",
    "producer": "Лэнс-Фарм, Россия",
    "active_component": "Ондансетрон",
    "qrcode": [
      4605095009677
    ],
    "url": "https://www.eapteka.ru/goods/id252043/"
  },
  {
    "name": "Вода для инъекций 2 мл ампулы полимер, раствор для инъекций 2 мл амп 8 шт",
    "producer": "МЭЗ, Россия",
    "active_component": "Вода",
    "qrcode": [
      "-",
      4602676007046
    ],
    "url": "https://www.eapteka.ru/goods/id504545/"
  },
  {
    "name": "Эвкалипт, настойка     1 шт",
    "producer": "Флора Кавказа, Россия",
    "active_component": "Эвкалипта прутовидного листья",
    "qrcode": [
      4606367000309
    ],
    "url": "https://www.eapteka.ru/goods/id234096/"
  },
  {
    "name": "Салицилово-цинковая паста, паста 25 г   1 шт",
    "producer": "Тверская фармфабрика, Россия",
    "active_component": "Салициловая кислота, Цинка оксид",
    "qrcode": [
      4603373000835
    ],
    "url": "https://www.eapteka.ru/goods/id87005/"
  },
  {
    "name": "Фукорцин, раствор для наружного применения   10 мл 1 шт",
    "producer": "Самарамедпром, Россия",
    "active_component": "",
    "qrcode": [
      4603933004204,
      "-",
      4603933004280,
      4603933007205
    ],
    "url": "https://www.eapteka.ru/goods/id266895/"
  },
  {
    "name": "Галоперидол, таблетки 5 мг, 50 шт.",
    "producer": "Озон, Россия",
    "active_component": "Галоперидол",
    "qrcode": [
      4607027762193
    ],
    "url": "https://www.eapteka.ru/goods/id233576/"
  },
  {
    "name": "Фукорцин, раствор для наружного применения   10 мл 1 шт",
    "producer": "Московская ФФ, Россия",
    "active_component": "Ацетон, Борная кислота, Резорцинол",
    "qrcode": [
      4601429002413,
      4601429002420
    ],
    "url": "https://www.eapteka.ru/goods/id66808/"
  },
  {
    "name": "Амлорус, таблетки 5 мг, 30 шт.",
    "producer": "Синтез ОАО, Россия",
    "active_component": "Амлодипин",
    "qrcode": [
      4602565012021
    ],
    "url": "https://www.eapteka.ru/goods/id224546/"
  },
  {
    "name": "Лизиноприл, таблетки 5 мг, 30 шт.",
    "producer": "Озон, Россия",
    "active_component": "Лизиноприл",
    "qrcode": [
      4607027763138
    ],
    "url": "https://www.eapteka.ru/goods/id226043/"
  },
  {
    "name": "Эналаприл, таблетки 10 мг 20 шт",
    "producer": "Хемофарм ООО, Россия",
    "active_component": "Эналаприл",
    "qrcode": [
      4607143560161
    ],
    "url": "https://www.eapteka.ru/goods/id105303/"
  },
  {
    "name": "Верапамил, таблетки покрыт.об. 80 мг 30 шт",
    "producer": "Алкалоид АД Скопье, Республика Северная Македония",
    "active_component": "Верапамил",
    "qrcode": [
      5310001203825,
      5310001271602
    ],
    "url": "https://www.eapteka.ru/goods/id212705/"
  },
  {
    "name": "Энзистал-П, таблетки покрыт.кишечнораств.об.   20 шт",
    "producer": "Торрент Фармасьютикалс Лтд, Индия",
    "active_component": "Панкреатин",
    "qrcode": [
      4602656001460,
      8903855015316
    ],
    "url": "https://www.eapteka.ru/goods/id213071/"
  },
  {
    "name": "Дуба кора, сырье растительное   1,5 г 20 шт",
    "producer": "Фитофарм ПКФ, Россия",
    "active_component": "Дуба кора",
    "qrcode": [
      4603762005793
    ],
    "url": "https://www.eapteka.ru/goods/id230626/"
  },
  {
    "name": "Окумед, капли глазные 0,5 % 10 мл 1 шт",
    "producer": "Сентисс Фарма Пвт.Лтд, Индия",
    "active_component": "Тимолол",
    "qrcode": [
      8901236004812,
      8901236004819
    ],
    "url": "https://www.eapteka.ru/goods/id242916/"
  },
  {
    "name": "Камфорный спирт, флаконы 10% , 40 мл",
    "producer": "Тверская фармфабрика, Россия",
    "active_component": "Камфора",
    "qrcode": [
      4603373000453
    ],
    "url": "https://www.eapteka.ru/goods/id86465/"
  },
  {
    "name": "Камфорный спирт, флаконы 2% , 40 мл",
    "producer": "Московская ФФ, Россия",
    "active_component": "Камфора",
    "qrcode": [
      4601429001386,
      4601429004660,
      "-"
    ],
    "url": "https://www.eapteka.ru/goods/id66410/"
  },
  {
    "name": "Эгилок, таблетки 25 мг 60 шт",
    "producer": "ЭГИС, Венгрия",
    "active_component": "Метопролол",
    "qrcode": [
      5995327166193
    ],
    "url": "https://www.eapteka.ru/goods/id106675/"
  },
  {
    "name": "Метопролол, таблетки 100 мг 30 шт",
    "producer": "Озон, Россия",
    "active_component": "Метопролол",
    "qrcode": [
      4607027766252,
      4607027764661
    ],
    "url": "https://www.eapteka.ru/goods/id244971/"
  },
  {
    "name": "Рениприл, таблетки 10 мг 30 шт",
    "producer": "Фармстандарт-Лексредства, Россия",
    "active_component": "Эналаприл",
    "qrcode": [
      4601669013187
    ],
    "url": "https://www.eapteka.ru/goods/id205522/"
  },
  {
    "name": "Глицин, таблетки 100 мг 100 шт",
    "producer": "Биотики, Россия",
    "active_component": "Глицин",
    "qrcode": [
      4601687000114
    ],
    "url": "https://www.eapteka.ru/goods/id44676/"
  }
]