[
  {
    "name": "Гевискон Двойное Действие, суспензия для приема внутрь 10 мл пак 12 шт",
    "producer": "Рекитт Бенкизер Хелскер, Великобритания",
    "active_component": "Натрия алгинат, Натрия гидрокарбонат, Кальция карбонат",
    "qrcode": [
      5000158069695
    ],
    "url": "https://www.eapteka.ru/goods/id223568/"
  },
  {
    "name": "Саб Симплекс, суспензия для приема внутрь     1 шт",
    "producer": "Делфарм Орлеан, Франция",
    "active_component": "Симетикон",
    "qrcode": [
      4603365000218,
      4607131045045,
      "-"
    ],
    "url": "https://www.eapteka.ru/goods/id23603/"
  },
  {
    "name": "Адисорд, капсулы 200 мг 20 шт",
    "producer": "Канонфарма продакшн ЗАО, Россия",
    "active_component": "Нифуроксазид",
    "qrcode": [
      4606486024705,
      4630030920113,
      4606486037385
    ],
    "url": "https://www.eapteka.ru/goods/id271586/"
  },
  {
    "name": "Хофицин Эвалар, таблетки покрыт.плен.об. 200 мг 60 шт",
    "producer": "Эвалар, Россия",
    "active_component": "Артишока посевного листьев экстракт",
    "qrcode": [
      4602242010739
    ],
    "url": "https://www.eapteka.ru/goods/id514819/"
  },
  {
    "name": "Орнидазол, таблетки покрыт.плен.об. 500 мг 10 шт",
    "producer": "Оболенское ФП АО, Россия",
    "active_component": "Орнидазол",
    "qrcode": [
      4605077006946,
      4605077014736
    ],
    "url": "https://www.eapteka.ru/goods/id233754/"
  },
  {
    "name": "Монтавит, гель, 20 г",
    "producer": "Монтавит Фармацойтише Фабрик ГмбХ, Австрия",
    "active_component": "Гидроксиэтилцеллюлоза",
    "qrcode": [
      9001505004020
    ],
    "url": "https://www.eapteka.ru/goods/id205093/"
  },
  {
    "name": "Отинум, капли ушные 10 мл   1 шт",
    "producer": "Меда Фарма ГмбХ и Ко.КГ, Германия",
    "active_component": "Холина салицилат",
    "qrcode": [
      4019338605012
    ],
    "url": "https://www.eapteka.ru/goods/id34766/"
  },
  {
    "name": "Сиалор, таблетки д/приг раствора для местного применения 200 мг 10 мл (1 шт+р-ль )",
    "producer": "Обновление ПФК АО, Россия",
    "active_component": "Серебра протеинат",
    "qrcode": [
      4603988013756,
      "-",
      104603988016,
      4603988016184
    ],
    "url": "https://www.eapteka.ru/goods/id257426/"
  },
  {
    "name": "Дибикор, таблетки   60 шт",
    "producer": "Пик-Фарма, Россия",
    "active_component": "Таурин",
    "qrcode": [
      4630016120049
    ],
    "url": "https://www.eapteka.ru/goods/id207526/"
  },
  {
    "name": "КардиоАктив Таурин, таблетки 500 мг 60 шт",
    "producer": "Эвалар, Россия",
    "active_component": "Таурин",
    "qrcode": [
      4602242000792
    ],
    "url": "https://www.eapteka.ru/goods/id240949/"
  },
  {
    "name": "МетуцинВел р-р для в/вен. и в/мыш. введ. 50 мг/мл ампулы 5 мл, 5 шт.",
    "producer": "Велфарм, Россия",
    "active_component": "Этилметилгидроксипиридина сукцинат",
    "qrcode": [
      4650099781357
    ],
    "url": "https://www.eapteka.ru/goods/id503193/"
  },
  {
    "name": "Протопик, мазь для наружного применения 0,1 % 10 г 1 шт",
    "producer": "ЛЕО Лэбораторис Лимитед, Ирландия",
    "active_component": "Такролимус",
    "qrcode": [
      5702191012668,
      4702191012668,
      4607098450616,
      5702191026085
    ],
    "url": "https://www.eapteka.ru/goods/id212856/"
  },
  {
    "name": "Аквалор Беби средство д/промывания полости носа спрей, 150 мл",
    "producer": "ИС ЛАБ, Франция",
    "active_component": "Вода морская",
    "qrcode": [
      4601026308529,
      4601026308772,
      4601026308413,
      4640018990267,
      "-"
    ],
    "url": "https://www.eapteka.ru/goods/id287490/"
  },
  {
    "name": "Аквалор Софт средство д/орошения и промывания полости носа, 150 мл",
    "producer": "Нижфарм АО, Россия",
    "active_component": "",
    "qrcode": [
      4601026309441,
      4601026308420,
      4601026308789,
      4601026308536
    ],
    "url": "https://www.eapteka.ru/goods/id287491/"
  },
  {
    "name": "Камистад Бэби, гель 10 г",
    "producer": "Штада Арцнаймиттель  АГ, Германия",
    "active_component": "",
    "qrcode": [
      4011548023419
    ],
    "url": "https://www.eapteka.ru/goods/id266730/"
  },
  {
    "name": "Лидамитол, раствор для в/в и в/м введ.100 мг/мл +2,5 мг/мл 1 мл 5 шт",
    "producer": "Гротекс ООО, Россия",
    "active_component": "Толперизон, Лидокаин",
    "qrcode": [
      4670028224304
    ],
    "url": "https://www.eapteka.ru/goods/id334439/"
  },
  {
    "name": "Мелоксикам Штада, таблетки 15 мг 20 шт.",
    "producer": "Хемофарм ООО, Россия",
    "active_component": "Мелоксикам",
    "qrcode": [
      4607143560390
    ],
    "url": "https://www.eapteka.ru/goods/id208218/"
  },
  {
    "name": "Рокситромицин, таблетки покрыт.плен.об. 150 мг 10 шт",
    "producer": "Озон, Россия",
    "active_component": "Рокситромицин",
    "qrcode": [
      4607027764098
    ],
    "url": "https://www.eapteka.ru/goods/id261430/"
  },
  {
    "name": "Экофурил, капсулы 100 мг   30 шт",
    "producer": "Авва Рус, Россия",
    "active_component": "Нифуроксазид",
    "qrcode": [
      4607003668778,
      4680020232535
    ],
    "url": "https://www.eapteka.ru/goods/id236553/"
  },
  {
    "name": "Кларитин, таблетки 10 мг 30 шт",
    "producer": "Байер Биттерфельд ГмбХ, Германия",
    "active_component": "Лоратадин",
    "qrcode": [
      4602210001165,
      4250369508136,
      4250369507214
    ],
    "url": "https://www.eapteka.ru/goods/id20520/"
  }
]