[
  {
    "name": "Экофурил, капсулы 100 мг   30 шт",
    "producer": "Авва Рус, Россия",
    "active_component": "Нифуроксазид",
    "qrcode": [
      4607003668778,
      4680020232535
    ],
    "url": "https://www.eapteka.ru/goods/id236553/"
  },
  {
    "name": "Кларитин, таблетки 10 мг 30 шт",
    "producer": "Байер Биттерфельд ГмбХ, Германия",
    "active_component": "Лоратадин",
    "qrcode": [
      4602210001165,
      4250369508136,
      4250369507214
    ],
    "url": "https://www.eapteka.ru/goods/id20520/"
  },
  {
    "name": "Гелангин нова раствор для местного применения 1%, 200 мл",
    "producer": "Гротекс ООО, Россия",
    "active_component": "Гексэтидин",
    "qrcode": [
      4670028225271
    ],
    "url": "https://www.eapteka.ru/goods/id486382/"
  },
  {
    "name": "ЛинАква беби спрей назальный, 0,9 % 125 мл",
    "producer": "Гротекс ООО, Россия",
    "active_component": "Натрия хлорид",
    "qrcode": [
      4680013243630
    ],
    "url": "https://www.eapteka.ru/goods/id280832/"
  },
  {
    "name": "ЛинАква норм спрей назальный, 0,9 % 125 мл",
    "producer": "Гротекс ООО, Россия",
    "active_component": "Натрия хлорид",
    "qrcode": [
      4680013243685
    ],
    "url": "https://www.eapteka.ru/goods/id280833/"
  },
  {
    "name": "ЛинАква форте спрей назальный, 2,1 % 125 мл",
    "producer": "Гротекс ООО, Россия",
    "active_component": "Натрия хлорид",
    "qrcode": [
      4680013243791
    ],
    "url": "https://www.eapteka.ru/goods/id280837/"
  },
  {
    "name": "Лортенза, таблетки покрыт.плен.об. 5 мг+50 мг 30 шт",
    "producer": "КРКА-РУС, Россия",
    "active_component": "Амлодипин, Лозартан",
    "qrcode": [
      4607055138687
    ],
    "url": "https://www.eapteka.ru/goods/id250574/"
  },
  {
    "name": "Вальсакор, таблетки покрыт.плен.об. 80 мг 30 шт.",
    "producer": "КРКА-РУС, Россия",
    "active_component": "Валсартан",
    "qrcode": [
      4607055138380,
      3838989644550
    ],
    "url": "https://www.eapteka.ru/goods/id237158/"
  },
  {
    "name": "Быструмгель, гель 2.5%, 50 г",
    "producer": "Акрихин ХФК АО, Россия",
    "active_component": "Кетопрофен",
    "qrcode": [
      4601969004502
    ],
    "url": "https://www.eapteka.ru/goods/id209765/"
  },
  {
    "name": "Нимулид, таблетки для рассасывания 100 мг   10 шт",
    "producer": "Панацея Биотек, Индия",
    "active_component": "Нимесулид",
    "qrcode": [
      8901168012015
    ],
    "url": "https://www.eapteka.ru/goods/id205947/"
  },
  {
    "name": "Улькавис, таблетки покрыт.плен.об. 120 мг 56 шт",
    "producer": "КРКА дд Ново место, Словения",
    "active_component": "Висмута трикалия дицитрат",
    "qrcode": [
      3838989656287
    ],
    "url": "https://www.eapteka.ru/goods/id255796/"
  },
  {
    "name": "Эзомепразол, таблетки покрыт.кишечнораств.об. 40 мг   28 шт",
    "producer": "Изварино Фарма, Россия",
    "active_component": "Эзомепразол",
    "qrcode": [
      4660007705634
    ],
    "url": "https://www.eapteka.ru/goods/id494081/"
  },
  {
    "name": "Энтеросан, капсулы 300 мг   20 шт",
    "producer": "Медминипром, Россия",
    "active_component": "Природная лиофилизированная гомогенная масса слизистой оболочки желудка птиц",
    "qrcode": [
      4606159000036
    ],
    "url": "https://www.eapteka.ru/goods/id210072/"
  },
  {
    "name": "РиниКолд ХотКап, порошок д/приг р-ра д/приема внутрь     10 шт",
    "producer": "Шрея Лайф Саенсиз Пвт.Лтд, Индия",
    "active_component": "Кофеин, Парацетамол, Фенилэфрин, Хлорфенамин",
    "qrcode": [
      8906000574775
    ],
    "url": "https://www.eapteka.ru/goods/id513072/"
  },
  {
    "name": "Трихопол, таблетки вагинальные 500 мг   10 шт",
    "producer": "Польфарма АО, Польша",
    "active_component": "Метронидазол",
    "qrcode": [
      5903060006119
    ],
    "url": "https://www.eapteka.ru/goods/id206578/"
  },
  {
    "name": "Вид-Комод, раствор офтальмологический, 10 мл",
    "producer": "Урсафарм Арцнаймиттель, Германия",
    "active_component": "Повидон",
    "qrcode": [
      4031626710642
    ],
    "url": "https://www.eapteka.ru/goods/id211033/"
  },
  {
    "name": "Браунодин Б.Браун, мазь для наружного применения 10 % 20 г 1 шт",
    "producer": "Б.Браун Мельзунген АГ, Швейцария",
    "active_component": "Повидон-Йод",
    "qrcode": [
      7612449134401
    ],
    "url": "https://www.eapteka.ru/goods/id227327/"
  },
  {
    "name": "Глюкованс, таблетки покрыт.плен.об. 2,5 мг+500 мг 30 шт",
    "producer": "Мерк Сантэ С.а.С., Франция",
    "active_component": "Глибенкламид, Метформин",
    "qrcode": [
      3596540060118
    ],
    "url": "https://www.eapteka.ru/goods/id208479/"
  },
  {
    "name": "Кветиапин, таблетки покрыт.плен.об. 25 мг 60 шт",
    "producer": "Северная Звезда, Россия",
    "active_component": "Кветиапин",
    "qrcode": [
      4690655015762,
      4660007849079
    ],
    "url": "https://www.eapteka.ru/goods/id237717/"
  },
  {
    "name": "Ново-Пассит, таблетки покрыт.плен.об.   10 шт",
    "producer": "Тева Чешские Предприятия с.р.о., Чешская Республика",
    "active_component": "Боярышник цветки и листья, Боярышник плоды, Гвайфенезин, Зверобоя трава, Хмель, Мелисса, Пассифлора,",
    "qrcode": [
      8594737211317,
      8594737233715,
      8594737253119
    ],
    "url": "https://www.eapteka.ru/goods/id203691/"
  }
]