[
  {
    "name": "Биолигин капсулы 0,5 г, 24 шт.",
    "producer": "ВИС ООО, Россия",
    "active_component": "",
    "qrcode": [
      4607039971040
    ],
    "url": "https://www.eapteka.ru/goods/id510378/"
  },
  {
    "name": "ОКИ АКТ гранулы 40 мг, гранулы д/приг р-ра д/приема внутрь 40 мг пак 700 мг 10 шт",
    "producer": "Домпе Фармачеутичи С.п.А., Италия",
    "active_component": "Кетопрофен",
    "qrcode": [
      8024825001082
    ],
    "url": "https://www.eapteka.ru/goods/id513421/"
  },
  {
    "name": "Артрозан р-р для в/мыш. введ. 6 мг/мл 2,5 мл ампулы, 3 шт.",
    "producer": "Фармстандарт-УфаВИТА, Россия",
    "active_component": "Мелоксикам",
    "qrcode": [
      4601808008876
    ],
    "url": "https://www.eapteka.ru/goods/id215489/"
  },
  {
    "name": "Налгезин, таблетки 275 мг 20 шт",
    "producer": "КРКА дд Ново место, Словения",
    "active_component": "Напроксен",
    "qrcode": [
      3838989572389,
      3838989736736
    ],
    "url": "https://www.eapteka.ru/goods/id217969/"
  },
  {
    "name": "Супрастинекс, таблетки покрыт.плен.об. 5 мг 7 шт",
    "producer": "ЭГИС, Венгрия",
    "active_component": "Левоцетиризин",
    "qrcode": [
      5995327130064
    ],
    "url": "https://www.eapteka.ru/goods/id212728/"
  },
  {
    "name": "Компливит Кальций Д3 апельсин, таблетки жевательные   60 шт",
    "producer": "Фармстандарт-УфаВИТА, Россия",
    "active_component": "Кальция карбонат, Колекальциферол",
    "qrcode": [
      4601808005783
    ],
    "url": "https://www.eapteka.ru/goods/id338072/"
  },
  {
    "name": "Нейрокс, таблетки покрыт.плен.об. 125 мг 50 шт",
    "producer": "Рафарма АО, Россия",
    "active_component": "Этилметилгидроксипиридина сукцинат",
    "qrcode": [
      4605964007292
    ],
    "url": "https://www.eapteka.ru/goods/id512584/"
  },
  {
    "name": "Resource 2.0 + Fibre (Ресурс 2.0 Файбер) высококалорийная смесь с пищевыми волокнами с 3 лет лесные ягоды, 200 мл",
    "producer": "Нестле, Россия",
    "active_component": "",
    "qrcode": [
      7613033491306,
      7613032771140,
      "-"
    ],
    "url": "https://www.eapteka.ru/goods/id219412/"
  },
  {
    "name": "Максиколд Лор, спрей для местного применения 0,2 % 40 мл 1 шт",
    "producer": "Фармстандарт-Лексредства, Россия",
    "active_component": "Гексэтидин",
    "qrcode": [
      4601669007681
    ],
    "url": "https://www.eapteka.ru/goods/id227491/"
  },
  {
    "name": "Фотил, капли глазные 20 мг+5 мг/мл  5 мл 1 шт",
    "producer": "НекстФарма, Финляндия",
    "active_component": "Пилокарпин, Тимолол",
    "qrcode": [
      6419716933320,
      498708311696,
      4987084311696
    ],
    "url": "https://www.eapteka.ru/goods/id102392/"
  },
  {
    "name": "Пентоксифиллин СР Санофи, таблетки пролонгированного действия 400 мг   20 шт",
    "producer": "Зентива к.с, Чешская Республика",
    "active_component": "Пентоксифиллин",
    "qrcode": [
      3582910095767,
      8584005716941
    ],
    "url": "https://www.eapteka.ru/goods/id345611/"
  },
  {
    "name": "Венлафаксин-АЛСИ таблетки 37,5 мг, 30 шт.",
    "producer": "Алси Фарма, Россия",
    "active_component": "Венлафаксин",
    "qrcode": [
      4607011634413
    ],
    "url": "https://www.eapteka.ru/goods/id329910/"
  },
  {
    "name": "Орвис Флю, порошок д/приг р-ра д/приема внутрь 10 шт",
    "producer": "Эвалар, Россия",
    "active_component": "Парацетамол, Фенирамин, Аскорбиновая кислота",
    "qrcode": [
      460224003991,
      4602242003991,
      4602242010692
    ],
    "url": "https://www.eapteka.ru/goods/id295362/"
  },
  {
    "name": "Нимулид, гель 1% , 30 г",
    "producer": "Панацея Биотек, Индия",
    "active_component": "Нимесулид",
    "qrcode": [
      8901168605071,
      "-",
      8901168605078
    ],
    "url": "https://www.eapteka.ru/goods/id203148/"
  },
  {
    "name": "Мелоксикам буфус раствор для в/м введ.10 мг/мл 1,5 мл амп, 3 шт.",
    "producer": "Обновление ПФК АО, Россия",
    "active_component": "Мелоксикам",
    "qrcode": [
      4603988016351
    ],
    "url": "https://www.eapteka.ru/goods/id306302/"
  },
  {
    "name": "Джосет, сироп 200 мл",
    "producer": "Юник Фармасьютикал Лабораториз, Индия",
    "active_component": "",
    "qrcode": [
      8901086100115
    ],
    "url": "https://www.eapteka.ru/goods/id239783/"
  },
  {
    "name": "Гексализ, таблетки   30 шт",
    "producer": "Лаборатории Бушара-Рекордати, Франция",
    "active_component": "Биклотимол, Эноксолон, Лизонцим",
    "qrcode": [
      3592751325299,
      5391519923597
    ],
    "url": "https://www.eapteka.ru/goods/id102782/"
  },
  {
    "name": "ЛинАква норм спрей назальный, 0,9 % 50 мл",
    "producer": "Гротекс ООО, Россия",
    "active_component": "Натрия хлорид",
    "qrcode": [
      4680013243654
    ],
    "url": "https://www.eapteka.ru/goods/id297660/"
  },
  {
    "name": "ВизОптик глазные капли 0,05%, 15 мл",
    "producer": "К.О.Ромфарм Компани С.Р.Л., Румыния",
    "active_component": "Тетризолин",
    "qrcode": [
      5944728000391
    ],
    "url": "https://www.eapteka.ru/goods/id211710/"
  },
  {
    "name": "Протафан HM суспензия для п/к введ.100 МЕ/мл флаконы, 10 мл",
    "producer": "Ново Нордиск А/С, Дания",
    "active_component": "",
    "qrcode": [
      4602206000127,
      5712249112325
    ],
    "url": "https://www.eapteka.ru/goods/id26863/"
  }
]