[
  {
    "name": "Моксонидин-СЗ, таблетки покрыт.плен.об. 0,2 мг 90 шт",
    "producer": "Северная Звезда, Россия",
    "active_component": "Моксонидин",
    "qrcode": [
      4690655014581,
      "-",
      4690655021282
    ],
    "url": "https://www.eapteka.ru/goods/id327652/"
  },
  {
    "name": "Кардиолип таблетки покрыт.плен.об. 5 мг, 30 шт.",
    "producer": "Алси Фарма, Россия",
    "active_component": "Розувастатин",
    "qrcode": "",
    "url": "https://www.eapteka.ru/goods/id312364/"
  },
  {
    "name": "Периндоприл ПЛЮС, таблетки 1,25 мг+4 мг  30 шт",
    "producer": "Северная Звезда, Россия",
    "active_component": "Индапамид, Периндоприл",
    "qrcode": [
      4690655020049
    ],
    "url": "https://www.eapteka.ru/goods/id355192/"
  },
  {
    "name": "Нурофен Экспресс, капсулы 200 мг 24 шт",
    "producer": "Рекитт Бенкизер Хелскер, Великобритания",
    "active_component": "Ибупрофен",
    "qrcode": [
      5000158107168
    ],
    "url": "https://www.eapteka.ru/goods/id326704/"
  },
  {
    "name": "Вольтарен суппозитории ректальные 50 мг, 10 шт.",
    "producer": "Дельфарм Юнинг С.А.С, Франция",
    "active_component": "Диклофенак",
    "qrcode": [
      7680392549054
    ],
    "url": "https://www.eapteka.ru/goods/id104687/"
  },
  {
    "name": "Диклоран Плюс гель для наружного применения, 30 г",
    "producer": "Юник Фармасьютикал Лабораториз, Индия",
    "active_component": "",
    "qrcode": [
      8901086040770
    ],
    "url": "https://www.eapteka.ru/goods/id229095/"
  },
  {
    "name": "Гризеофульвин, таблетки 125 мг, 20 шт.",
    "producer": "Биосинтез, Россия",
    "active_component": "Гризеофульвин",
    "qrcode": [
      4602884000204
    ],
    "url": "https://www.eapteka.ru/goods/id43528/"
  },
  {
    "name": "Хилак форте, капли для приема внутрь 30 мл 1 шт",
    "producer": "Меркле ГмбХ, Германия",
    "active_component": "",
    "qrcode": [
      4030096119658,
      4030096123754
    ],
    "url": "https://www.eapteka.ru/goods/id300021/"
  },
  {
    "name": "Ринзасип для детей Малина, порошок д/приг р-ра д/приема внутрь     10 шт",
    "producer": "Юник Фармасьютикал Лабораториз, Индия",
    "active_component": "Парацетамол, Фенирамин, Аскорбиновая кислота",
    "qrcode": [
      8901086183224
    ],
    "url": "https://www.eapteka.ru/goods/id234899/"
  },
  {
    "name": "Эзлор Солюшн Таблетс, таблетки диспергируемые 5 мг 10 шт",
    "producer": "Озон, Россия",
    "active_component": "Дезлоратадин",
    "qrcode": [
      4607027769482
    ],
    "url": "https://www.eapteka.ru/goods/id352743/"
  },
  {
    "name": "Дицинон таблетки 250 мг, 100 шт.",
    "producer": "Лек д.д., Словения",
    "active_component": "Этамзилат",
    "qrcode": [
      3838957090570
    ],
    "url": "https://www.eapteka.ru/goods/id99032/"
  },
  {
    "name": "Оквис раствор-протектор тканей глаза стерильный, 0,3 % 5 г",
    "producer": "Дубна-Биофарм ООО, Россия",
    "active_component": "",
    "qrcode": [
      4607158590061
    ],
    "url": "https://www.eapteka.ru/goods/id495157/"
  },
  {
    "name": "Пантопразол Канон, таблетки кишечнораствор.покрыт.плен.об. 40 мг   28 шт",
    "producer": "Канонфарма продакшн ЗАО, Россия",
    "active_component": "Пантопразол",
    "qrcode": [
      4606486023616
    ],
    "url": "https://www.eapteka.ru/goods/id251865/"
  },
  {
    "name": "Симеотик, капсулы 40 мг   25 шт",
    "producer": "Авва Рус, Россия",
    "active_component": "Симетикон",
    "qrcode": [
      4680020232900
    ],
    "url": "https://www.eapteka.ru/goods/id506531/"
  },
  {
    "name": "Синекод, капли для приема внутрь     1 шт",
    "producer": "ГСК Консьюмер Хелскер С.А., Швейцария",
    "active_component": "Бутамират",
    "qrcode": [
      4607045192279
    ],
    "url": "https://www.eapteka.ru/goods/id104820/"
  },
  {
    "name": "Клопидогрел таблетки покрыт.плен.об. 75 мг, 28 шт.",
    "producer": "Биоком ЗАО, Россия",
    "active_component": "Клопидогрел",
    "qrcode": [
      4605949001529
    ],
    "url": "https://www.eapteka.ru/goods/id231012/"
  },
  {
    "name": "Желчь медицинская консервированная, эмульсия для наружного применения 250 мл 1 шт",
    "producer": "Самсон-Мед ООО, Россия",
    "active_component": "Желчь",
    "qrcode": [
      4602072001099
    ],
    "url": "https://www.eapteka.ru/goods/id124537/"
  },
  {
    "name": "Гельземиум С30 гранулы гомеопатические, 4 г",
    "producer": "Лаборатория Буарон, Франция",
    "active_component": "",
    "qrcode": [
      3352719009414
    ],
    "url": "https://www.eapteka.ru/goods/id504954/"
  },
  {
    "name": "Аконитум напеллус С30, гранулы гомеопатические 4 г",
    "producer": "Лаборатория Буарон, Франция",
    "active_component": "",
    "qrcode": [
      3352719011028
    ],
    "url": "https://www.eapteka.ru/goods/id504942/"
  },
  {
    "name": "Рус токсикодендрон C30, гранулы 4 г",
    "producer": "Лаборатория Буарон, Франция",
    "active_component": "",
    "qrcode": [
      3352719010199
    ],
    "url": "https://www.eapteka.ru/goods/id504979/"
  }
]