[
  {
    "name": "Меркуриус солюбилис C30, гранулы гомеопатические 4 г",
    "producer": "Лаборатория Буарон, Франция",
    "active_component": "",
    "qrcode": [
      3352719010274
    ],
    "url": "https://www.eapteka.ru/goods/id504973/"
  },
  {
    "name": "Игнатиа амара С30, гранулы гомеопатические 4 г",
    "producer": "Лаборатория Буарон, Франция",
    "active_component": "",
    "qrcode": [
      3352719012964
    ],
    "url": "https://www.eapteka.ru/goods/id504960/"
  },
  {
    "name": "Тромбитал Форте, таблетки покрыт.плен.об. 150 мг+30,39 мг  100 шт",
    "producer": "Фармстандарт-Лексредства, Россия",
    "active_component": "Ацетилсалициловая кислота, Магния гидроксид",
    "qrcode": [
      4601669012289
    ],
    "url": "https://www.eapteka.ru/goods/id286961/"
  },
  {
    "name": "Периндоприл, таблетки покрыт.плен.об. 8 мг 30 шт",
    "producer": "Изварино Фарма, Россия",
    "active_component": "Периндоприл",
    "qrcode": [
      4660007701957
    ],
    "url": "https://www.eapteka.ru/goods/id266673/"
  },
  {
    "name": "Випросал В, мазь для наружного применения 30 г 1 шт",
    "producer": "Гриндекс АО, Латвия",
    "active_component": "Камфора, Салициловая кислота, Скипидар живичный, Яд гадюки",
    "qrcode": [
      4750232007846,
      4750232012314
    ],
    "url": "https://www.eapteka.ru/goods/id211435/"
  },
  {
    "name": "Экофурил, капсулы 200 мг   16 шт",
    "producer": "Авва Рус, Россия",
    "active_component": "Нифуроксазид",
    "qrcode": [
      4607003669652,
      4680020232368,
      4680020232511
    ],
    "url": "https://www.eapteka.ru/goods/id273924/"
  },
  {
    "name": "Эргоферон, таблетки для рассасывания   20 шт",
    "producer": "Материа Медика Холдинг, Россия",
    "active_component": "Антитела",
    "qrcode": [
      4607009582078
    ],
    "url": "https://www.eapteka.ru/goods/id216221/"
  },
  {
    "name": "ЛинАква форте спрей назальный, 2,1 % 50 мл",
    "producer": "Гротекс ООО, Россия",
    "active_component": "Натрия хлорид",
    "qrcode": [
      4680013243760
    ],
    "url": "https://www.eapteka.ru/goods/id280836/"
  },
  {
    "name": "Октилия, глазные капли, 8 мл",
    "producer": "С.И.Ф.И. С.п.А., Италия",
    "active_component": "Тетризолин",
    "qrcode": [
      "A024507016",
      "0RCWN8",
      8027864060188
    ],
    "url": "https://www.eapteka.ru/goods/id125282/"
  },
  {
    "name": "Слезин, капли глазные     1 шт",
    "producer": "К.О.Ромфарм Компани С.Р.Л., Румыния",
    "active_component": "Гипромеллоза, Декстран",
    "qrcode": [
      5944728001329
    ],
    "url": "https://www.eapteka.ru/goods/id235443/"
  },
  {
    "name": "Д-Пантенол плюс, крем для наружного применения 5%+0.776% 30 г 1 шт",
    "producer": "Озон, Россия",
    "active_component": "Декспантенол, Хлоргексидин",
    "qrcode": [
      4680020181642
    ],
    "url": "https://www.eapteka.ru/goods/id484019/"
  },
  {
    "name": "Грипмакс Нос детский жевательные таблетки 3+, 30 шт.",
    "producer": "Грокам ГБЛ сп.з.о.о., Польша",
    "active_component": "",
    "qrcode": [
      5391534240730
    ],
    "url": "https://www.eapteka.ru/goods/id513695/"
  },
  {
    "name": "Изоптин СР 240 таблетки с модифиц высвобож покрыт.плен.об., 30 шт",
    "producer": "Фамар А.В.Е., Греция",
    "active_component": "Верапамил",
    "qrcode": [
      8002660029881,
      4032046650068
    ],
    "url": "https://www.eapteka.ru/goods/id24139/"
  },
  {
    "name": "Спазмалгон Эффект, таблетки покрыт.плен.об.   30 шт",
    "producer": "Балканфарма - Дупница АД, Болгария",
    "active_component": "Парацетамол, Напроксен, Кофеин, Дротаверин, Фенирамин",
    "qrcode": [
      3850114240246
    ],
    "url": "https://www.eapteka.ru/goods/id361606/"
  },
  {
    "name": "Цифран СТ, таблетки 500 мг+600 мг  10 шт",
    "producer": "Сан Фармасьютикал Индастриз Лтд, Индия",
    "active_component": "Тинидазол, Ципрофлоксацин",
    "qrcode": [
      4601764007265,
      114601764007,
      4601764007262
    ],
    "url": "https://www.eapteka.ru/goods/id207761/"
  },
  {
    "name": "Эманера, капсулы 40 мг   28 шт",
    "producer": "КРКА дд Ново место, Словения",
    "active_component": "Эзомепразол",
    "qrcode": [
      3838989625634
    ],
    "url": "https://www.eapteka.ru/goods/id219886/"
  },
  {
    "name": "Нутрикомп Дринк Плюс Файбер с персиково-абрикосовым вкусом пластиковая бутылка, 200 мл",
    "producer": "Б.Браун Мельзунген АГ, Швейцария",
    "active_component": "",
    "qrcode": [
      4030539186889
    ],
    "url": "https://www.eapteka.ru/goods/id316678/"
  },
  {
    "name": "Полидекса, капли ушные 10,5 мл 1 шт",
    "producer": "Патеон Инк, Канада",
    "active_component": "Дексаметазон, Неомицин, Полимиксин B",
    "qrcode": [
      3592751533427,
      5391519923634
    ],
    "url": "https://www.eapteka.ru/goods/id119124/"
  },
  {
    "name": "Тамсулозин-Вертекс, таблетки с пролонг.высвобож покрыт.плен.об 0,4 мг 30 шт",
    "producer": "Вертекс, Россия",
    "active_component": "Тамсулозин",
    "qrcode": [
      4670033321630
    ],
    "url": "https://www.eapteka.ru/goods/id513321/"
  },
  {
    "name": "Мерифатин МВ, таблетки с модифиц высвобождением 1000 мг 60 шт",
    "producer": "Фармасинтез-Тюмень, Россия",
    "active_component": "Метформин",
    "qrcode": [
      4620017863434,
      4620017863427
    ],
    "url": "https://www.eapteka.ru/goods/id338592/"
  }
]