[
  {
    "name": "Антистен МВ таблетки с пролонг высвобож покрыт.плен.об.35 мг, 60 шт.",
    "producer": "Озон, Россия",
    "active_component": "Триметазидин",
    "qrcode": [
      4607027768478,
      4607027764319,
      4680020183585
    ],
    "url": "https://www.eapteka.ru/goods/id223550/"
  },
  {
    "name": "Фервекс для детей, порошок д/приг р-ра д/приема внутрь     8 шт",
    "producer": "УПСА САС, Франция",
    "active_component": "Парацетамол, Фенирамин, Аскорбиновая кислота",
    "qrcode": [
      4602505008930,
      3585552963036
    ],
    "url": "https://www.eapteka.ru/goods/id102984/"
  },
  {
    "name": "Панавир инлайт спрей для полости рта с эвкалиптом, 40 мл",
    "producer": "Альтфарм, Россия",
    "active_component": "",
    "qrcode": [
      4605370009712,
      4605370001779
    ],
    "url": "https://www.eapteka.ru/goods/id235322/"
  },
  {
    "name": "Порталак, сироп 500 мл   1 шт",
    "producer": "Белупо,лекарства и косметика д.д, Хорватия",
    "active_component": "Лактулоза",
    "qrcode": [
      3850343042482
    ],
    "url": "https://www.eapteka.ru/goods/id125404/"
  },
  {
    "name": "Граммидин, спрей для местного применения 0,06мг+0,1мг/доза 112 доз 1 шт",
    "producer": "Фамар Нидерланды Б.В., Нидерланды",
    "active_component": "",
    "qrcode": [
      4602193012462
    ],
    "url": "https://www.eapteka.ru/goods/id290106/"
  },
  {
    "name": "Дермазин, крем для наружного применения 1 % 50 г",
    "producer": "Салютас Фарма ГмбХ, Германия",
    "active_component": "Сульфадиазин",
    "qrcode": [
      4030855444748
    ],
    "url": "https://www.eapteka.ru/goods/id99017/"
  },
  {
    "name": "Полисорб МП, порошок д/приг суспензии для приема внутрь 50 г 1 шт",
    "producer": "Полисорб МП, Россия",
    "active_component": "Кремния диоксид коллоидный",
    "qrcode": [
      4606257000235
    ],
    "url": "https://www.eapteka.ru/goods/id101416/"
  },
  {
    "name": "Ангиозил ретард, таблетки пролонг действия 35 мг 60 шт",
    "producer": "Реплек Фарм, Республика Северная Македония",
    "active_component": "Триметазидин",
    "qrcode": [
      4605964003607
    ],
    "url": "https://www.eapteka.ru/goods/id211436/"
  },
  {
    "name": "Амелотекс р-р для в/м введ. 10 мг/мл 1,5 мл ампулы, 3 шт.",
    "producer": "ФармФирма Сотекс, Россия",
    "active_component": "Мелоксикам",
    "qrcode": [
      4605964002754
    ],
    "url": "https://www.eapteka.ru/goods/id210068/"
  },
  {
    "name": "Артрозан таблетки 15 мг, 20 шт.",
    "producer": "Фармстандарт-Лексредства, Россия",
    "active_component": "Мелоксикам",
    "qrcode": [
      4601669003539
    ],
    "url": "https://www.eapteka.ru/goods/id210321/"
  },
  {
    "name": "Цитовир-3, порошок д/приг р-ра д/приема внутрь 20 г 1 шт",
    "producer": "Цитомед МБНПК, Россия",
    "active_component": "",
    "qrcode": [
      4606603000292
    ],
    "url": "https://www.eapteka.ru/goods/id231245/"
  },
  {
    "name": "Рабепразол-СЗ, капсулы кишечнорастворимые 20 мг   30 шт",
    "producer": "Северная Звезда, Россия",
    "active_component": "Рабепразол",
    "qrcode": [
      4690655015533
    ],
    "url": "https://www.eapteka.ru/goods/id355912/"
  },
  {
    "name": "Кандибиотик, капли ушные 5 мл",
    "producer": "Гленмарк Фармасьютикалз Лтд, Индия",
    "active_component": "",
    "qrcode": [
      8904091112401,
      8901091000769
    ],
    "url": "https://www.eapteka.ru/goods/id206768/"
  },
  {
    "name": "Банеоцин, порошок для наружного применения 250 ме/г+5000 ме/г 10 г",
    "producer": "Монтавит Фармацойтише Фабрик ГмбХ, Австрия",
    "active_component": "Бацитрацин, Неомицин",
    "qrcode": [
      9002260021444,
      7613421039219
    ],
    "url": "https://www.eapteka.ru/goods/id17653/"
  },
  {
    "name": "Три-регол, таблетки   21 шт",
    "producer": "Гедеон Рихтер, Венгрия",
    "active_component": "",
    "qrcode": [
      5997001358863,
      5997001326862
    ],
    "url": "https://www.eapteka.ru/goods/id207518/"
  },
  {
    "name": "Умифеновир, капсулы     20 шт",
    "producer": "Озон, Россия",
    "active_component": "Умифеновир",
    "qrcode": [
      4680020183448
    ],
    "url": "https://www.eapteka.ru/goods/id484703/"
  },
  {
    "name": "Дыши напиток прополис саше 10 шт., упак.",
    "producer": "ВТФ ООО, Россия",
    "active_component": "",
    "qrcode": [
      4601164001962,
      4601164003485
    ],
    "url": "https://www.eapteka.ru/goods/id250500/"
  },
  {
    "name": "Димексид, флаконы , 100 мл",
    "producer": "Татхимфармпрепараты, Россия",
    "active_component": "Диметилсульфоксид",
    "qrcode": [
      4604060002033,
      4604060172019,
      4604060999135
    ],
    "url": "https://www.eapteka.ru/goods/id86069/"
  },
  {
    "name": "МестаМидин-сенс Personal р-р для наружного применения антисептик флакон-спрей с канюлей, 150 мл",
    "producer": "Гротекс ООО, Россия",
    "active_component": "",
    "qrcode": [
      4680013247683
    ],
    "url": "https://www.eapteka.ru/goods/id287685/"
  },
  {
    "name": "Фозиноприл, таблетки 10 мг 30 шт",
    "producer": "Изварино Фарма, Россия",
    "active_component": "Фозиноприл",
    "qrcode": [
      4660007701391
    ],
    "url": "https://www.eapteka.ru/goods/id266687/"
  }
]