[
  {
    "name": "Bio8 Джойсэнс (Joysence) Растительный антидепрессант капсулы, 10 шт.",
    "producer": "В-МИН+, Россия",
    "active_component": "",
    "qrcode": [
      4660048200198
    ],
    "url": "https://www.eapteka.ru/goods/id493399/"
  },
  {
    "name": "Толперизон-OBL, таблетки покрыт.плен.об. 150 мг 30 шт",
    "producer": "Оболенское ФП АО, Россия",
    "active_component": "Толперизон",
    "qrcode": [
      4605077005598,
      4605077015740
    ],
    "url": "https://www.eapteka.ru/goods/id218871/"
  },
  {
    "name": "Велдексал, таблетки покрыт.плен.об. 25 мг 10 шт",
    "producer": "Велфарм, Россия",
    "active_component": "Декскетопрофен",
    "qrcode": [
      4630085993681
    ],
    "url": "https://www.eapteka.ru/goods/id501675/"
  },
  {
    "name": "Левофлоксацин таблетки покрыт.плен.об. 500 мг, 10 шт.",
    "producer": "Фармстандарт-Лексредства, Россия",
    "active_component": "Левофлоксацин",
    "qrcode": [
      4602196003689,
      4601669011626
    ],
    "url": "https://www.eapteka.ru/goods/id287106/"
  },
  {
    "name": "Доктор Мом сироп, 150 мл",
    "producer": "Юник Фармасьютикал Лабораториз, Индия",
    "active_component": "Препарат растительного происхождения",
    "qrcode": [
      3574661424057
    ],
    "url": "https://www.eapteka.ru/goods/id300796/"
  },
  {
    "name": "Розувастатин-СЗ, таблетки покрыт.плен.об. 20 мг 30 шт",
    "producer": "Северная Звезда, Россия",
    "active_component": "Розувастатин",
    "qrcode": [
      4690655008184
    ],
    "url": "https://www.eapteka.ru/goods/id248008/"
  },
  {
    "name": "Мирамед Эвалар, раствор для местного и наружного применения 0,01 % без насадки-распылителя 150 мл",
    "producer": "Эвалар, Россия",
    "active_component": "Бензилдиметил-миристоиламино-пропиламмоний",
    "qrcode": [
      4602242010708
    ],
    "url": "https://www.eapteka.ru/goods/id514818/"
  },
  {
    "name": "Гипосарт, таблетки 8 мг 28 шт.",
    "producer": "Польфарма АО, Польша",
    "active_component": "Кандесартан",
    "qrcode": [
      5903060607088
    ],
    "url": "https://www.eapteka.ru/goods/id294328/"
  },
  {
    "name": "Мелоксикам-Тева, таблетки 15 мг 20 шт.",
    "producer": "Тева Фармасьютикал Воркс Прайвэт Лимитед Компани, Венгрия",
    "active_component": "Мелоксикам",
    "qrcode": [
      5995377789113
    ],
    "url": "https://www.eapteka.ru/goods/id227285/"
  },
  {
    "name": "Экспортал для детей, порошок д/приг р-ра д/приема внутрь   5 г 6 шт",
    "producer": "ФармВилар НПО, Россия",
    "active_component": "Лактитол",
    "qrcode": [
      4607013860452,
      4610017501566
    ],
    "url": "https://www.eapteka.ru/goods/id227468/"
  },
  {
    "name": "Бронхобос, капсулы 375 мг 30 шт",
    "producer": "Босналек, Босния и Герцеговина",
    "active_component": "Карбоцистеин",
    "qrcode": [
      3870010000652
    ],
    "url": "https://www.eapteka.ru/goods/id225636/"
  },
  {
    "name": "Тулип, таблетки покрыт.плен.об. 20 мг 30 шт",
    "producer": "Лек д.д., Словения",
    "active_component": "Аторвастатин",
    "qrcode": [
      3838957871629
    ],
    "url": "https://www.eapteka.ru/goods/id207699/"
  },
  {
    "name": "Ригевидон, таблетки   21 шт",
    "producer": "Гедеон Рихтер, Венгрия",
    "active_component": "Этинилэстрадиол, Левоноргестрел",
    "qrcode": [
      5997001358825
    ],
    "url": "https://www.eapteka.ru/goods/id207514/"
  },
  {
    "name": "Фитокомплекс для почек паста для приема внутрь, 100 мл",
    "producer": "Мирролла Лаб, Россия",
    "active_component": "",
    "qrcode": [
      4630061871200,
      4606455689379
    ],
    "url": "https://www.eapteka.ru/goods/id506021/"
  },
  {
    "name": "Телпрес, таблетки 20 мг 28 шт",
    "producer": "Лабораториос Ликонса С.А., Испания",
    "active_component": "Телмисартан",
    "qrcode": [
      4650069651499,
      4650069650607
    ],
    "url": "https://www.eapteka.ru/goods/id312487/"
  },
  {
    "name": "Афобазол, таблетки 10 мг 60 шт",
    "producer": "Фармстандарт-Лексредства, Россия",
    "active_component": "Фабомотизол",
    "qrcode": [
      4601669011206,
      4601669005762
    ],
    "url": "https://www.eapteka.ru/goods/id211264/"
  },
  {
    "name": "Фламадекс, таблетки   10 шт",
    "producer": "Рафарма АО, Россия",
    "active_component": "Декскетопрофен",
    "qrcode": [
      4605964005366,
      "-",
      4660007814558
    ],
    "url": "https://www.eapteka.ru/goods/id294689/"
  },
  {
    "name": "Левофлоксацин таблетки покрыт.плен.об. 500 мг, 10 шт.",
    "producer": "Озон, Россия",
    "active_component": "Левофлоксацин",
    "qrcode": [
      4607027766030
    ],
    "url": "https://www.eapteka.ru/goods/id228135/"
  },
  {
    "name": "Беклометазон-Аэронатив, аэрозоль для ингаляций 250 мкг/доза, 200 доз",
    "producer": "Натива, Россия",
    "active_component": "Беклометазон",
    "qrcode": [
      4630008130483,
      4601669008374
    ],
    "url": "https://www.eapteka.ru/goods/id254988/"
  },
  {
    "name": "Геделикс, капли для приема внутрь 50 мл",
    "producer": "Кревель Мойзельбах ГмбХ, Германия",
    "active_component": "",
    "qrcode": [
      4030031893308
    ],
    "url": "https://www.eapteka.ru/goods/id24341/"
  }
]