[
  {
    "name": "Фламадекс, таблетки   10 шт",
    "producer": "Рафарма АО, Россия",
    "active_component": "Декскетопрофен",
    "qrcode": [
      4605964005366,
      "-",
      4660007814558
    ],
    "url": "https://www.eapteka.ru/goods/id294689/"
  },
  {
    "name": "Левофлоксацин таблетки покрыт.плен.об. 500 мг, 10 шт.",
    "producer": "Озон, Россия",
    "active_component": "Левофлоксацин",
    "qrcode": [
      4607027766030
    ],
    "url": "https://www.eapteka.ru/goods/id228135/"
  },
  {
    "name": "Беклометазон-Аэронатив, аэрозоль для ингаляций 250 мкг/доза, 200 доз",
    "producer": "Натива, Россия",
    "active_component": "Беклометазон",
    "qrcode": [
      4630008130483,
      4601669008374
    ],
    "url": "https://www.eapteka.ru/goods/id254988/"
  },
  {
    "name": "Геделикс, капли для приема внутрь 50 мл",
    "producer": "Кревель Мойзельбах ГмбХ, Германия",
    "active_component": "",
    "qrcode": [
      4030031893308
    ],
    "url": "https://www.eapteka.ru/goods/id24341/"
  },
  {
    "name": "Аторис, таблетки покрыт.плен.об. 20 мг 30",
    "producer": "КРКА дд Ново место, Словения",
    "active_component": "Аторвастатин",
    "qrcode": [
      3838989596477,
      4607055130636
    ],
    "url": "https://www.eapteka.ru/goods/id206711/"
  },
  {
    "name": "Стоматидин, раствор для местного применения     1 шт",
    "producer": "Босналек, Босния и Герцеговина",
    "active_component": "Гексэтидин",
    "qrcode": [
      3870010002205
    ],
    "url": "https://www.eapteka.ru/goods/id212757/"
  },
  {
    "name": "Визин Классический, капли глазные 0,05 % 15 мл 1 шт",
    "producer": "Янссен Фармацевтика Н.В, Бельгия",
    "active_component": "Тетризолин",
    "qrcode": [
      3574660619126
    ],
    "url": "https://www.eapteka.ru/goods/id124259/"
  },
  {
    "name": "Простанорм, экстракт для приема внутрь   100 мл 1 шт",
    "producer": "ФармВилар НПО, Россия",
    "active_component": "",
    "qrcode": [
      4607013860186,
      4605260001871
    ],
    "url": "https://www.eapteka.ru/goods/id207264/"
  },
  {
    "name": "Флуцинар, гель для наружного применения 0,025 %   1 шт",
    "producer": "Ельфа Фармзавод, Польша",
    "active_component": "Флуоцинолона ацетонид",
    "qrcode": [
      5904398458021
    ],
    "url": "https://www.eapteka.ru/goods/id34654/"
  },
  {
    "name": "Зеркалин, раствор для наружного применения 10 мг/мл 30 мл 1 шт",
    "producer": "ЯДРАН-ГАЛЕНСКИ ЛАБОРАТОРИЙ а.о., Хорватия",
    "active_component": "Клиндамицин",
    "qrcode": [
      3856013204853
    ],
    "url": "https://www.eapteka.ru/goods/id219686/"
  },
  {
    "name": "Атероклефит, капли, 100 мл",
    "producer": "Эвалар, Россия",
    "active_component": "Клевера травы экстракт",
    "qrcode": [
      4602242003250
    ],
    "url": "https://www.eapteka.ru/goods/id225821/"
  },
  {
    "name": "Консилар-Д24 капсулы 0.625 мг+2.5 мг, 30 шт",
    "producer": "Вертекс, Россия",
    "active_component": "Индапамид, Рамиприл",
    "qrcode": [
      4607003249366
    ],
    "url": "https://www.eapteka.ru/goods/id335900/"
  },
  {
    "name": "Гопантеновая кислота таблетки 250 мг, 50 шт.",
    "producer": "Фармстандарт-УфаВИТА, Россия",
    "active_component": "Эноксапарин натрия",
    "qrcode": [
      4601808013801
    ],
    "url": "https://www.eapteka.ru/goods/id361616/"
  },
  {
    "name": "Рабепразол-СЗ, капсулы кишечнорастворимые 20 мг   28 шт",
    "producer": "Северная Звезда, Россия",
    "active_component": "Рабепразол",
    "qrcode": [
      4690655015564
    ],
    "url": "https://www.eapteka.ru/goods/id275779/"
  },
  {
    "name": "Вагиферон суппозитории вагинальные, 10 шт.",
    "producer": "Фирн М, Россия",
    "active_component": "Интерферон альфа-2b, Метронидазол, Флуконазол",
    "qrcode": [
      4606207000179
    ],
    "url": "https://www.eapteka.ru/goods/id225729/"
  },
  {
    "name": "ДексаТобропт, капли глазные 5 мл",
    "producer": "К.О.Ромфарм Компани С.Р.Л., Румыния",
    "active_component": "Дексаметазон, Тобрамицин",
    "qrcode": [
      5944728000193
    ],
    "url": "https://www.eapteka.ru/goods/id227464/"
  },
  {
    "name": "Редерм, мазь для наружного применения 30 г   1 шт",
    "producer": "Вертекс, Россия",
    "active_component": "Бетаметазон, Салициловая кислота",
    "qrcode": [
      4607003243296
    ],
    "url": "https://www.eapteka.ru/goods/id234979/"
  },
  {
    "name": "Мидокалм, таблетки 50 мг 30 шт",
    "producer": "Гедеон Рихтер, Венгрия",
    "active_component": "Толперизон",
    "qrcode": [
      4605469000927,
      4605469004406
    ],
    "url": "https://www.eapteka.ru/goods/id22072/"
  },
  {
    "name": "Термикон, крем для наружного применения 1 % 15 г 1 шт",
    "producer": "Лекко ЗАО, Россия",
    "active_component": "Тербинафин",
    "qrcode": [
      4603671003057
    ],
    "url": "https://www.eapteka.ru/goods/id280870/"
  },
  {
    "name": "Эспумизан, капсулы 40 мг   25 шт",
    "producer": "Каталент Германия Эбербах ГмбХ, Германия",
    "active_component": "Симетикон",
    "qrcode": [
      4013054002407
    ],
    "url": "https://www.eapteka.ru/goods/id22352/"
  }
]