[
  {
    "name": "Тимоген, раствор для в/м введ. 0,01 % 1 мл 5 шт",
    "producer": "Цитомед МБНПК, Россия",
    "active_component": "Альфа-Глутамил-Триптофан",
    "qrcode": [
      4606603000148
    ],
    "url": "https://www.eapteka.ru/goods/id42906/"
  },
  {
    "name": "Гексорал раствор для местного применения 0.1%, 200 мл",
    "producer": "Делфарм Орлеан, Франция",
    "active_component": "Гексэтидин",
    "qrcode": [
      4603365000010,
      3574661520568
    ],
    "url": "https://www.eapteka.ru/goods/id203486/"
  },
  {
    "name": "Офломелид, мазь   100 г 1 шт",
    "producer": "Синтез ОАО, Россия",
    "active_component": "",
    "qrcode": [
      4602565022907
    ],
    "url": "https://www.eapteka.ru/goods/id294532/"
  },
  {
    "name": "Драполен, крем для наружного применения 55 г 1 шт",
    "producer": "ГлаксоСмитКляйн Фармасьютикалз С.А., Польша",
    "active_component": "Бензалкония хлорид, Цетримид",
    "qrcode": [
      5900008011341,
      4602233007113,
      5900008077347,
      "-"
    ],
    "url": "https://www.eapteka.ru/goods/id21080/"
  },
  {
    "name": "Панатус форте, сироп 7,5 мг/5 мл 200 мл 1 шт",
    "producer": "КРКА дд Ново место, Словения",
    "active_component": "Бутамират",
    "qrcode": [
      3838989540371
    ],
    "url": "https://www.eapteka.ru/goods/id207583/"
  },
  {
    "name": "Апилак Гриндекс, таблетки 10 мг 25 шт",
    "producer": "Гриндекс АО, Латвия",
    "active_component": "Маточное молочко",
    "qrcode": [
      4750232006900
    ],
    "url": "https://www.eapteka.ru/goods/id228625/"
  },
  {
    "name": "Виброцил, спрей назальный дозированный 15 мл 1 шт",
    "producer": "ГСК Консьюмер Хелскер С.А., Швейцария",
    "active_component": "Диметинден, Фенилэфрин",
    "qrcode": [
      4602233006956
    ],
    "url": "https://www.eapteka.ru/goods/id510439/"
  },
  {
    "name": "Диоксисепт р-р для внутриполостн. и наруж.применения 1% 10 мл ампулы, 10 шт.",
    "producer": "Дальхимфарм, Россия",
    "active_component": "",
    "qrcode": [
      4602824022372,
      4602824024093
    ],
    "url": "https://www.eapteka.ru/goods/id52678/"
  },
  {
    "name": "Беталок Зок, таблетки с пролонг. высвобож покрыт.об 100мг 30 шт",
    "producer": "АстраЗенека Индастриз ООО, Россия",
    "active_component": "Метопролол",
    "qrcode": [
      4607085318721,
      4670012610199
    ],
    "url": "https://www.eapteka.ru/goods/id105059/"
  },
  {
    "name": "Меларена таблетки покрыт.плен.об. 3 мг, 10 шт.",
    "producer": "Хемофарм ООО, Россия",
    "active_component": "Мелатонин",
    "qrcode": [
      4610011970764,
      4607143560888
    ],
    "url": "https://www.eapteka.ru/goods/id269916/"
  },
  {
    "name": "Аэртал таблетки покрыт плен. об. 100 мг, 20 шт.",
    "producer": "Гедеон Рихтер-Рус, Россия",
    "active_component": "Ацеклофенак",
    "qrcode": [
      5997001362884,
      "-"
    ],
    "url": "https://www.eapteka.ru/goods/id205918/"
  },
  {
    "name": "Гимекромон-СЗ, таблетки   50 шт",
    "producer": "Северная Звезда, Россия",
    "active_component": "Гимекромон",
    "qrcode": [
      4690655022180
    ],
    "url": "https://www.eapteka.ru/goods/id497673/"
  },
  {
    "name": "Тардиферон, таблетки   30 шт",
    "producer": "Пьер Фабр Медикамент Продакшн, Франция",
    "active_component": "Железа сульфат",
    "qrcode": [
      3573994003328,
      3573991495461
    ],
    "url": "https://www.eapteka.ru/goods/id104866/"
  },
  {
    "name": "Фулфлекс крем, 75 мл",
    "producer": "ВИС ООО, Россия",
    "active_component": "",
    "qrcode": [
      4670030870131,
      4607039970371,
      4660014120451
    ],
    "url": "https://www.eapteka.ru/goods/id211244/"
  },
  {
    "name": "Нутрикомп Дринк Плюс шоколадный пластиковая бутылка, 200 мл",
    "producer": "Б.Браун Мельзунген АГ, Швейцария",
    "active_component": "",
    "qrcode": [
      4030539104593
    ],
    "url": "https://www.eapteka.ru/goods/id316676/"
  },
  {
    "name": "Цинокап, крем для наружного применения     1 шт",
    "producer": "Лекко ЗАО, Россия",
    "active_component": "",
    "qrcode": [
      4602196002453,
      4603671003064
    ],
    "url": "https://www.eapteka.ru/goods/id213449/"
  },
  {
    "name": "Хлорпротиксен, таблетки 15 мг 30 шт",
    "producer": "Фармпроект, Россия",
    "active_component": "Хлорпротиксен",
    "qrcode": [
      4610032170037,
      4607019011698
    ],
    "url": "https://www.eapteka.ru/goods/id480478/"
  },
  {
    "name": "Бруфика Плюс суспензия для приема внутрь 100 мг+162.5 мг/5 мл, 100 мл",
    "producer": "Хайгланс Лабораториз Пвт. Лтд, Индия",
    "active_component": "Ибупрофен, Парацетамол",
    "qrcode": [
      8904102204934,
      8904102204931
    ],
    "url": "https://www.eapteka.ru/goods/id500979/"
  },
  {
    "name": "Артраксикам, крем для наружного применения 30 мг/г+100 мг/г 30 г 1 шт",
    "producer": "Нижфарм АО, Россия",
    "active_component": "Мелоксикам, Перца стручкового плодов настойка",
    "qrcode": [
      4601026310478
    ],
    "url": "https://www.eapteka.ru/goods/id513551/"
  },
  {
    "name": "Энзистал, таблетки кишечнораст.покрыт.плен.об.   40 шт",
    "producer": "Торрент Фармасьютикалс Лтд, Индия",
    "active_component": "Гемицеллюлаза, Желчи компоненты, Панкреатин",
    "qrcode": [
      4602656003358,
      8903855076362
    ],
    "url": "https://www.eapteka.ru/goods/id502176/"
  }
]