[
  {
    "name": "Риностоп Аква Форте, спрей назальный 125 мл   1 шт",
    "producer": "Лаборатория Де Ла Мер, Франция",
    "active_component": "Морская соль",
    "qrcode": [
      4650070610027
    ],
    "url": "https://www.eapteka.ru/goods/id259553/"
  },
  {
    "name": "Тонзинал, пакетики 2,5 г, 10 шт.",
    "producer": "Салута-М, Россия",
    "active_component": "Препарат растительного происхождения",
    "qrcode": [
      4605484000117
    ],
    "url": "https://www.eapteka.ru/goods/id231076/"
  },
  {
    "name": "Мирамед Эвалар, раствор для местного и наружного применения 0,01 % с насадкой-распылителем 150 мл",
    "producer": "Эвалар, Россия",
    "active_component": "Бензилдиметил-миристоиламино-пропиламмоний",
    "qrcode": [
      4602242010647
    ],
    "url": "https://www.eapteka.ru/goods/id513563/"
  },
  {
    "name": "Назол Бэби, капли 0.125%, 10 мл",
    "producer": "Байер Биттерфельд ГмбХ, Германия",
    "active_component": "Фенилэфрин",
    "qrcode": [
      4250369505555
    ],
    "url": "https://www.eapteka.ru/goods/id238101/"
  },
  {
    "name": "Пантодерм, мазь для наружного применения 30 г 1 шт",
    "producer": "Акрихин ХФК АО, Россия",
    "active_component": "Декспантенол",
    "qrcode": [
      4601969005080
    ],
    "url": "https://www.eapteka.ru/goods/id210330/"
  },
  {
    "name": "Сумамигрен, таблетки покрыт.плен.об. 50 мг 2 шт",
    "producer": "Польфарма АО, Польша",
    "active_component": "Суматриптан",
    "qrcode": [
      5903060005112
    ],
    "url": "https://www.eapteka.ru/goods/id209703/"
  },
  {
    "name": "Пропротен-100, капли для приема внутрь     1 шт",
    "producer": "Материа Медика Холдинг, Россия",
    "active_component": "Антитела",
    "qrcode": [
      4607009582399
    ],
    "url": "https://www.eapteka.ru/goods/id204073/"
  },
  {
    "name": "Толперизон, таблетки покрыт.плен.об. 150 мг 30 шт",
    "producer": "Озон, Россия",
    "active_component": "Толперизон",
    "qrcode": [
      4607027769697
    ],
    "url": "https://www.eapteka.ru/goods/id294637/"
  },
  {
    "name": "Тантум Верде, раствор для местного применения   120 мл 1 шт",
    "producer": "Азиенде Кимике Риуните Анжелини Франческо А.К.Р.А., Италия",
    "active_component": "Бензидамин",
    "qrcode": [
      8000036000069
    ],
    "url": "https://www.eapteka.ru/goods/id30920/"
  },
  {
    "name": "Аторика табс таблетки покрыт.плен.об. 60 мг, 14 шт.",
    "producer": "Канонфарма продакшн ЗАО, Россия",
    "active_component": "Эторикоксиб",
    "qrcode": [
      4606486035299
    ],
    "url": "https://www.eapteka.ru/goods/id484581/"
  },
  {
    "name": "Кетонал, крем для наружного применения 5 % 30 г 1 шт",
    "producer": "Салютас Фарма ГмбХ, Германия",
    "active_component": "Кетопрофен",
    "qrcode": [
      4030855433988
    ],
    "url": "https://www.eapteka.ru/goods/id98980/"
  },
  {
    "name": "Элокс-СОЛОфарм р-р для в/м введ.10 мг/мл 1,5 мл ампулы, 5 шт.",
    "producer": "Гротекс ООО, Россия",
    "active_component": "Мелоксикам",
    "qrcode": [
      4680013246860
    ],
    "url": "https://www.eapteka.ru/goods/id480179/"
  },
  {
    "name": "Стопдиар, капсулы     12 шт",
    "producer": "Гедеон Рихтер, Венгрия",
    "active_component": "Нифуроксазид",
    "qrcode": [
      5997001306253
    ],
    "url": "https://www.eapteka.ru/goods/id294614/"
  },
  {
    "name": "Ринзасип с витамином С Апельсин, порошок д/приг р-ра д/приема внутрь     10 шт",
    "producer": "Юник Фармасьютикал Лабораториз, Индия",
    "active_component": "",
    "qrcode": [
      8901086181213
    ],
    "url": "https://www.eapteka.ru/goods/id219184/"
  },
  {
    "name": "Полисорб МП, суспензия для приема внутрь     10 шт",
    "producer": "Полисорб МП, Россия",
    "active_component": "Кремния диоксид коллоидный",
    "qrcode": [
      4606257000211
    ],
    "url": "https://www.eapteka.ru/goods/id216317/"
  },
  {
    "name": "Валз Н, таблетки покрыт.плен.об. 80 мг+12,5 мг 28 шт",
    "producer": "Балканфарма - Троян АД, Болгария",
    "active_component": "Валсартан, Гидрохлоротиазид",
    "qrcode": [
      4607141997808,
      4630013790214
    ],
    "url": "https://www.eapteka.ru/goods/id212631/"
  },
  {
    "name": "Троксерутин, капсулы     50 шт",
    "producer": "Озон, Россия",
    "active_component": "Троксерутин",
    "qrcode": [
      4607027765460
    ],
    "url": "https://www.eapteka.ru/goods/id225233/"
  },
  {
    "name": "Гинкоум, капсулы 40 мг 30 шт",
    "producer": "Эвалар, Россия",
    "active_component": "Гинкго двулопастного листьев экстракт",
    "qrcode": [
      4602242000921
    ],
    "url": "https://www.eapteka.ru/goods/id225235/"
  },
  {
    "name": "Экофурил, суспензия для приема внутрь 200 мг/5 мл  90 мл 1 шт",
    "producer": "Авва Рус, Россия",
    "active_component": "Нифуроксазид",
    "qrcode": [
      4680020231453,
      4680020233013
    ],
    "url": "https://www.eapteka.ru/goods/id299881/"
  },
  {
    "name": "Бактистатин, капсулы, 20 шт.",
    "producer": "Крафт, Россия",
    "active_component": "",
    "qrcode": [
      4605122000790,
      4602193010482
    ],
    "url": "https://www.eapteka.ru/goods/id210038/"
  }
]