[
  {
    "name": "Парацетамол-АКОС для детей, суспензия для приема внутрь 100 мл   1 шт",
    "producer": "Синтез ОАО, Россия",
    "active_component": "Парацетамол",
    "qrcode": [
      4602565030025,
      4602565017255,
      4602565017262,
      4602565030780
    ],
    "url": "https://www.eapteka.ru/goods/id125306/"
  },
  {
    "name": "Спазмонет, таблетки   20 шт",
    "producer": "КРКА дд Ново место, Словения",
    "active_component": "Дротаверин",
    "qrcode": [
      4607055132128
    ],
    "url": "https://www.eapteka.ru/goods/id210400/"
  },
  {
    "name": "Флуконазол Штада, капсулы     1 шт",
    "producer": "Хемофарм ООО, Россия",
    "active_component": "Флуконазол",
    "qrcode": [
      4607143560499,
      "-"
    ],
    "url": "https://www.eapteka.ru/goods/id207916/"
  },
  {
    "name": "Кларисенс, таблетки 10 мг 10 шт",
    "producer": "Фармстандарт-Лексредства, Россия",
    "active_component": "Лоратадин",
    "qrcode": [
      4601669003669
    ],
    "url": "https://www.eapteka.ru/goods/id250522/"
  },
  {
    "name": "Магния сульфат буфус р-р для в/в введ.250 мг/мл 10 мл амп, 10 шт.",
    "producer": "Обновление ПФК АО, Россия",
    "active_component": "Магния сульфат",
    "qrcode": [
      4603988016399
    ],
    "url": "https://www.eapteka.ru/goods/id334566/"
  },
  {
    "name": "Тетрациклиновая, мазь глазная 1 % 5 г 1 шт",
    "producer": "Татхимфармпрепараты, Россия",
    "active_component": "Тетрациклин",
    "qrcode": [
      4604060994291,
      4604060004143
    ],
    "url": "https://www.eapteka.ru/goods/id242893/"
  },
  {
    "name": "Цинковая, мазь для наружного применения 25 г   1 шт",
    "producer": "Самарамедпром, Россия",
    "active_component": "Цинка оксид",
    "qrcode": [
      4603933003719,
      4603933007021,
      4603933002460
    ],
    "url": "https://www.eapteka.ru/goods/id228770/"
  },
  {
    "name": "Цинковая, мазь для наружного применения 30 г   1 шт",
    "producer": "Биосинтез, Россия",
    "active_component": "Цинка оксид",
    "qrcode": [
      419,
      4602884000419
    ],
    "url": "https://www.eapteka.ru/goods/id44069/"
  },
  {
    "name": "Ренитек, таблетки 10 мг 14 шт",
    "producer": "Мерк Шарп и Доум Б.В., Нидерланды",
    "active_component": "Эналаприл",
    "qrcode": [
      4601969008494,
      4601969006773
    ],
    "url": "https://www.eapteka.ru/goods/id118573/"
  },
  {
    "name": "Берлиприл 5, таблетки 5 мг 30 шт",
    "producer": "Берлин-Хеми/Менарини, Германия",
    "active_component": "Эналаприл",
    "qrcode": [
      4013054001264
    ],
    "url": "https://www.eapteka.ru/goods/id22365/"
  },
  {
    "name": "Диклофенак таблетки с пролонг.высвобож покрыт.плен.об 100 мг, 20 шт",
    "producer": "Хемофарм ООО, Россия",
    "active_component": "Диклофенак",
    "qrcode": [
      4607143560239
    ],
    "url": "https://www.eapteka.ru/goods/id105262/"
  },
  {
    "name": "Амосин, таблетки 0.5 г, 10 шт.",
    "producer": "Синтез ОАО, Россия",
    "active_component": "Амоксициллин",
    "qrcode": [
      4602565013950,
      "-"
    ],
    "url": "https://www.eapteka.ru/goods/id205915/"
  },
  {
    "name": "Аспаркам-L раствор для в/в введ.45,2 мг/мл+40 мг/мл 5 мл амп, 10 шт.",
    "producer": "Биосинтез, Россия",
    "active_component": "Калия аспарагинат, Магния аспарагинат",
    "qrcode": [
      4602884003090
    ],
    "url": "https://www.eapteka.ru/goods/id214551/"
  },
  {
    "name": "Эвкалипта, настойка     1 шт",
    "producer": "Камелия-ЛТ, Россия",
    "active_component": "Эвкалипта прутовидного листья",
    "qrcode": [
      4603713000778
    ],
    "url": "https://www.eapteka.ru/goods/id233745/"
  },
  {
    "name": "Йодинол, флаконы, 100 мл",
    "producer": "Тульская фармфабрика, Россия",
    "active_component": "",
    "qrcode": [
      4603905005642,
      4603905005833
    ],
    "url": "https://www.eapteka.ru/goods/id237332/"
  },
  {
    "name": "Средство противоожоговое Эверс Лайф-СП 18 х 13 см, 1 шт.",
    "producer": "Эвтекс, Россия",
    "active_component": "",
    "qrcode": [
      4640000905309
    ],
    "url": "https://www.eapteka.ru/goods/id288304/"
  },
  {
    "name": "Бисопролол таблетки покрыт.плен.об. 2,5 мг 30 шт., упак.",
    "producer": "Изварино Фарма, Россия",
    "active_component": "Бисопролол",
    "qrcode": [
      4660007704460
    ],
    "url": "https://www.eapteka.ru/goods/id325583/"
  },
  {
    "name": "Эналаприл Реневал, таблетки 5 мг 28 шт",
    "producer": "Обновление ПФК АО, Россия",
    "active_component": "Эналаприл",
    "qrcode": [
      4603988012889,
      4603988018348
    ],
    "url": "https://www.eapteka.ru/goods/id234493/"
  },
  {
    "name": "Преднизолон, таблетки 5 мг 100 шт",
    "producer": "Обновление ПФК АО, Россия",
    "active_component": "Преднизолон",
    "qrcode": [
      4603988002576
    ],
    "url": "https://www.eapteka.ru/goods/id223384/"
  },
  {
    "name": "Ацикловир Белупо, крем для наружного применения 5 % 10 г 1 шт",
    "producer": "Белупо,лекарства и косметика д.д, Хорватия",
    "active_component": "Ацикловир",
    "qrcode": [
      3850343034753
    ],
    "url": "https://www.eapteka.ru/goods/id228126/"
  }
]