[
  {
    "name": "Зодак экспресс таблетки покрыт.плен.об. 5 мг, 7 шт.",
    "producer": "Зентива к.с, Чешская Республика",
    "active_component": "Левоцетиризин",
    "qrcode": [
      3582910068518,
      8594739224636
    ],
    "url": "https://www.eapteka.ru/goods/id233608/"
  },
  {
    "name": "Долфин средство для промывания носа взрослым 240 мл + минерально-растительное средство 30 пакетиков, 1 уп",
    "producer": "Алвоген Фарма/Зентива Фарма, Россия",
    "active_component": "",
    "qrcode": [
      4680002020082,
      4650067760018
    ],
    "url": "https://www.eapteka.ru/goods/id221492/"
  },
  {
    "name": "Риностоп Аква Беби, спрей назальный 125 мл   1 шт",
    "producer": "Лаборатория Де Ла Мер, Франция",
    "active_component": "Морская соль",
    "qrcode": [
      4650070610058
    ],
    "url": "https://www.eapteka.ru/goods/id259545/"
  },
  {
    "name": "Аква Марис Беби Интенсивное промывание спрей назальный, 50 мл",
    "producer": "ЯДРАН-ГАЛЕНСКИ ЛАБОРАТОРИЙ а.о., Хорватия",
    "active_component": "Вода Адриатического моря с натуральными микроэлементами",
    "qrcode": [
      3856013221072
    ],
    "url": "https://www.eapteka.ru/goods/id353665/"
  },
  {
    "name": "Телмисартан-СЗ, таблетки 80 мг 28 шт",
    "producer": "Северная Звезда, Россия",
    "active_component": "Телмисартан",
    "qrcode": [
      4690655014444
    ],
    "url": "https://www.eapteka.ru/goods/id297018/"
  },
  {
    "name": "Тромблесс, гель для наружного применения     1 шт",
    "producer": "Нижфарм АО, Россия",
    "active_component": "Гепарин натрия",
    "qrcode": [
      4601026302848
    ],
    "url": "https://www.eapteka.ru/goods/id209742/"
  },
  {
    "name": "В.Дикуль Хондроитин глюкозамин+МСМ питание и обновление 975 мг, 30 шт.",
    "producer": "КоролевФарм, Россия",
    "active_component": "",
    "qrcode": [
      4610082740181
    ],
    "url": "https://www.eapteka.ru/goods/id512160/"
  },
  {
    "name": "Эвкабал Сироп от кашля, сироп     1 шт",
    "producer": "Эспарма, Германия",
    "active_component": "",
    "qrcode": [
      4029438001010
    ],
    "url": "https://www.eapteka.ru/goods/id23458/"
  },
  {
    "name": "Утрожестан, капсулы 100 мг   28 шт",
    "producer": "Безен Хелскеа СА, Таиланд",
    "active_component": "Прогестерон",
    "qrcode": [
      4650062750359,
      8437013563031,
      8858573001014
    ],
    "url": "https://www.eapteka.ru/goods/id117257/"
  },
  {
    "name": "Мукосат, мазь для наружного применения 5 % 30 г 1 шт",
    "producer": "Зеленая Дубрава, Россия",
    "active_component": "Хондроитина сульфат",
    "qrcode": [
      4605370015546
    ],
    "url": "https://www.eapteka.ru/goods/id440472/"
  },
  {
    "name": "ЛинАква софт спрей назальный, 0,9 % 50 мл",
    "producer": "Гротекс ООО, Россия",
    "active_component": "Натрия хлорид",
    "qrcode": [
      4680013247546,
      4680013243708
    ],
    "url": "https://www.eapteka.ru/goods/id280835/"
  },
  {
    "name": "Леветирацетам таблетки покрыт.плен.об. 250 мг, 30 шт.",
    "producer": "Озон, Россия",
    "active_component": "Леветирацетам",
    "qrcode": [
      4680020182991
    ],
    "url": "https://www.eapteka.ru/goods/id484693/"
  },
  {
    "name": "Пропротен-100, таблетки   40 шт",
    "producer": "Материа Медика Холдинг, Россия",
    "active_component": "",
    "qrcode": [
      4607009582184,
      4607009581125
    ],
    "url": "https://www.eapteka.ru/goods/id204071/"
  },
  {
    "name": "Тексаред, таблетки покрыт.плен.об. 20 мг 10 шт",
    "producer": "Генсента Илач Санаи ве Тиджарeт А.Ш., Турция",
    "active_component": "Теноксикам",
    "qrcode": [
      8699541301289,
      8699541092005
    ],
    "url": "https://www.eapteka.ru/goods/id482317/"
  },
  {
    "name": "ОКИ, пакетики 80 мг 2 г , 12 шт.",
    "producer": "Домпе Фармачеутичи С.п.А., Италия",
    "active_component": "Кетопрофен",
    "qrcode": [
      8024825000146
    ],
    "url": "https://www.eapteka.ru/goods/id207223/"
  },
  {
    "name": "Экзитер, таблетки 250 мг 14 шт",
    "producer": "Озон, Россия",
    "active_component": "Тербинафин",
    "qrcode": [
      4607027763701
    ],
    "url": "https://www.eapteka.ru/goods/id213413/"
  },
  {
    "name": "Гевискон Двойное Действие, таблетки жевательные мятные 24 шт",
    "producer": "Рекитт Бенкизер Хелскер, Великобритания",
    "active_component": "Натрия алгинат, Натрия гидрокарбонат, Кальция карбонат",
    "qrcode": [
      5000158071438
    ],
    "url": "https://www.eapteka.ru/goods/id276224/"
  },
  {
    "name": "Долфин средство при аллергическом рините саше 2 г, 30 шт",
    "producer": "Алвоген Фарма/Зентива Фарма, Россия",
    "active_component": "",
    "qrcode": [
      4650067760223,
      4680002020044
    ],
    "url": "https://www.eapteka.ru/goods/id267948/"
  },
  {
    "name": "Тобразон глазные капли, 5 мл",
    "producer": "Кадила Фармасьютикалз Лтд, Индия",
    "active_component": "Дексаметазон, Тобрамицин",
    "qrcode": [
      8901149006484,
      "-",
      8901149006481
    ],
    "url": "https://www.eapteka.ru/goods/id322642/"
  },
  {
    "name": "Ко-Дальнева таблетки 5мг+0,625мг+2 мг 30 шт., упак.",
    "producer": "КРКА-РУС, Россия",
    "active_component": "Амлодипин, Индапамид, Периндоприл",
    "qrcode": [
      4607055139868
    ],
    "url": "https://www.eapteka.ru/goods/id247498/"
  }
]