[
  {
    "name": "Лозартан-Н таблетки покрыт.плен.об.12,5 мг+50 мг, 30 шт.",
    "producer": "Озон, Россия",
    "active_component": "Гидрохлоротиазид, Лозартан",
    "qrcode": [
      4680020180331
    ],
    "url": "https://www.eapteka.ru/goods/id504055/"
  },
  {
    "name": "Мельдоний, капсулы 250 мг 60 шт",
    "producer": "Фармстандарт-Лексредства, Россия",
    "active_component": "Мельдоний",
    "qrcode": [
      4601669011435
    ],
    "url": "https://www.eapteka.ru/goods/id359413/"
  },
  {
    "name": "Кларитромицин таблетки с пролонг.высвобож покрыт.плен.об 500 мг, 14 шт",
    "producer": "Фармстандарт-Томскхимфарм, Россия",
    "active_component": "Кларитромицин",
    "qrcode": [
      4602196004389,
      4601808013283,
      4602196003979,
      "-"
    ],
    "url": "https://www.eapteka.ru/goods/id269310/"
  },
  {
    "name": "АнвиМакс Черная смородина, пакетики 5 г, 12 шт.",
    "producer": "Фармцентр ВИЛАР АО, Россия",
    "active_component": "Парацетамол, Аскорбиновая кислота, Римантадин, Рутозид, Лоратадин, Кальция глюконат",
    "qrcode": [
      4605964003935
    ],
    "url": "https://www.eapteka.ru/goods/id221507/"
  },
  {
    "name": "Витамин D3 капсулы, 30 шт.",
    "producer": "Мирролла ООО, Россия",
    "active_component": "",
    "qrcode": [
      4650001799609
    ],
    "url": "https://www.eapteka.ru/goods/id441250/"
  },
  {
    "name": "Ринолайф средство для промывания и полоскания носа и носоглотки 10 шт.+устройство для носового душа, 1 уп.",
    "producer": "Биофармрус, Россия",
    "active_component": "",
    "qrcode": [
      4620002186623
    ],
    "url": "https://www.eapteka.ru/goods/id312000/"
  },
  {
    "name": "Максиколд Лор Табс Двойное Действие таблетки для рассасывания 8.75 мг+1 мг, 20 шт.",
    "producer": "Фармстандарт-Лексредства, Россия",
    "active_component": "Флурбипрофен, Цетилпиридиния хлорид",
    "qrcode": [
      4601669014054
    ],
    "url": "https://www.eapteka.ru/goods/id510487/"
  },
  {
    "name": "Амприлан, таблетки 2,5 мг, 30 шт.",
    "producer": "КРКА дд Ново место, Словения",
    "active_component": "Рамиприл",
    "qrcode": [
      3838989515218
    ],
    "url": "https://www.eapteka.ru/goods/id209736/"
  },
  {
    "name": "Некст Активгель гель для наружного применения 5%+3%, туба 50 г",
    "producer": "Лекко ЗАО, Россия",
    "active_component": "Ибупрофен, Левоментол",
    "qrcode": [
      4603671003385
    ],
    "url": "https://www.eapteka.ru/goods/id336470/"
  },
  {
    "name": "Генферон лайт, спрей назальный дозированный 50000 ме+1 мг/доза 100 доз",
    "producer": "Фармстандарт-УфаВИТА, Россия",
    "active_component": "Интерферон альфа-2b, Таурин",
    "qrcode": [
      4607028395963,
      "-"
    ],
    "url": "https://www.eapteka.ru/goods/id214402/"
  },
  {
    "name": "Энтеросгель, гель для приема внутрь   225 г 1 шт",
    "producer": "Силма ТНК ООО, Россия",
    "active_component": "Полиметилсилоксана полигидрат",
    "qrcode": [
      4607072020156,
      2103339043804
    ],
    "url": "https://www.eapteka.ru/goods/id210185/"
  },
  {
    "name": "Гуттасил, таблетки   30 шт",
    "producer": "Фармак, Украина",
    "active_component": "Натрия пикосульфат",
    "qrcode": [
      4823002228632
    ],
    "url": "https://www.eapteka.ru/goods/id265552/"
  },
  {
    "name": "Геделикс, сироп 100 мл",
    "producer": "Кревель Мойзельбах ГмбХ, Германия",
    "active_component": "",
    "qrcode": [
      4030031894268
    ],
    "url": "https://www.eapteka.ru/goods/id24342/"
  },
  {
    "name": "Фексадин, таблетки покрыт.плен.об. 120 мг 10 шт",
    "producer": "Сан Фармасьютикал Индастриз Лтд, Индия",
    "active_component": "Фексофенадин",
    "qrcode": [
      4601764001720
    ],
    "url": "https://www.eapteka.ru/goods/id205948/"
  },
  {
    "name": "Утрожестан, капсулы 100 мг   28 шт",
    "producer": "Безен Мануфэкчуринг Рус ООО, Россия",
    "active_component": "Прогестерон",
    "qrcode": [
      3701217200616
    ],
    "url": "https://www.eapteka.ru/goods/id512244/"
  },
  {
    "name": "Лизобакт КОМПЛИТ, спрей для местного применения дозированный 0,1 мг+4,0 мг+0,3 мг/доза 125 доз 1 шт",
    "producer": "Босналек, Босния и Герцеговина",
    "active_component": "Лидокаин, Лизоцим, Цетилпиридиния хлорид",
    "qrcode": [
      3870010008078
    ],
    "url": "https://www.eapteka.ru/goods/id505693/"
  },
  {
    "name": "Стоматофит эксперт, спрей для местного применения     1 шт",
    "producer": "ПКФ Фитофарм ООО, Россия",
    "active_component": "Растительные экстракты",
    "qrcode": [
      5903473001206
    ],
    "url": "https://www.eapteka.ru/goods/id314484/"
  },
  {
    "name": "Нафтодерил раствор для наружного применения 1%, 10 мл",
    "producer": "Кировская фармфабрика, Россия",
    "active_component": "Нафтифин",
    "qrcode": [
      4603256009931
    ],
    "url": "https://www.eapteka.ru/goods/id352735/"
  },
  {
    "name": "Кандид, раствор местный 1% , 15 мл",
    "producer": "Гленмарк Фармасьютикалз Лтд, Индия",
    "active_component": "Клотримазол",
    "qrcode": [
      8904091112500,
      8901091000066
    ],
    "url": "https://www.eapteka.ru/goods/id28123/"
  },
  {
    "name": "Арпефлю таблетки покрыт.плен.об. 100 мг 30 шт., упак.",
    "producer": "Лекфарм, Беларусь",
    "active_component": "Умифеновир",
    "qrcode": [
      4812608002241
    ],
    "url": "https://www.eapteka.ru/goods/id255893/"
  }
]