[
  {
    "name": "Гутталакс, капли для приема внутрь 7.5 мг/мл , 15 мл",
    "producer": "Институт де Ангели С.р.Л, Италия",
    "active_component": "Натрия пикосульфат",
    "qrcode": [
      9006968003276,
      3582910082576
    ],
    "url": "https://www.eapteka.ru/goods/id30710/"
  },
  {
    "name": "Нифурал, капсулы 200 мг 16 шт",
    "producer": "Оболенское ФП АО, Россия",
    "active_component": "Нифуроксазид",
    "qrcode": [
      4605077012336,
      4605077015481
    ],
    "url": "https://www.eapteka.ru/goods/id34600/"
  },
  {
    "name": "Диамерид, таблетки 4 мг, 30 шт.",
    "producer": "Акрихин ХФК АО, Россия",
    "active_component": "Глимепирид",
    "qrcode": [
      4601969006094,
      4601969009323
    ],
    "url": "https://www.eapteka.ru/goods/id213096/"
  },
  {
    "name": "Атероклефит Био, капсулы, 30 шт.",
    "producer": "Эвалар, Россия",
    "active_component": "",
    "qrcode": [
      4602242006473
    ],
    "url": "https://www.eapteka.ru/goods/id210026/"
  },
  {
    "name": "Ангиаканд таблетки 16 мг, 28 шт.",
    "producer": "Канонфарма продакшн ЗАО, Россия",
    "active_component": "Кандесартан",
    "qrcode": [
      4606486017899
    ],
    "url": "https://www.eapteka.ru/goods/id225926/"
  },
  {
    "name": "Тромбогель, гель для наружного применения     1 шт",
    "producer": "Белмедпрепараты, Беларусь",
    "active_component": "Гепарин натрия",
    "qrcode": [
      4810133007793
    ],
    "url": "https://www.eapteka.ru/goods/id294638/"
  },
  {
    "name": "Троксерутин, капсулы     50 шт",
    "producer": "Синтез ОАО, Россия",
    "active_component": "Троксерутин",
    "qrcode": [
      4602565028589
    ],
    "url": "https://www.eapteka.ru/goods/id506790/"
  },
  {
    "name": "Бикситор таблетки покрыт. плен.об. 60 мг, 10 шт.",
    "producer": "АЕТ Лабораториз Прайвет Лимитед/Хемофарм ООО, Индия",
    "active_component": "Эторикоксиб",
    "qrcode": [
      4607143561007
    ],
    "url": "https://www.eapteka.ru/goods/id494364/"
  },
  {
    "name": "Пиразидол, таблетки 50 мг 50 шт",
    "producer": "Фармстандарт-Лексредства, Россия",
    "active_component": "Пирлиндол",
    "qrcode": [
      4601669005601
    ],
    "url": "https://www.eapteka.ru/goods/id229255/"
  },
  {
    "name": "Флуифорт, сироп     1 шт",
    "producer": "Домпе Фармачеутичи С.п.А., Италия",
    "active_component": "Карбоцистеин",
    "qrcode": [
      8024825000122
    ],
    "url": "https://www.eapteka.ru/goods/id110237/"
  },
  {
    "name": "Цитовир-3, порошок д/приг р-ра д/приема внутрь 20 г 1 шт",
    "producer": "Цитомед МБНПК, Россия",
    "active_component": "",
    "qrcode": [
      4606603000186
    ],
    "url": "https://www.eapteka.ru/goods/id246097/"
  },
  {
    "name": "Артрозан р-р для в/мыш. введ. 6 мг/мл 2,5 мл полимер.ампулы, 5 шт.",
    "producer": "Фармстандарт-УфаВИТА, Россия",
    "active_component": "Мелоксикам",
    "qrcode": [
      4601808014686
    ],
    "url": "https://www.eapteka.ru/goods/id512300/"
  },
  {
    "name": "Гиаферон суппозитории вагинальные и ректальные 500000МЕ, 10 шт.",
    "producer": "Витафарма, Россия",
    "active_component": "Интерферон альфа-2b",
    "qrcode": [
      4607006820319
    ],
    "url": "https://www.eapteka.ru/goods/id207629/"
  },
  {
    "name": "Altaivita Боровая матка трава, 100 г",
    "producer": "Алтайвита ООО, Россия",
    "active_component": "",
    "qrcode": [
      4610021271394
    ],
    "url": "https://www.eapteka.ru/goods/id354606/"
  },
  {
    "name": "Ксонеф, капли глазные 0,5 % 5 мл",
    "producer": "Сентисс Фарма Пвт.Лтд, Индия",
    "active_component": "Бетаксолол",
    "qrcode": [
      8901236013005,
      8901236020300
    ],
    "url": "https://www.eapteka.ru/goods/id224603/"
  },
  {
    "name": "Антигриппин, таблетки шипучие д/д, 10 шт.",
    "producer": "Натур Продукт Фарма, Польша",
    "active_component": "",
    "qrcode": [
      4607013581098,
      8717627103213,
      8717627103212
    ],
    "url": "https://www.eapteka.ru/goods/id103011/"
  },
  {
    "name": "Феброфид, гель для наружного применения     1 шт",
    "producer": "Медана Фарма, Польша",
    "active_component": "Кетопрофен",
    "qrcode": [
      5907529416921
    ],
    "url": "https://www.eapteka.ru/goods/id212715/"
  },
  {
    "name": "Аторика табс таблетки покрыт.плен.об. 120 мг, 7 шт.",
    "producer": "Канонфарма продакшн ЗАО, Россия",
    "active_component": "Эторикоксиб",
    "qrcode": [
      4606486035282
    ],
    "url": "https://www.eapteka.ru/goods/id484580/"
  },
  {
    "name": "Бисептол 480 концентрат д/приг р-ра для инфузий (80 мг+16 мг)/мл 5 мл амп, 10 шт",
    "producer": "Польфа Варшавский фармацевтический завод, Польша",
    "active_component": "Ко-тримоксазол [Сульфаметоксазол, Триметоприм]",
    "qrcode": [
      5900257091026
    ],
    "url": "https://www.eapteka.ru/goods/id110285/"
  },
  {
    "name": "Виферон, суппозитории ректальные 500000 ме 10 шт",
    "producer": "Ферон, Россия",
    "active_component": "Интерферон альфа-2b",
    "qrcode": [
      4605286000117,
      4605286000704,
      4605286001053
    ],
    "url": "https://www.eapteka.ru/goods/id110326/"
  }
]