[
  {
    "name": "Дезал р-р для приема внутрь 0,5 мг/мл флакон, 100 мл",
    "producer": "Балканфарма - Троян АД, Болгария",
    "active_component": "Дезлоратадин",
    "qrcode": [
      4607141998218,
      4630013790368,
      4607141998928
    ],
    "url": "https://www.eapteka.ru/goods/id227185/"
  },
  {
    "name": "Нутрикомп Дринк Плюс банановый пластиковая бутылка, 200 мл",
    "producer": "Нутрихем Диэт+Фарма ГмбХ, Германия",
    "active_component": "",
    "qrcode": [
      4030539104630
    ],
    "url": "https://www.eapteka.ru/goods/id316677/"
  },
  {
    "name": "Граммидин с анестетиком, спрей для местного применения 112 доз 1 шт",
    "producer": "Фамар Нидерланды Б.В., Нидерланды",
    "active_component": "Грамицидин С, Оксибупрокаин, Цитилпиридиния хлорид",
    "qrcode": [
      4602193012509
    ],
    "url": "https://www.eapteka.ru/goods/id333947/"
  },
  {
    "name": "Допегит, таблетки 250 мг, 50 шт.",
    "producer": "ЭГИС, Венгрия",
    "active_component": "Метилдопа",
    "qrcode": [
      5995327188256
    ],
    "url": "https://www.eapteka.ru/goods/id21731/"
  },
  {
    "name": "АнвиМакс Клюква таблетки шипучие, 10 шт.",
    "producer": "ФармВилар НПО, Россия",
    "active_component": "",
    "qrcode": [
      4605964006387,
      4605964008244
    ],
    "url": "https://www.eapteka.ru/goods/id322217/"
  },
  {
    "name": "Фторокорт, мазь 0,1 % 15 г 1 шт",
    "producer": "Гедеон Рихтер, Венгрия",
    "active_component": "Триамцинолон",
    "qrcode": [
      5997001393710,
      5997001327036
    ],
    "url": "https://www.eapteka.ru/goods/id21944/"
  },
  {
    "name": "Энтеросгель, паста сладкая для приема внутрь 225 г 1 шт",
    "producer": "Силма ТНК ООО, Россия",
    "active_component": "Полиметилсилоксана полигидрат",
    "qrcode": [
      4607072020187,
      104607072020,
      4607072020170
    ],
    "url": "https://www.eapteka.ru/goods/id125962/"
  },
  {
    "name": "Астмасол Нео аэрозоль для ингаляций дозированный 20 мкг/доза+50 мкг/доза, 200 доз",
    "producer": "Гротекс ООО, Россия",
    "active_component": "Ипратропия бромид, Фенотерол",
    "qrcode": [
      4670028228760
    ],
    "url": "https://www.eapteka.ru/goods/id486380/"
  },
  {
    "name": "ЛинАква софт спрей назальный, 0,9 % 125 мл",
    "producer": "Гротекс ООО, Россия",
    "active_component": "Натрия хлорид",
    "qrcode": [
      4680013247560,
      4680013243739
    ],
    "url": "https://www.eapteka.ru/goods/id280834/"
  },
  {
    "name": "Ретиноевая, мазь для наружного применения 15 г   1 шт",
    "producer": "Ретиноиды АО, Россия",
    "active_component": "Изотретиноин",
    "qrcode": [
      4601607000781
    ],
    "url": "https://www.eapteka.ru/goods/id294490/"
  },
  {
    "name": "Фунготербин, крем для наружного применения     1 шт",
    "producer": "Нижфарм АО, Россия",
    "active_component": "Тербинафин",
    "qrcode": [
      4601026301810
    ],
    "url": "https://www.eapteka.ru/goods/id205984/"
  },
  {
    "name": "Стелланин-ПЭГ, мазь для наружного применения 20 г   1 шт",
    "producer": "Фармпрепарат, Россия",
    "active_component": "Диэтилбензимидазолия трийодид",
    "qrcode": [
      4607119620165,
      4607119620158
    ],
    "url": "https://www.eapteka.ru/goods/id225019/"
  },
  {
    "name": "Уродерм, мазь для наружного применения 35 г   35 г шт",
    "producer": "Ретиноиды АО, Россия",
    "active_component": "Мочевина",
    "qrcode": [
      4601607000828
    ],
    "url": "https://www.eapteka.ru/goods/id237887/"
  },
  {
    "name": "Эсциталопрам-АЛСИ, таблетки покрыт.плен.об. 10 мг 30 шт",
    "producer": "Алси Фарма, Россия",
    "active_component": "Эсциталопрам",
    "qrcode": [
      4607011635502
    ],
    "url": "https://www.eapteka.ru/goods/id512283/"
  },
  {
    "name": "Ламотриджин Канон таблетки 50 мг, 30 шт.",
    "producer": "Канонфарма продакшн ЗАО, Россия",
    "active_component": "Ламотриджин",
    "qrcode": [
      4606486023098
    ],
    "url": "https://www.eapteka.ru/goods/id255959/"
  },
  {
    "name": "Острум, капсулы, 30 шт.",
    "producer": "Эвалар, Россия",
    "active_component": "",
    "qrcode": [
      4602242002529
    ],
    "url": "https://www.eapteka.ru/goods/id217335/"
  },
  {
    "name": "Алка-Зельтцер, таблетки шипучие, 10 шт.",
    "producer": "Байер Биттерфельд ГмбХ, Германия",
    "active_component": "",
    "qrcode": [
      4008500120057,
      4250369507122
    ],
    "url": "https://www.eapteka.ru/goods/id123610/"
  },
  {
    "name": "Артрофоон, таблетки   100 шт",
    "producer": "Материа Медика Холдинг, Россия",
    "active_component": "Антитела",
    "qrcode": [
      4607009582221
    ],
    "url": "https://www.eapteka.ru/goods/id210011/"
  },
  {
    "name": "Риалтрис Моно спрей назальный дозированный 50 мкг/доза 60 доз, спрей назальный 50 мкг/доза 60 доз 1 шт",
    "producer": "Гленмарк Фармасьютикалз Лтд, Индия",
    "active_component": "Мометазон",
    "qrcode": [
      7640223730044
    ],
    "url": "https://www.eapteka.ru/goods/id513714/"
  },
  {
    "name": "Имипенем и Циластатин порошок д/приг р-ра для инфузий 500 мг+500 мг 10 мл, фл 1 шт.",
    "producer": "Джодас Экспоим Пвт.Лтд, Индия",
    "active_component": "",
    "qrcode": [
      4602521011785,
      4602521010979,
      "-"
    ],
    "url": "https://www.eapteka.ru/goods/id244170/"
  }
]