[
  {
    "name": "Клопидогрел-СЗ, таблетки покрыт.плен.об. 75 мг, 28 шт.",
    "producer": "Северная Звезда, Россия",
    "active_component": "Клопидогрел",
    "qrcode": [
      4690655005473
    ],
    "url": "https://www.eapteka.ru/goods/id226836/"
  },
  {
    "name": "Гистан-Аллергодерма крем интенсивный, 50 мл",
    "producer": "ВИС ООО, Россия",
    "active_component": "",
    "qrcode": [
      4620058330124
    ],
    "url": "https://www.eapteka.ru/goods/id510376/"
  },
  {
    "name": "Телпрес Плюс, таблетки 40 мг+12,5 мг  28 шт",
    "producer": "Лабораториос Ликонса С.А., Испания",
    "active_component": "Гидрохлоротиазид, Телмисартан",
    "qrcode": [
      4650069651437
    ],
    "url": "https://www.eapteka.ru/goods/id312491/"
  },
  {
    "name": "Кандесартан-СЗ таблетки 32 мг, 30 шт.",
    "producer": "Северная Звезда, Россия",
    "active_component": "Кандесартан",
    "qrcode": [
      4690655008924
    ],
    "url": "https://www.eapteka.ru/goods/id504866/"
  },
  {
    "name": "Габапентин, капсулы 300 мг, 50 шт.",
    "producer": "Пик-Фарма, Россия",
    "active_component": "Габапентин",
    "qrcode": [
      4630016120186
    ],
    "url": "https://www.eapteka.ru/goods/id216115/"
  },
  {
    "name": "Генферон лайт, суппозитории вагинальные и ректальные 125000 ме+5 мг 10 шт",
    "producer": "Биокад, Россия",
    "active_component": "Интерферон альфа-2b, Таурин",
    "qrcode": [
      4607028391347
    ],
    "url": "https://www.eapteka.ru/goods/id211590/"
  },
  {
    "name": "Гепазолон суппозитории ректальные, 10 шт.",
    "producer": "Альтфарм, Россия",
    "active_component": "Гепарин натрия, Лидокаин, Преднизолон",
    "qrcode": [
      4607035440458
    ],
    "url": "https://www.eapteka.ru/goods/id225810/"
  },
  {
    "name": "Силденафил-СЗ, таблетки покрыт.плен.об. 100 мг 14 шт",
    "producer": "Северная Звезда, Россия",
    "active_component": "Силденафил",
    "qrcode": [
      4690655015038
    ],
    "url": "https://www.eapteka.ru/goods/id265905/"
  },
  {
    "name": "Сеалекс Силденафил, таблетки покрыт.плен.об. 50 мг 1 шт",
    "producer": "Оксфорд Лабораториз Пвт. Лтд., Индия",
    "active_component": "Силденафил",
    "qrcode": [
      8902034113683
    ],
    "url": "https://www.eapteka.ru/goods/id335905/"
  },
  {
    "name": "Торасемид Канон, таблетки 5 мг 60 шт",
    "producer": "Канонфарма продакшн ЗАО, Россия",
    "active_component": "Торасемид",
    "qrcode": [
      4606486020936,
      4606486020943
    ],
    "url": "https://www.eapteka.ru/goods/id227709/"
  },
  {
    "name": "Мометазон Сандоз, спрей назальный 50 мкг/доза 10 г 1 шт",
    "producer": "Лек д.д., Словения",
    "active_component": "Мометазон",
    "qrcode": [
      3838957070831
    ],
    "url": "https://www.eapteka.ru/goods/id344890/"
  },
  {
    "name": "Тимоген, спрей назальный 250 мкг/мл 10 мл 1 шт",
    "producer": "Цитомед МБНПК, Россия",
    "active_component": "Альфа-Глутамил-Триптофан",
    "qrcode": [
      4606603000018
    ],
    "url": "https://www.eapteka.ru/goods/id207331/"
  },
  {
    "name": "Доктор Тайсс эхинацеи настойка, 50 мл",
    "producer": "Доктор Тайсс Натурварен ГмбХ, Германия",
    "active_component": "Эхинацеи узколистной настойка",
    "qrcode": [
      4016369661147
    ],
    "url": "https://www.eapteka.ru/goods/id203029/"
  },
  {
    "name": "АкваМастер устройство для орошения и промывания слизистой полости носа, 1 шт.",
    "producer": "Эвалар, Россия",
    "active_component": "",
    "qrcode": [
      4602242005384
    ],
    "url": "https://www.eapteka.ru/goods/id277748/"
  },
  {
    "name": "Травопрост-Оптик, капли глазные 0,004 % 5 мл 1 шт",
    "producer": "Лекко ЗАО, Россия",
    "active_component": "Травопрост",
    "qrcode": [
      4603671003477
    ],
    "url": "https://www.eapteka.ru/goods/id359415/"
  },
  {
    "name": "Азидроп, капли глазные 15 мг/г 0,25 г 6 шт",
    "producer": "Лаборатуар Юнитер, Франция",
    "active_component": "Азитромицин",
    "qrcode": [
      3662042002656
    ],
    "url": "https://www.eapteka.ru/goods/id226929/"
  },
  {
    "name": "Ново-Пассит, р-р для приема внутрь 200 мл флакон",
    "producer": "Тева Чешские Предприятия с.р.о., Чешская Республика",
    "active_component": "Боярышник цветки и листья, Боярышник плоды, Гвайфенезин, Зверобоя трава, Хмель, Мелисса, Пассифлора,",
    "qrcode": [
      8594737206917,
      8594737237119
    ],
    "url": "https://www.eapteka.ru/goods/id209699/"
  },
  {
    "name": "Релцер, таблетки 20 шт",
    "producer": "Гленмарк Фармасьютикалз Лтд, Индия",
    "active_component": "Алюминия гидроксид, Магния гидроксид, Симетикон",
    "qrcode": [
      8904091109913
    ],
    "url": "https://www.eapteka.ru/goods/id215575/"
  },
  {
    "name": "Нотта, капли, 20 мл",
    "producer": "Рихард Биттнер АГ, Австрия",
    "active_component": "Гомеопатический состав",
    "qrcode": [
      5350586000280,
      90266447
    ],
    "url": "https://www.eapteka.ru/goods/id204595/"
  },
  {
    "name": "Валз таблетки покрыт.плен.об.160 мг, 28 шт.",
    "producer": "Балканфарма - Дупница АД, Болгария",
    "active_component": "Валсартан",
    "qrcode": [
      4607141997785,
      "-",
      4630013790221
    ],
    "url": "https://www.eapteka.ru/goods/id212057/"
  }
]