[
  {
    "name": "Фексофаст, таблетки   10 шт",
    "producer": "Микро Лабс Лтд, Индия",
    "active_component": "Фексофенадин",
    "qrcode": [
      8901302057490,
      8901302166786
    ],
    "url": "https://www.eapteka.ru/goods/id220701/"
  },
  {
    "name": "Магнемакс, таблетки 500 мг 50 шт",
    "producer": "Алиум АО, Россия",
    "active_component": "Магния оротат",
    "qrcode": [
      4605077012916,
      4605077014958
    ],
    "url": "https://www.eapteka.ru/goods/id317468/"
  },
  {
    "name": "Клопидогрел таблетки покрыт.плен.об. 75 мг, 28 шт.",
    "producer": "Канонфарма продакшн ЗАО, Россия",
    "active_component": "Клопидогрел",
    "qrcode": [
      4606486027249,
      4606486005957,
      4606486032779
    ],
    "url": "https://www.eapteka.ru/goods/id212255/"
  },
  {
    "name": "Витаргол Наносеребро капли для приема внутрь, 15 мл",
    "producer": "НПЦ Элюсан, Россия",
    "active_component": "",
    "qrcode": [
      4620759290338
    ],
    "url": "https://www.eapteka.ru/goods/id346843/"
  },
  {
    "name": "Мометазон Сандоз, спрей назальный 50 мкг/доза 18 г 1 шт",
    "producer": "Лек д.д., Словения",
    "active_component": "Мометазон",
    "qrcode": [
      3838957070848
    ],
    "url": "https://www.eapteka.ru/goods/id344891/"
  },
  {
    "name": "Фотил форте, капли глазные 40 мг/мл+5 мг/мл  5 мл 1 шт",
    "producer": "НекстФарма, Финляндия",
    "active_component": "Пилокарпин, Тимолол",
    "qrcode": [
      6419716933337,
      4987084311702
    ],
    "url": "https://www.eapteka.ru/goods/id102393/"
  },
  {
    "name": "Бетасерк таблетки 8 мг, 30 шт.",
    "producer": "Верофарм АО, Россия",
    "active_component": "Бетагистин",
    "qrcode": [
      3760008320223,
      4620011583819,
      8002660026262,
      "-",
      4620011584403
    ],
    "url": "https://www.eapteka.ru/goods/id113465/"
  },
  {
    "name": "Бидоп, таблетки 10 мг, 56 шт.",
    "producer": "Гедеон Рихтер-Рус, Россия",
    "active_component": "Бисопролол",
    "qrcode": [
      4605469003195,
      4605469002228
    ],
    "url": "https://www.eapteka.ru/goods/id210830/"
  },
  {
    "name": "Сиднофарм, таблетки 2 мг 30 шт",
    "producer": "Софарма, Болгария",
    "active_component": "Молсидомин",
    "qrcode": [
      3800010629393
    ],
    "url": "https://www.eapteka.ru/goods/id108658/"
  },
  {
    "name": "Бикситор таблетки покрыт. плен.об. 90 мг, 10 шт.",
    "producer": "АЕТ Лабораториз Прайвет Лимитед/Хемофарм ООО, Индия",
    "active_component": "Эторикоксиб",
    "qrcode": [
      4607143561021
    ],
    "url": "https://www.eapteka.ru/goods/id494367/"
  },
  {
    "name": "Кларитромицин таблетки покрыт.плен.об. 500 мг, 14 шт.",
    "producer": "Вертекс, Россия",
    "active_component": "Кларитромицин",
    "qrcode": [
      4607003247607,
      4607003249656
    ],
    "url": "https://www.eapteka.ru/goods/id248822/"
  },
  {
    "name": "Эмоксипин, раствор для инъекций 10 мг/мл 1 мл амп 10 шт",
    "producer": "МЭЗ, Россия",
    "active_component": "Метилэтилпиридинол",
    "qrcode": [
      4602676007350
    ],
    "url": "https://www.eapteka.ru/goods/id67333/"
  },
  {
    "name": "Тыквеол, капсулы     50 шт",
    "producer": "Европа-Биофарм, Россия",
    "active_component": "Тыквы обыкновенной семян масло",
    "qrcode": [
      4602932004772
    ],
    "url": "https://www.eapteka.ru/goods/id115144/"
  },
  {
    "name": "Фреймитус, таблетки покрыт.плен.об. 20 мг 2 шт",
    "producer": "Озон, Россия",
    "active_component": "Тадалафил",
    "qrcode": [
      4680020182571
    ],
    "url": "https://www.eapteka.ru/goods/id352716/"
  },
  {
    "name": "Капсикам, мазь для наружного применения 50 г 1 шт",
    "producer": "Гриндекс АО, Латвия",
    "active_component": "Камфора, Диметилсульфоксид, Бензилникотинат, Сосны хвои масло",
    "qrcode": [
      4750232008621
    ],
    "url": "https://www.eapteka.ru/goods/id105178/"
  },
  {
    "name": "Дилтиазем Ланнахер таблетки с пролонг.высвобож покрыт.плен.об 180 мг, 30 шт.",
    "producer": "Г.Л.Фарма ГмбХ, Австрия",
    "active_component": "Дилтиазем",
    "qrcode": [
      9008732004557,
      4607013581371
    ],
    "url": "https://www.eapteka.ru/goods/id17890/"
  },
  {
    "name": "Лотонел таблетки 10 мг, 30 шт.",
    "producer": "Вертекс, Россия",
    "active_component": "Торасемид",
    "qrcode": [
      4607003248659
    ],
    "url": "https://www.eapteka.ru/goods/id263194/"
  },
  {
    "name": "Троксерутин Велфарм, капсулы     50 шт",
    "producer": "Велфарм, Россия",
    "active_component": "Троксерутин",
    "qrcode": [
      4650099782057
    ],
    "url": "https://www.eapteka.ru/goods/id480166/"
  },
  {
    "name": "Страна Здравландия Зайчонок пастилки жевательные успокаивающие, для детей с 3 лет 30 шт.",
    "producer": "Алкой фарм ООО, Россия",
    "active_component": "",
    "qrcode": [
      6924217143678,
      4670005861706
    ],
    "url": "https://www.eapteka.ru/goods/id250321/"
  },
  {
    "name": "Спазмалгон, таблетки   50 шт",
    "producer": "Балканфарма - Дупница АД, Болгария",
    "active_component": "Метамизол натрия, Питофенон, Фенпивериния бромид",
    "qrcode": [
      4607141998713,
      4630013790580,
      3800712440111
    ],
    "url": "https://www.eapteka.ru/goods/id218687/"
  }
]