[
  {
    "name": "Кимокс таблетки покрыт.плен.об. 400 мг, 5 шт.",
    "producer": "Алкалоид АД Скопье, Республика Северная Македония",
    "active_component": "Моксифлоксацин",
    "qrcode": [
      5310001261344
    ],
    "url": "https://www.eapteka.ru/goods/id494252/"
  },
  {
    "name": "Ланцид, капсулы 15 мг, 30 шт.",
    "producer": "Микро Лабс Лимитед, Индия",
    "active_component": "Лансопразол",
    "qrcode": [
      8901302057421,
      8901302137267
    ],
    "url": "https://www.eapteka.ru/goods/id235581/"
  },
  {
    "name": "Звездочка бальзам жидкий для наружного примененния 12 мл Данафа, упак.",
    "producer": "Данафа Фармасьютикал Джойнт, Вьетнам",
    "active_component": "",
    "qrcode": [
      8934901730198,
      8934901730235
    ],
    "url": "https://www.eapteka.ru/goods/id252593/"
  },
  {
    "name": "Утрожестан, капсулы 200 мг   14 шт",
    "producer": "Безен Хелскеа СА, Таиланд",
    "active_component": "Прогестерон",
    "qrcode": [
      8858573001021,
      8437013563048,
      3701217200623,
      4650062750366
    ],
    "url": "https://www.eapteka.ru/goods/id208845/"
  },
  {
    "name": "Элькар, раствор для приема внутрь 300 мг/мл 50 мл 1 шт",
    "producer": "Пик-Фарма, Россия",
    "active_component": "Левокарнитин",
    "qrcode": [
      4650057490116,
      4630016120315
    ],
    "url": "https://www.eapteka.ru/goods/id212780/"
  },
  {
    "name": "Аквалор Актив Софт средство д/орошения и промывания полости носа, 50 мл",
    "producer": "Нижфарм АО, Россия",
    "active_component": "Вода морская",
    "qrcode": [
      7332343002391,
      733234300239
    ],
    "url": "https://www.eapteka.ru/goods/id481382/"
  },
  {
    "name": "Сонизин, капсулы с модифицированным высвобождением 0,4 мг   30 шт",
    "producer": "Гедеон Рихтер, Венгрия",
    "active_component": "Тамсулозин",
    "qrcode": [
      5997001360897
    ],
    "url": "https://www.eapteka.ru/goods/id210525/"
  },
  {
    "name": "Метиндол ретард, таблетки пролонг действия 75 мг 50 шт",
    "producer": "Ай Си Эн Польфа Жешув АО, Польша",
    "active_component": "Индометацин",
    "qrcode": [
      5903546005292,
      4019338605180
    ],
    "url": "https://www.eapteka.ru/goods/id34785/"
  },
  {
    "name": "Ванкорус лиофилизат для р-ра для инфузий 1г флакон 1шт., упак.",
    "producer": "Синтез ОАО, Россия",
    "active_component": "Ванкомицин",
    "qrcode": [
      4602565029401,
      4602565011376,
      4602565031824
    ],
    "url": "https://www.eapteka.ru/goods/id212710/"
  },
  {
    "name": "Амоксициллин ЭКСПРЕСС таблетки диспергируемые 1000 мг, 20 шт.",
    "producer": "Лекко ЗАО, Россия",
    "active_component": "Амоксициллин",
    "qrcode": [
      4603671003446
    ],
    "url": "https://www.eapteka.ru/goods/id359406/"
  },
  {
    "name": "Экофомурал, гранулы д/приг р-ра д/приема внутрь 3 г 1 шт",
    "producer": "Авва Рус, Россия",
    "active_component": "Фосфомицин",
    "qrcode": [
      4607003669881
    ],
    "url": "https://www.eapteka.ru/goods/id276630/"
  },
  {
    "name": "Разо, таблетки кишечнораствор.покрыт.плен.об. 20 мг   30 шт",
    "producer": "Д-р Редди`с, Индия",
    "active_component": "Рабепразол",
    "qrcode": [
      8901148233911,
      8901148227337
    ],
    "url": "https://www.eapteka.ru/goods/id265116/"
  },
  {
    "name": "Гексо Бронхо, сироп 100 мг/5 мл 150 мл",
    "producer": "Делфарм Орлеан, Франция",
    "active_component": "Гвайфенезин",
    "qrcode": [
      3574660702606
    ],
    "url": "https://www.eapteka.ru/goods/id281086/"
  },
  {
    "name": "Квикс Эвкалипт, спрей назальный 30 мл",
    "producer": "Берлин-Хеми АГ, Германия",
    "active_component": "",
    "qrcode": [
      4013054023600
    ],
    "url": "https://www.eapteka.ru/goods/id250520/"
  },
  {
    "name": "КидВит Мультивитамин пастилки шоколадные, 20 шт.",
    "producer": "Вкусные лекарства ООО, Россия",
    "active_component": "",
    "qrcode": [
      4680025380019
    ],
    "url": "https://www.eapteka.ru/goods/id502261/"
  },
  {
    "name": "КидВит Иммунитет пастилки шоколадные с клубникой, 20 шт.",
    "producer": "Вкусные лекарства ООО, Россия",
    "active_component": "",
    "qrcode": [
      4680025380026
    ],
    "url": "https://www.eapteka.ru/goods/id502262/"
  },
  {
    "name": "Дилакса, капсулы 100 мг, 10 шт",
    "producer": "КРКА дд Ново место, Словения",
    "active_component": "Целекоксиб",
    "qrcode": [
      3838989656560
    ],
    "url": "https://www.eapteka.ru/goods/id294123/"
  },
  {
    "name": "Бильтрицид, таблетки покрыт.плен.об. 600 мг 6 шт",
    "producer": "Байер АГ, Германия",
    "active_component": "Празиквантел",
    "qrcode": [
      4008500127179
    ],
    "url": "https://www.eapteka.ru/goods/id22886/"
  },
  {
    "name": "Необутин, таблетки   30 шт",
    "producer": "Алиум АО, Россия",
    "active_component": "Тримебутин",
    "qrcode": [
      4605077011124
    ],
    "url": "https://www.eapteka.ru/goods/id264729/"
  },
  {
    "name": "Липримар, таблетки покрыт.плен.об. 20 мг 30 шт",
    "producer": "Пфайзер, Пуэрто-Рико",
    "active_component": "Аторвастатин",
    "qrcode": [
      4607131042341
    ],
    "url": "https://www.eapteka.ru/goods/id23601/"
  }
]