[
  {
    "name": "Метрогил Плюс, гель вагинальный   50  10 шт",
    "producer": "Юник Фармасьютикал Лабораториз, Индия",
    "active_component": "",
    "qrcode": [
      8901086131645
    ],
    "url": "https://www.eapteka.ru/goods/id252474/"
  },
  {
    "name": "Ци-клим, крем для лица, 50 мл",
    "producer": "Эвалар, Россия",
    "active_component": "",
    "qrcode": [
      4602242002925
    ],
    "url": "https://www.eapteka.ru/goods/id210810/"
  },
  {
    "name": "Квикс, спрей назальный 30 мл",
    "producer": "Берлин-Хеми АГ, Германия",
    "active_component": "",
    "qrcode": [
      4013054017500
    ],
    "url": "https://www.eapteka.ru/goods/id211368/"
  },
  {
    "name": "ЛинАква форте горло спрей, 2,1 % 125 мл",
    "producer": "Гротекс ООО, Россия",
    "active_component": "Натрия хлорид",
    "qrcode": [
      4680013243852
    ],
    "url": "https://www.eapteka.ru/goods/id280840/"
  },
  {
    "name": "Олоридин, капли глазные 0,1 % 5 мл 1 шт",
    "producer": "Гротекс ООО, Россия",
    "active_component": "Олопатадин",
    "qrcode": [
      4670028225974
    ],
    "url": "https://www.eapteka.ru/goods/id346130/"
  },
  {
    "name": "Mirrolla Фора Плюс перметрин 1,5% средство педикулицидное, 100 мл",
    "producer": "Мирролла ООО, Россия",
    "active_component": "",
    "qrcode": [
      4650001792532
    ],
    "url": "https://www.eapteka.ru/goods/id246104/"
  },
  {
    "name": "Итомед, таблетки покрыт.плен.об. 50 мг 40 шт",
    "producer": "ПРО.МЕД.ЦС Прага, Чешская Республика",
    "active_component": "Итоприд",
    "qrcode": [
      8595026435018
    ],
    "url": "https://www.eapteka.ru/goods/id223982/"
  },
  {
    "name": "Тантум Верде, таблетки для рассасывания 3 мг 20 шт",
    "producer": "Азиенде Кимике Риуните Анжелини Франческо А.К.Р.А., Италия",
    "active_component": "Бензидамин",
    "qrcode": [
      8000036022757
    ],
    "url": "https://www.eapteka.ru/goods/id314783/"
  },
  {
    "name": "Сиалор от насморка с пипеткой Renewal, 10 мл",
    "producer": "Обновление ПФК АО, Россия",
    "active_component": "Протеинат серебра",
    "qrcode": [
      4603988016184,
      "-"
    ],
    "url": "https://www.eapteka.ru/goods/id225548/"
  },
  {
    "name": "Найз Активгель гель для наружного применения 1%, 50 г",
    "producer": "Д-р Редди`с, Индия",
    "active_component": "Нимесулид",
    "qrcode": [
      8901148249776,
      8901148324142
    ],
    "url": "https://www.eapteka.ru/goods/id482315/"
  },
  {
    "name": "Вертигохель, таблетки   50 шт",
    "producer": "Biologische Heilmittel Heel, Германия",
    "active_component": "Гомеопатический состав",
    "qrcode": [
      4601654000246,
      4047642014978
    ],
    "url": "https://www.eapteka.ru/goods/id22895/"
  },
  {
    "name": "Нормавен, спрей-тоник, 100 г",
    "producer": "Вертекс, Россия",
    "active_component": "",
    "qrcode": [
      4607003247546
    ],
    "url": "https://www.eapteka.ru/goods/id228636/"
  },
  {
    "name": "Эторикоксиб-Тева, таблетки покрыт.плен.об. 120 мг 7 шт",
    "producer": "Тева Фармасьютикал Воркс Прайвэт Лимитед Компани, Венгрия",
    "active_component": "Эторикоксиб",
    "qrcode": [
      5995377132049
    ],
    "url": "https://www.eapteka.ru/goods/id501517/"
  },
  {
    "name": "Колдрекс Юниор Хот Дринк, 10 шт.",
    "producer": "СмитКляйн Бичем С.А., Испания",
    "active_component": "Парацетамол, Фенилэфрин, Аскорбиновая кислота",
    "qrcode": [
      4602233003399
    ],
    "url": "https://www.eapteka.ru/goods/id209987/"
  },
  {
    "name": "Ретч, таблетки 50 мг 40 шт",
    "producer": "Санека Фармасьютикалс а.с., Словакия",
    "active_component": "Итоприд",
    "qrcode": [
      4650069651741
    ],
    "url": "https://www.eapteka.ru/goods/id359643/"
  },
  {
    "name": "Аторис, таблетки покрыт.плен.об. 40 мг 30",
    "producer": "КРКА дд Ново место, Словения",
    "active_component": "Аторвастатин",
    "qrcode": [
      3838989531461
    ],
    "url": "https://www.eapteka.ru/goods/id209574/"
  },
  {
    "name": "Торвакард, таблетки покрыт.плен.об. 40 мг 30 шт",
    "producer": "Санека Фармасьютикалс а.с., Словакия",
    "active_component": "Аторвастатин",
    "qrcode": [
      3582910091257,
      "-"
    ],
    "url": "https://www.eapteka.ru/goods/id208173/"
  },
  {
    "name": "Пантенол-Тева, мазь для наружного применения 5 % 35 г 1 шт",
    "producer": "Меркле ГмбХ, Германия",
    "active_component": "Декспантенол",
    "qrcode": [
      4030096112130
    ],
    "url": "https://www.eapteka.ru/goods/id225524/"
  },
  {
    "name": "Аторвастатин-Тева, таблетки покрыт.плен.об  40 мг 30 шт.",
    "producer": "Алкалоид АД Скопье, Республика Северная Македония",
    "active_component": "Аторвастатин",
    "qrcode": [
      7290102062263,
      5310001269036
    ],
    "url": "https://www.eapteka.ru/goods/id211449/"
  },
  {
    "name": "Уролесан, капсулы     40 шт",
    "producer": "Озон, Россия",
    "active_component": "",
    "qrcode": [
      4680020182090,
      4823004006030,
      4680020186364,
      "-"
    ],
    "url": "https://www.eapteka.ru/goods/id224057/"
  }
]