[
  {
    "name": "Рамазид Н, таблетки 5 мг+12,5 мг  30 шт",
    "producer": "Актавис Лтд, Мальта",
    "active_component": "Гидрохлоротиазид, Рамиприл",
    "qrcode": [
      4650069651352
    ],
    "url": "https://www.eapteka.ru/goods/id329884/"
  },
  {
    "name": "Вальпарин ХР таблетки пролонг действия покрыт.плен.об. 300 мг, 100 шт.",
    "producer": "Торрент Фармасьютикалс Лтд, Индия",
    "active_component": "Вальпроевая кислота",
    "qrcode": [
      4602656000869
    ],
    "url": "https://www.eapteka.ru/goods/id207016/"
  },
  {
    "name": "Метромикон-Нео, суппозитории вагинальные 500 мг+100мг 14 шт",
    "producer": "Авексима Сибирь, Россия",
    "active_component": "Метронидазол, Миконазол",
    "qrcode": [
      4607100622314,
      4840456000577
    ],
    "url": "https://www.eapteka.ru/goods/id221255/"
  },
  {
    "name": "Кандид, крем для наружного применения 1 % 20 г 1 шт",
    "producer": "Гленмарк Фармасьютикалз Лтд, Индия",
    "active_component": "Клотримазол",
    "qrcode": [
      8904091100118
    ],
    "url": "https://www.eapteka.ru/goods/id124669/"
  },
  {
    "name": "Симеотик, капсулы 80 мг 30 шт",
    "producer": "Авва Рус, Россия",
    "active_component": "Симетикон",
    "qrcode": [
      4680020232924
    ],
    "url": "https://www.eapteka.ru/goods/id506533/"
  },
  {
    "name": "Респеро Миртол, капсулы кишечнорастворимые     20 шт",
    "producer": "Г.Поль- Боскамп ГмбХ и Ко.КГ, Германия",
    "active_component": "Миртол",
    "qrcode": [
      4680066710035
    ],
    "url": "https://www.eapteka.ru/goods/id502760/"
  },
  {
    "name": "Прогестерон, раствор оливковом масле 1% , 1 мл , 10 шт.",
    "producer": "Дальхимфарм, Россия",
    "active_component": "Прогестерон",
    "qrcode": [
      4602824022525,
      4602824000394
    ],
    "url": "https://www.eapteka.ru/goods/id53181/"
  },
  {
    "name": "Аторвастатин таблетки покрыт.плен.об. 40 мг, 30 шт.",
    "producer": "Озон, Россия",
    "active_component": "Аторвастатин",
    "qrcode": [
      4607027766443,
      4607027766450
    ],
    "url": "https://www.eapteka.ru/goods/id500985/"
  },
  {
    "name": "Ци-Клим Аланин, таблетки   40 шт",
    "producer": "Эвалар, Россия",
    "active_component": "Бета-аланин",
    "qrcode": [
      4602242005445,
      "-"
    ],
    "url": "https://www.eapteka.ru/goods/id276943/"
  },
  {
    "name": "Травапресс Дуо, капли глазные 5 мг/мл+0.04 мг/мл  2,5 мл 1 шт",
    "producer": "К.О.Ромфарм Компани С.Р.Л., Румыния",
    "active_component": "",
    "qrcode": [
      5944728004405
    ],
    "url": "https://www.eapteka.ru/goods/id504287/"
  },
  {
    "name": "Бен-Гей, крем для наружного применения 50 г 1 шт",
    "producer": "Джонсои и Джонсон, Франция",
    "active_component": "Метилсалицилат, Рацементол",
    "qrcode": [
      3574660499001
    ],
    "url": "https://www.eapteka.ru/goods/id216620/"
  },
  {
    "name": "Фелодипин, таблетки пролонгированного действия 5 мг   30 шт",
    "producer": "Озон, Россия",
    "active_component": "Фелодипин",
    "qrcode": [
      4680020181598,
      "-",
      4680020185442
    ],
    "url": "https://www.eapteka.ru/goods/id484707/"
  },
  {
    "name": "Дилакса, 200 мг, 10 шт крка",
    "producer": "КРКА дд Ново место, Словения",
    "active_component": "Целекоксиб",
    "qrcode": [
      3838989656577
    ],
    "url": "https://www.eapteka.ru/goods/id294124/"
  },
  {
    "name": "Немулекс, гранулы д/приг суспензии для приема внутрь 100 мг/2 г    10 шт",
    "producer": "К.О.Ромфарм Компани С.Р.Л./Сотекс, Румыния",
    "active_component": "Нимесулид",
    "qrcode": [
      4605964003447
    ],
    "url": "https://www.eapteka.ru/goods/id235801/"
  },
  {
    "name": "Кларитромицин Экозитрин таблетки покрыт.плен.об. 500 мг, 14 шт.",
    "producer": "Авва Рус, Россия",
    "active_component": "Кларитромицин",
    "qrcode": [
      4680020230739
    ],
    "url": "https://www.eapteka.ru/goods/id276640/"
  },
  {
    "name": "Гербион сироп плюща, 150 мл",
    "producer": "КРКА дд Ново место, Словения",
    "active_component": "Плюща листьев экстракт",
    "qrcode": [
      3838989582296,
      38989582296
    ],
    "url": "https://www.eapteka.ru/goods/id246548/"
  },
  {
    "name": "Аторис, таблетки покрыт.плен.об. 30 мг 30",
    "producer": "КРКА дд Ново место, Словения",
    "active_component": "Аторвастатин",
    "qrcode": [
      3838989608200
    ],
    "url": "https://www.eapteka.ru/goods/id216536/"
  },
  {
    "name": "Тенорик, таблетки 100 мг+25 мг  28 шт",
    "producer": "Ипка Лабораториз Лимитед, Индия",
    "active_component": "Атенолол, Хлорталидон",
    "qrcode": [
      8901079000705
    ],
    "url": "https://www.eapteka.ru/goods/id28315/"
  },
  {
    "name": "Рабиет, капсулы кишечнорастворимые 20 мг   14 шт",
    "producer": "Оболенское ФП АО, Россия",
    "active_component": "Рабепразол",
    "qrcode": [
      4605077010264
    ],
    "url": "https://www.eapteka.ru/goods/id274721/"
  },
  {
    "name": "Лив 52, таблетки   100 шт",
    "producer": "Хималайя Драг Ко., Индия",
    "active_component": "Каперсы колючей экстр., Кассии западной экстр., Паслена черного плодов экстр., Тамарикса двудомно",
    "qrcode": [
      8901138110710,
      8901138010475
    ],
    "url": "https://www.eapteka.ru/goods/id28148/"
  }
]