[
  {
    "name": "АнвиМакс Клюква, пакетики 5 г, 12 шт.",
    "producer": "ФармВилар НПО, Россия",
    "active_component": "Парацетамол, Аскорбиновая кислота, Римантадин, Рутозид, Лоратадин, Кальция глюконат",
    "qrcode": [
      4605964004635
    ],
    "url": "https://www.eapteka.ru/goods/id227722/"
  },
  {
    "name": "Терафлекс Хондрокрем Форте, крем для наружного применения 50 г   1 шт",
    "producer": "Нижфарм АО, Россия",
    "active_component": "Мелоксикам, Хондроитина сульфат",
    "qrcode": [
      4250369507733
    ],
    "url": "https://www.eapteka.ru/goods/id326215/"
  },
  {
    "name": "Аквалор Норм средство д/орошения и промывания полости носа, 150 мл",
    "producer": "Нижфарм АО, Россия",
    "active_component": "Вода морская",
    "qrcode": [
      4601026309458
    ],
    "url": "https://www.eapteka.ru/goods/id287492/"
  },
  {
    "name": "Унитиол, ампулы 5% , 5 мл , 10 шт.",
    "producer": "Ереванская ХФФ, Армения",
    "active_component": "Димеркаптопропансульфонат натрия",
    "qrcode": [
      4850001740070
    ],
    "url": "https://www.eapteka.ru/goods/id234095/"
  },
  {
    "name": "Микафор, таблетки 12,5 мг+80 мг  28 шт",
    "producer": "Хайгланс Лабораториз Пвт. Лтд, Индия",
    "active_component": "Гидрохлоротиазид, Телмисартан",
    "qrcode": [
      8904102205146,
      8904102205143
    ],
    "url": "https://www.eapteka.ru/goods/id512619/"
  },
  {
    "name": "Зокардис 7,5, таблетки покрыт.плен.об. 7,5 мг 28 шт",
    "producer": "А.Менарини Мэнюфекчеринг Лоджистикс энд Сервисиз С, Италия",
    "active_component": "Зофеноприл",
    "qrcode": [
      4013054010600
    ],
    "url": "https://www.eapteka.ru/goods/id208369/"
  },
  {
    "name": "Кудесан капли для приема внутрь 30 мг/мл, 20 мл",
    "producer": "ВТФ ООО, Россия",
    "active_component": "Убидекаренон",
    "qrcode": [
      4660014181926,
      4630039901687,
      4660014180011
    ],
    "url": "https://www.eapteka.ru/goods/id208280/"
  },
  {
    "name": "Соннован, таблетки покрыт.плен.об. 3 мг 30 шт",
    "producer": "Канонфарма продакшн ЗАО, Россия",
    "active_component": "Мелатонин",
    "qrcode": [
      4630030920304,
      4606486038672,
      4630030920274,
      4606486024255
    ],
    "url": "https://www.eapteka.ru/goods/id259280/"
  },
  {
    "name": "Дексалгин 25, таблетки покрыт.плен.об. 25 мг 10 шт",
    "producer": "Лабораториос Менарини С.А., Испания",
    "active_component": "Декскетопрофен",
    "qrcode": [
      4013054006689,
      1800021853819,
      4013054025079,
      4013054002896
    ],
    "url": "https://www.eapteka.ru/goods/id206896/"
  },
  {
    "name": "Синекод, сироп 200 мл   1 шт",
    "producer": "ГСК Консьюмер Хелскер С.А., Швейцария",
    "active_component": "Бутамират",
    "qrcode": [
      4607045192262
    ],
    "url": "https://www.eapteka.ru/goods/id104821/"
  },
  {
    "name": "Фурагин, таблетки 50 мг 30 шт",
    "producer": "Олайнфарм, Латвия",
    "active_component": "Фуразидин",
    "qrcode": [
      4750258314683
    ],
    "url": "https://www.eapteka.ru/goods/id33234/"
  },
  {
    "name": "Сульфаргин, мазь для наружного применения 1 % 15 г 1 шт",
    "producer": "Гриндекс АО, Латвия",
    "active_component": "Сульфадиазин",
    "qrcode": [
      4750232011041
    ],
    "url": "https://www.eapteka.ru/goods/id508521/"
  },
  {
    "name": "Аргосульфан, крем для наружного применения 2 % 15 г 1 шт",
    "producer": "Ельфа Фармзавод, Польша",
    "active_component": "Сульфатиазол серебра",
    "qrcode": [
      5904398452029
    ],
    "url": "https://www.eapteka.ru/goods/id208302/"
  },
  {
    "name": "Риванол раствор 0,1 % для ухода за кожей, 100 мл",
    "producer": "Дина+ ООО, Россия",
    "active_component": "",
    "qrcode": [
      252525,
      "-",
      4630027040022,
      4630027040053,
      "*"
    ],
    "url": "https://www.eapteka.ru/goods/id278764/"
  },
  {
    "name": "Спаскупрель, таблетки   50 шт",
    "producer": "Biologische Heilmittel Heel, Германия",
    "active_component": "Гомеопатический состав",
    "qrcode": [
      4601654000314,
      4047642014794
    ],
    "url": "https://www.eapteka.ru/goods/id22952/"
  },
  {
    "name": "Деринат, раствор для местного и наружного применения 0,25 % спрей 10 мл",
    "producer": "ФЗ Иммуннолекс, Россия",
    "active_component": "Дезоксирибонуклеат натрия",
    "qrcode": [
      4605962000349,
      4607173030108
    ],
    "url": "https://www.eapteka.ru/goods/id240458/"
  },
  {
    "name": "Новобисмол таблетки покрыт.плен.об. 120 мг, 56 шт.",
    "producer": "Фармпроект, Россия",
    "active_component": "Висмута трикалия дицитрат",
    "qrcode": [
      4607019011131,
      4605077013807
    ],
    "url": "https://www.eapteka.ru/goods/id224548/"
  },
  {
    "name": "Нефростен таблетки покрыт. плен. об, 60 шт",
    "producer": "Эвалар, Россия",
    "active_component": "Золототысячника трава, Любистока лекарственного корни, Розмарина обыкновенного листья",
    "qrcode": [
      4602242010517
    ],
    "url": "https://www.eapteka.ru/goods/id338717/"
  },
  {
    "name": "Валз таблетки покрыт.плен.об. 80 мг, 28 шт.",
    "producer": "Балканфарма - Дупница АД, Болгария",
    "active_component": "Валсартан",
    "qrcode": [
      4607141997761,
      4630013790276,
      "-"
    ],
    "url": "https://www.eapteka.ru/goods/id212058/"
  },
  {
    "name": "Винпотропил капсулы, 60 шт.",
    "producer": "Канонфарма продакшн ЗАО, Россия",
    "active_component": "Винпоцетин, Пирацетам",
    "qrcode": [
      4606486001867,
      4606486031185,
      4606486038351
    ],
    "url": "https://www.eapteka.ru/goods/id206736/"
  }
]