[
  {
    "name": "Эуфиллин, таблетки 150 мг 30 шт",
    "producer": "Борисовский завод медицинских препаратов, Беларусь",
    "active_component": "Аминофиллин",
    "qrcode": [
      4810201002309
    ],
    "url": "https://www.eapteka.ru/goods/id18757/"
  },
  {
    "name": "Хлоргексидин, 0.5% спиртовой антисептик спрей 100 мл",
    "producer": "Росбио, Россия",
    "active_component": "Хлоргексидин",
    "qrcode": [
      4602453002790
    ],
    "url": "https://www.eapteka.ru/goods/id237673/"
  },
  {
    "name": "Ципрофлоксацин, таблетки 250 мг 10 шт",
    "producer": "Озон, Россия",
    "active_component": "Ципрофлоксацин",
    "qrcode": [
      4607027760168
    ],
    "url": "https://www.eapteka.ru/goods/id226824/"
  },
  {
    "name": "Ринорус, капли назальные 0,05 % 10 мл 1 шт",
    "producer": "Синтез ОАО, Россия",
    "active_component": "Ксилометазолин",
    "qrcode": [
      4602565013127
    ],
    "url": "https://www.eapteka.ru/goods/id221699/"
  },
  {
    "name": "Энам, таблетки 2,5 мг 20 шт",
    "producer": "Д-р Редди`с, Индия",
    "active_component": "Эналаприл",
    "qrcode": [
      8901148023017,
      8901148302355,
      8901148245495,
      8901148302164,
      "-"
    ],
    "url": "https://www.eapteka.ru/goods/id28009/"
  },
  {
    "name": "Энап, таблетки 2,5 мг 20 шт",
    "producer": "КРКА дд Ново место, Словения",
    "active_component": "Эналаприл",
    "qrcode": [
      4607055131800,
      4605635000379,
      3838989513108
    ],
    "url": "https://www.eapteka.ru/goods/id98841/"
  },
  {
    "name": "Бисакодил, таблетки 5 мг 30 шт",
    "producer": "Озон, Россия",
    "active_component": "Бисакодил",
    "qrcode": [
      4607027761424
    ],
    "url": "https://www.eapteka.ru/goods/id224987/"
  },
  {
    "name": "Атенолол 25 мг таблетки покрыт.об., 30 шт.",
    "producer": "Озон, Россия",
    "active_component": "Атенолол",
    "qrcode": [
      4607027764326,
      4680020185596
    ],
    "url": "https://www.eapteka.ru/goods/id268480/"
  },
  {
    "name": "Фенигидин, таблетки 10 мг 50 шт",
    "producer": "Здоровье, Украина",
    "active_component": "Нифедипин",
    "qrcode": [
      4820135585526
    ],
    "url": "https://www.eapteka.ru/goods/id114322/"
  },
  {
    "name": "Ко-тримоксазол, таблетки 480 мг 10 шт",
    "producer": "Фармстандарт-Лексредства, Россия",
    "active_component": "Ко-тримоксазол [Сульфаметоксазол, Триметоприм]",
    "qrcode": [
      4601669001856
    ],
    "url": "https://www.eapteka.ru/goods/id260306/"
  },
  {
    "name": "Панкреатин, таблетки покрыт.кишечнораств.об. 25 ед 20 шт",
    "producer": "Биосинтез, Россия",
    "active_component": "Панкреатин",
    "qrcode": [
      4602884010333
    ],
    "url": "https://www.eapteka.ru/goods/id212961/"
  },
  {
    "name": "Тимолол, капли глазные 0,5 % 10 мл 1 шт",
    "producer": "Славянская аптека, Россия",
    "active_component": "Тимолол",
    "qrcode": [
      4607005931597
    ],
    "url": "https://www.eapteka.ru/goods/id252636/"
  },
  {
    "name": "Фамотидин, таблетки покрыт.плен.об. 20 мг 20 шт",
    "producer": "Озон, Россия",
    "active_component": "Фамотидин",
    "qrcode": [
      4607027764241,
      4607027760335
    ],
    "url": "https://www.eapteka.ru/goods/id233916/"
  },
  {
    "name": "Сенадексин, таблетки   20 шт",
    "producer": "Здоровье, Украина",
    "active_component": "",
    "qrcode": [
      4820044111106
    ],
    "url": "https://www.eapteka.ru/goods/id216301/"
  },
  {
    "name": "Метрогил, раствор для инфузий 500 мг 100 мл 1 шт",
    "producer": "Юник Фармасьютикал Лабораториз, Индия",
    "active_component": "Метронидазол",
    "qrcode": [
      8901086130013
    ],
    "url": "https://www.eapteka.ru/goods/id29917/"
  },
  {
    "name": "Аммиак, р-р для наруж.применения и ингаляций 10% флак 40мл",
    "producer": "Йодные технологии и маркетинг, Россия",
    "active_component": "Аммиак",
    "qrcode": [
      4605404001132,
      "-"
    ],
    "url": "https://www.eapteka.ru/goods/id233157/"
  },
  {
    "name": "Глюкоза, таблетки 500 мг 10 шт",
    "producer": "Фармстандарт-Лексредства, Россия",
    "active_component": "Декстроза",
    "qrcode": [
      4602196002842,
      4601669008817
    ],
    "url": "https://www.eapteka.ru/goods/id106135/"
  },
  {
    "name": "Дексаметазон, таблетки 0,5 мг 10 шт",
    "producer": "Здоровье ФК, Украина",
    "active_component": "Дексаметазон",
    "qrcode": [
      4820090059377,
      "-"
    ],
    "url": "https://www.eapteka.ru/goods/id513903/"
  },
  {
    "name": "Цефотаксим, флакон 1 г",
    "producer": "Биохимик, Россия",
    "active_component": "Цефотаксим",
    "qrcode": [
      4602509009797
    ],
    "url": "https://www.eapteka.ru/goods/id45637/"
  },
  {
    "name": "Цефотаксим порошок д/приг. р-ра для в/в и в/м введ.1 г флаконы, 1 шт.",
    "producer": "Белмедпрепараты, Беларусь",
    "active_component": "Цефотаксим",
    "qrcode": [
      4810133005850,
      481013300585
    ],
    "url": "https://www.eapteka.ru/goods/id500809/"
  }
]