[
  {
    "name": "Омепразол-Акрихин, капсулы 20 мг   30 шт",
    "producer": "Акрихин ХФК АО, Россия",
    "active_component": "Омепразол",
    "qrcode": [
      4601969008128,
      4601969003703
    ],
    "url": "https://www.eapteka.ru/goods/id203153/"
  },
  {
    "name": "Ротокан, раствор для местного применения 25 мл   1 шт",
    "producer": "Московская ФФ, Россия",
    "active_component": "",
    "qrcode": [
      4601429002147
    ],
    "url": "https://www.eapteka.ru/goods/id66696/"
  },
  {
    "name": "Эналаприл Гексал, таблетки 10 мг 20 шт",
    "producer": "Салютас Фарма ГмбХ, Германия",
    "active_component": "Эналаприл",
    "qrcode": [
      4030855038060,
      7613421046880
    ],
    "url": "https://www.eapteka.ru/goods/id209685/"
  },
  {
    "name": "Кардикет, таблетки пролонг действия 20 мг 20 шт",
    "producer": "Эйсика Фармасьютикалс ГмбХ, Германия",
    "active_component": "Изосорбида динитрат",
    "qrcode": [
      5450557011564,
      4030729002951
    ],
    "url": "https://www.eapteka.ru/goods/id25477/"
  },
  {
    "name": "Дротаверин-Тева, таблетки 40 мг 20 шт",
    "producer": "Адифарм ЕАД, Болгария",
    "active_component": "Дротаверин",
    "qrcode": [
      3800089810029
    ],
    "url": "https://www.eapteka.ru/goods/id250496/"
  },
  {
    "name": "Панкреатин, таблетки покрыт.кишечнораств.об. 25 ед 60 шт",
    "producer": "Авексима Сибирь, Россия",
    "active_component": "Панкреатин",
    "qrcode": [
      4607100621850
    ],
    "url": "https://www.eapteka.ru/goods/id275735/"
  },
  {
    "name": "Кватран ксило ампулы+флакон Renewal, капли назальные 0,1 % 15 мл 1 шт",
    "producer": "Обновление ПФК АО, Россия",
    "active_component": "Ксилометазолин",
    "qrcode": [
      4603988016597
    ],
    "url": "https://www.eapteka.ru/goods/id497542/"
  },
  {
    "name": "Фукорцин, раствор для наружного применения   25 мл 1 шт",
    "producer": "Ярославская фармфабрика, Россия",
    "active_component": "Ацетон, Борная кислота, Резорцинол",
    "qrcode": [
      4603380000989
    ],
    "url": "https://www.eapteka.ru/goods/id248818/"
  },
  {
    "name": "Метопролол Реневал, таблетки 50 мг 30 шт",
    "producer": "Обновление ПФК АО, Россия",
    "active_component": "Метопролол",
    "qrcode": [
      4603988019437
    ],
    "url": "https://www.eapteka.ru/goods/id512571/"
  },
  {
    "name": "Дигоксин Реневал, таблетки 0,25 мл 56 шт",
    "producer": "Обновление ПФК АО, Россия",
    "active_component": "Дигоксин",
    "qrcode": [
      4603988013572
    ],
    "url": "https://www.eapteka.ru/goods/id278986/"
  },
  {
    "name": "Парацетамол Реневал, таблетки   20 шт",
    "producer": "Обновление ПФК АО, Россия",
    "active_component": "Парацетамол",
    "qrcode": [
      4603988004136,
      4640103850025
    ],
    "url": "https://www.eapteka.ru/goods/id234898/"
  },
  {
    "name": "МИГ 400, таблетки покрыт.плен.об. 400 мг 10 шт",
    "producer": "Берлин-Хеми/Менарини, Германия",
    "active_component": "Ибупрофен",
    "qrcode": [
      4013054008003
    ],
    "url": "https://www.eapteka.ru/goods/id209707/"
  },
  {
    "name": "Фамотидин, таблетки 40 мг 20 шт",
    "producer": "Хемофарм ООО, Россия",
    "active_component": "Фамотидин",
    "qrcode": [
      4607143560444
    ],
    "url": "https://www.eapteka.ru/goods/id204742/"
  },
  {
    "name": "Глицерин, жидкость для местного применения , 25 г",
    "producer": "Ивановская фармфабрика, Россия",
    "active_component": "Глицерол",
    "qrcode": [
      4603184001663
    ],
    "url": "https://www.eapteka.ru/goods/id234450/"
  },
  {
    "name": "Кислота глютаминовая, таблетки 250 мг 10 шт",
    "producer": "Татхимфармпрепараты, Россия",
    "active_component": "",
    "qrcode": [
      4604060251073,
      "-",
      4604060995946
    ],
    "url": "https://www.eapteka.ru/goods/id203026/"
  },
  {
    "name": "Пертуссин, сироп 100 г фл 1 шт",
    "producer": "Флора Кавказа, Россия",
    "active_component": "Тимьяна ползучего травы экстракт, Калия бромид",
    "qrcode": [
      4606367000347,
      4606367002587,
      4606367001412
    ],
    "url": "https://www.eapteka.ru/goods/id202942/"
  },
  {
    "name": "Солодки корень, сироп     1 шт",
    "producer": "Флора Кавказа, Россия",
    "active_component": "Солодки корни",
    "qrcode": [
      4606367000330,
      4606367002549,
      4606367003355
    ],
    "url": "https://www.eapteka.ru/goods/id233165/"
  },
  {
    "name": "Окситоцин раствор для инфузий и в/м введ 5 МЕ/мл 1 мл ампулы, 5 шт.",
    "producer": "Гедеон Рихтер, Венгрия",
    "active_component": "Окситоцин",
    "qrcode": [
      5997001391464,
      "-",
      5997001326992
    ],
    "url": "https://www.eapteka.ru/goods/id21926/"
  },
  {
    "name": "Нафтизин, спрей назальный 0,1 % 15 мл 1 шт",
    "producer": "Лекко ЗАО, Россия",
    "active_component": "Нафазолин",
    "qrcode": [
      4603671002791
    ],
    "url": "https://www.eapteka.ru/goods/id225655/"
  },
  {
    "name": "Цинковая, мазь для наружного применения 25 г   1 шт",
    "producer": "Тульская фармфабрика, Россия",
    "active_component": "Цинка оксид",
    "qrcode": [
      4603905002238
    ],
    "url": "https://www.eapteka.ru/goods/id234815/"
  }
]