[
  {
    "name": "Амоксиклав Квиктаб, таблетки растворимые 875 мг+125 мг 14 шт",
    "producer": "Лек д.д., Словения",
    "active_component": "Амоксициллин, Клавулановая кислота",
    "qrcode": [
      3838957011018
    ],
    "url": "https://www.eapteka.ru/goods/id211441/"
  },
  {
    "name": "Моксифлоксацин, таблетки покрыт.плен.об. 400 мг 5 шт",
    "producer": "Озон, Россия",
    "active_component": "Моксифлоксацин",
    "qrcode": [
      4680020181611
    ],
    "url": "https://www.eapteka.ru/goods/id484698/"
  },
  {
    "name": "Фосфалюгель, гель для приема внутрь саше 20 шт",
    "producer": "Фарматис, Франция",
    "active_component": "Алюминия фосфат",
    "qrcode": [
      3664798040425,
      4607098452245
    ],
    "url": "https://www.eapteka.ru/goods/id511096/"
  },
  {
    "name": "Стимбифид, таблетки 550 мг, 80 шт.",
    "producer": "В-МИН+, Россия",
    "active_component": "",
    "qrcode": [
      4607085232737
    ],
    "url": "https://www.eapteka.ru/goods/id208866/"
  },
  {
    "name": "Эсслиал форте, капсулы 300 мг   30 шт",
    "producer": "Озон, Россия",
    "active_component": "Фосфолипиды",
    "qrcode": [
      4607027767242
    ],
    "url": "https://www.eapteka.ru/goods/id294664/"
  },
  {
    "name": "Фенистил Гель от зуда и раздражения кожи, гель для наружного применения     1 шт",
    "producer": "ГСК Консьюмер Хелскер С.А., Швейцария",
    "active_component": "Диметинден",
    "qrcode": [
      7680387629006,
      "-",
      4607045191692
    ],
    "url": "https://www.eapteka.ru/goods/id104831/"
  },
  {
    "name": "Мексифин р-р для в/в и в/м введен. 50 мг/мл 5 мл ампулы, 10 шт.",
    "producer": "ФГУП Фармзащита НПЦ, Россия",
    "active_component": "Этилметилгидроксипиридина сукцинат",
    "qrcode": [
      4607095330072,
      4602779005932
    ],
    "url": "https://www.eapteka.ru/goods/id211327/"
  },
  {
    "name": "Кетопрофен-Лор, раствор для полоскания 16 мг/мл 200 мл 1 шт",
    "producer": "Фармстандарт-Лексредства, Россия",
    "active_component": "Кетопрофен",
    "qrcode": [
      4601669013941
    ],
    "url": "https://www.eapteka.ru/goods/id359412/"
  },
  {
    "name": "Стиллавит, раствор офтальмологический   10 мл 1 шт",
    "producer": "Офтальм-Ренессанс, Россия",
    "active_component": "Натрия гиалуронат",
    "qrcode": [
      1977813217002
    ],
    "url": "https://www.eapteka.ru/goods/id221060/"
  },
  {
    "name": "Лерникор таблетки покрыт. плен. об. 20 мг, 28 шт.",
    "producer": "Оболенское ФП АО, Россия",
    "active_component": "Лерканидипин",
    "qrcode": [
      4605077012114,
      4605077014927
    ],
    "url": "https://www.eapteka.ru/goods/id325860/"
  },
  {
    "name": "Гастал, таблетки для рассасывания 24 шт",
    "producer": "Плива Хрватска д.о.о., Хорватия",
    "active_component": "",
    "qrcode": [
      3850114216210,
      3850114243070
    ],
    "url": "https://www.eapteka.ru/goods/id210442/"
  },
  {
    "name": "Хондроксид, гель для наружного применения     1 шт",
    "producer": "Нижфарм АО, Россия",
    "active_component": "Хондроитина сульфат",
    "qrcode": [
      4601026303838
    ],
    "url": "https://www.eapteka.ru/goods/id210462/"
  },
  {
    "name": "Нутрикомп Дринк Плюс, с ванильным вкусом, 200 мл",
    "producer": "Нутрихем Диэт+Фарма ГмбХ, Германия",
    "active_component": "",
    "qrcode": [
      4030539104579
    ],
    "url": "https://www.eapteka.ru/goods/id225845/"
  },
  {
    "name": "Аква Марис Лейка устройство+30 саше морская соль, 1 уп",
    "producer": "ЯДРАН-ГАЛЕНСКИ ЛАБОРАТОРИЙ а.о., Хорватия",
    "active_component": "Вода морская",
    "qrcode": [
      3856013219840
    ],
    "url": "https://www.eapteka.ru/goods/id278698/"
  },
  {
    "name": "Сеалекс Силденафил таблетки покрыт.плен.об 100 мг, таблетки покрыт.плен.об. 100 мг 1 шт",
    "producer": "Оксфорд Лабораториз Пвт. Лтд., Индия",
    "active_component": "Силденафил",
    "qrcode": [
      8902034113690
    ],
    "url": "https://www.eapteka.ru/goods/id335903/"
  },
  {
    "name": "Вамлосет, таблетки покрыт.плен.об. 5 мг+80 мг 30 шт",
    "producer": "КРКА-РУС, Россия",
    "active_component": "Амлодипин, Валсартан",
    "qrcode": [
      4610017700723,
      "-",
      "*"
    ],
    "url": "https://www.eapteka.ru/goods/id294106/"
  },
  {
    "name": "Афлубин, капли для приема внутрь , 20 мл",
    "producer": "Рихард Биттнер АГ, Австрия",
    "active_component": "Гомеопатический состав",
    "qrcode": [
      5350586000211,
      90266010
    ],
    "url": "https://www.eapteka.ru/goods/id18295/"
  },
  {
    "name": "Энап, таблетки 20 мг 60 шт",
    "producer": "КРКА дд Ново место, Словения",
    "active_component": "Эналаприл",
    "qrcode": [
      4607055137611
    ],
    "url": "https://www.eapteka.ru/goods/id238310/"
  },
  {
    "name": "Лошадиная сила Гель для вен с каштаном и пиявкой, 125 мл",
    "producer": "Красота и здоровье, Россия",
    "active_component": "",
    "qrcode": [
      4620016240977,
      4620016241103
    ],
    "url": "https://www.eapteka.ru/goods/id511216/"
  },
  {
    "name": "Финалгель, гель для наружного применения     1 шт",
    "producer": "С.П.М. КонтрактФарма ГмбХ, Германия",
    "active_component": "Пироксикам",
    "qrcode": [
      9006968002965,
      3582910082507
    ],
    "url": "https://www.eapteka.ru/goods/id23176/"
  }
]