[
  {
    "name": "Лошадиная сила Гель для вен с каштаном и пиявкой, 125 мл",
    "producer": "Красота и здоровье, Россия",
    "active_component": "",
    "qrcode": [
      4620016240977,
      4620016241103
    ],
    "url": "https://www.eapteka.ru/goods/id511216/"
  },
  {
    "name": "Финалгель, гель для наружного применения     1 шт",
    "producer": "С.П.М. КонтрактФарма ГмбХ, Германия",
    "active_component": "Пироксикам",
    "qrcode": [
      9006968002965,
      3582910082507
    ],
    "url": "https://www.eapteka.ru/goods/id23176/"
  },
  {
    "name": "Ферретаб комп., капсулы пролонгированного действия     30 шт",
    "producer": "Ланнахер, Австрия",
    "active_component": "Железа фумарат, Фолиевая кислота",
    "qrcode": [
      9008732004670,
      7640153087713
    ],
    "url": "https://www.eapteka.ru/goods/id17912/"
  },
  {
    "name": "Дипиридамол таблетки покрыт.плен.об. 25мг, 100 шт.",
    "producer": "Озон, Россия",
    "active_component": "Дипиридамол",
    "qrcode": [
      4607027768829
    ],
    "url": "https://www.eapteka.ru/goods/id294356/"
  },
  {
    "name": "Радевит Актив, мазь для наружного применения 35 г 1 шт",
    "producer": "Ретиноиды АО, Россия",
    "active_component": "",
    "qrcode": [
      4601607000989
    ],
    "url": "https://www.eapteka.ru/goods/id220768/"
  },
  {
    "name": "Комфодерм М2, крем для наружного применения 10 г 1 шт",
    "producer": "Акрихин ХФК АО, Россия",
    "active_component": "Метилпреднизолона ацепонат, Мочевина",
    "qrcode": [
      4601969008111
    ],
    "url": "https://www.eapteka.ru/goods/id312682/"
  },
  {
    "name": "Хепель, таблетки   50 шт",
    "producer": "Biologische Heilmittel Heel, Германия",
    "active_component": "Гомеопатический состав",
    "qrcode": [
      4601654000352,
      4047642014480,
      4047642018044
    ],
    "url": "https://www.eapteka.ru/goods/id22978/"
  },
  {
    "name": "Моксонидин-СЗ, таблетки покрыт.плен.об. 0,4 мг 60 шт",
    "producer": "Северная Звезда, Россия",
    "active_component": "Моксонидин",
    "qrcode": [
      4690655009969,
      4690655021312
    ],
    "url": "https://www.eapteka.ru/goods/id265896/"
  },
  {
    "name": "Лозап таблетки покрыт.плен.об. 50 мг, 60 шт.",
    "producer": "Санека Фармасьютикалс а.с., Словакия",
    "active_component": "Лозартан",
    "qrcode": [
      3582910090755,
      "-",
      3664798046762
    ],
    "url": "https://www.eapteka.ru/goods/id257456/"
  },
  {
    "name": "Випросал В, мазь для наружного применения 50 г 1 шт",
    "producer": "Гриндекс АО, Латвия",
    "active_component": "Камфора, Салициловая кислота, Скипидар живичный, Яд гадюки",
    "qrcode": [
      4750232007853,
      4750232012321
    ],
    "url": "https://www.eapteka.ru/goods/id105163/"
  },
  {
    "name": "Кетонал, гель для наружного применения 2,5 % 50 г",
    "producer": "Салютас Фарма ГмбХ, Германия",
    "active_component": "Кетопрофен",
    "qrcode": [
      4030855444830
    ],
    "url": "https://www.eapteka.ru/goods/id211382/"
  },
  {
    "name": "Гевискон Двойное Действие, суспензия для приема внутрь мятная 150 мл",
    "producer": "Рекитт Бенкизер Хелскер, Великобритания",
    "active_component": "Натрия алгинат, Натрия гидрокарбонат, Кальция карбонат",
    "qrcode": [
      5000158069305
    ],
    "url": "https://www.eapteka.ru/goods/id223571/"
  },
  {
    "name": "Колдрекс МаксГрипп со вкусом лимона, порошок д/приг р-ра д/приема внутрь 6 г 10 шт",
    "producer": "СмитКляйн Бичем С.А., Испания",
    "active_component": "Парацетамол, Фенилэфрин, Аскорбиновая кислота",
    "qrcode": [
      4602233002118
    ],
    "url": "https://www.eapteka.ru/goods/id206769/"
  },
  {
    "name": "Аторвастатин-СЗ таблетки покрыт.плен.об. 10 мг, 90 шт.",
    "producer": "Северная Звезда, Россия",
    "active_component": "Аторвастатин",
    "qrcode": [
      4690655023699,
      4690655013416
    ],
    "url": "https://www.eapteka.ru/goods/id504863/"
  },
  {
    "name": "Септолете Тотал, спрей для местного применения     1 шт",
    "producer": "КРКА дд Ново место, Словения",
    "active_component": "Бензидамин, Цетилпиридиния хлорид",
    "qrcode": [
      3838989669126
    ],
    "url": "https://www.eapteka.ru/goods/id294605/"
  },
  {
    "name": "Редецил, мазь для наружного применения     1 шт",
    "producer": "Ретиноиды АО, Россия",
    "active_component": "Диоксометилтетрагидропиримидин, Ретинол",
    "qrcode": [
      4601607000538
    ],
    "url": "https://www.eapteka.ru/goods/id222745/"
  },
  {
    "name": "Ременс, таблетки   12 шт",
    "producer": "Рихард Биттнер АГ, Австрия",
    "active_component": "Гомеопатический состав",
    "qrcode": [
      9005441701258,
      5350586000440
    ],
    "url": "https://www.eapteka.ru/goods/id210355/"
  },
  {
    "name": "Топалепсин, таблетки 50мг 30шт",
    "producer": "Акрихин ХФК АО, Россия",
    "active_component": "Топирамат",
    "qrcode": [
      4601969005868
    ],
    "url": "https://www.eapteka.ru/goods/id237663/"
  },
  {
    "name": "Кларитромицин-Тева, таблетки покрыт.плен.об. 500 мг 14 шт.",
    "producer": "Плива Хрватска д.о.о., Хорватия",
    "active_component": "Кларитромицин",
    "qrcode": [
      3850114225885
    ],
    "url": "https://www.eapteka.ru/goods/id213630/"
  },
  {
    "name": "Тантум Верде, раствор для местного применения     1 шт",
    "producer": "Азиенде Кимике Риуните Анжелини Франческо А.К.Р.А., Италия",
    "active_component": "Бензидамин",
    "qrcode": [
      8000036024751
    ],
    "url": "https://www.eapteka.ru/goods/id495531/"
  }
]