[
  {
    "name": "Изофра, спрей назальный 1,25 % 15 мл",
    "producer": "Лаборатории Бушара-Рекордати, Франция",
    "active_component": "Фрамицетин",
    "qrcode": [
      3592752847714,
      5391519923603
    ],
    "url": "https://www.eapteka.ru/goods/id124599/"
  },
  {
    "name": "Кардиолип таблетки покрыт.плен.об. 10 мг, 30 шт.",
    "producer": "Алси Фарма, Россия",
    "active_component": "Розувастатин",
    "qrcode": [
      4607011634086
    ],
    "url": "https://www.eapteka.ru/goods/id312361/"
  },
  {
    "name": "АД-норма капсулы 300 мг, 60 шт.",
    "producer": "ВИС ООО, Россия",
    "active_component": "",
    "qrcode": [
      4607039970357,
      4607039975604
    ],
    "url": "https://www.eapteka.ru/goods/id212693/"
  },
  {
    "name": "Вальсакор H80, таблетки покрыт.плен.об. 80 мг+12,5 мг 30 шт",
    "producer": "КРКА-РУС, Россия",
    "active_component": "Валсартан, Гидрохлоротиазид",
    "qrcode": [
      3838989644703,
      4610017700808
    ],
    "url": "https://www.eapteka.ru/goods/id235302/"
  },
  {
    "name": "Гопантеновая кислота таблетки 500 мг, 50 шт.",
    "producer": "Северная Звезда, Россия",
    "active_component": "Гопантеновая кислота",
    "qrcode": [
      4690655022050
    ],
    "url": "https://www.eapteka.ru/goods/id497675/"
  },
  {
    "name": "Антигриппин, саше д/взр ромашка, 10 шт.",
    "producer": "Натур Продукт Фарма, Польша",
    "active_component": "",
    "qrcode": [
      8717627109161,
      4607013581081,
      8717627107006
    ],
    "url": "https://www.eapteka.ru/goods/id213006/"
  },
  {
    "name": "Аэртал, крем для наружного применения 1,5 % 60 г 1 шт",
    "producer": "Гедеон Рихтер, Венгрия",
    "active_component": "Ацеклофенак",
    "qrcode": [
      5997001362907
    ],
    "url": "https://www.eapteka.ru/goods/id221328/"
  },
  {
    "name": "Диклофенак-Тева  гель 1%, 100 г",
    "producer": "Меркле ГмбХ, Германия",
    "active_component": "Диклофенак",
    "qrcode": [
      4030096118309
    ],
    "url": "https://www.eapteka.ru/goods/id287666/"
  },
  {
    "name": "Клеримед, таблетки покрыт.плен.об. 500 мг 14 шт",
    "producer": "Медокеми Лтд, Кипр",
    "active_component": "Кларитромицин",
    "qrcode": [
      5290931004443,
      4640108720064
    ],
    "url": "https://www.eapteka.ru/goods/id315248/"
  },
  {
    "name": "Компливит Кальций Д3 форте, таблетки жевательные мятные, 60 шт.",
    "producer": "Фармстандарт-УфаВИТА, Россия",
    "active_component": "Кальция карбонат, Колекальциферол",
    "qrcode": [
      4601808008166
    ],
    "url": "https://www.eapteka.ru/goods/id338075/"
  },
  {
    "name": "Натальсид, суппозитории ректальные 250 мг 10 шт.",
    "producer": "Нижфарм АО, Россия",
    "active_component": "Натрия алгинат",
    "qrcode": [
      4601026307195,
      4601026117565
    ],
    "url": "https://www.eapteka.ru/goods/id70876/"
  },
  {
    "name": "Кеторол гель для наружного применения 2%, 50 г",
    "producer": "Д-р Редди`с, Индия",
    "active_component": "Кеторолак",
    "qrcode": [
      8901148239845,
      8901148238951
    ],
    "url": "https://www.eapteka.ru/goods/id334610/"
  },
  {
    "name": "Ремаксол, раствор для инфузий 400 мл 1 шт",
    "producer": "Полисан НТФФ ООО, Россия",
    "active_component": "",
    "qrcode": [
      4603191000307
    ],
    "url": "https://www.eapteka.ru/goods/id216492/"
  },
  {
    "name": "Назарел, спрей назальный 50 мкг/доза 120 доз 1 шт",
    "producer": "Тева Чешские Предприятия с.р.о., Чешская Республика",
    "active_component": "Флутиказон",
    "qrcode": [
      8594737209819
    ],
    "url": "https://www.eapteka.ru/goods/id211328/"
  },
  {
    "name": "Окуларис Антисепт капли глазные 0,5 мг/мл флакон-капельницы, 10 мл",
    "producer": "Фармстандарт-УфаВИТА, Россия",
    "active_component": "Пиклоксидин",
    "qrcode": [
      4601808014327
    ],
    "url": "https://www.eapteka.ru/goods/id514118/"
  },
  {
    "name": "Нефростен раствор для приема внутрь, 100 мл",
    "producer": "Эвалар, Россия",
    "active_component": "Золототысячника трава, Любистока лекарственного корни, Розмарина обыкновенного листья",
    "qrcode": [
      4602242010494
    ],
    "url": "https://www.eapteka.ru/goods/id338718/"
  },
  {
    "name": "Риксия, таблетки покрыт.плен.об. 120 мг 7 шт",
    "producer": "Сан Фармасьютикал Индастриз Лтд, Индия",
    "active_component": "Эторикоксиб",
    "qrcode": [
      8901296048283
    ],
    "url": "https://www.eapteka.ru/goods/id492601/"
  },
  {
    "name": "Индометацин 50 Берлин-Хеми, суппозитории ректальные 50 мг 10 шт",
    "producer": "Берлин-Хеми АГ, Германия",
    "active_component": "Индометацин",
    "qrcode": [
      4013054000793
    ],
    "url": "https://www.eapteka.ru/goods/id22389/"
  },
  {
    "name": "Микразим, капсулы 25000 ед 20 шт",
    "producer": "Авва Рус, Россия",
    "active_component": "Панкреатин",
    "qrcode": [
      4607003664756,
      4680020230982,
      "-"
    ],
    "url": "https://www.eapteka.ru/goods/id208644/"
  },
  {
    "name": "Бронхобос, сироп 125 мг/5 мл 200 мл 1 шт",
    "producer": "Босналек, Босния и Герцеговина",
    "active_component": "Карбоцистеин",
    "qrcode": [
      3870010000645
    ],
    "url": "https://www.eapteka.ru/goods/id225635/"
  }
]