[
  {
    "name": "Клион-Д 100, таблетки вагинальные 100 мг+100 мг 10 шт",
    "producer": "Гедеон Рихтер, Венгрия",
    "active_component": "Метронидазол, Миконазол",
    "qrcode": [
      4605469000781,
      4605469004192
    ],
    "url": "https://www.eapteka.ru/goods/id21917/"
  },
  {
    "name": "Монтавит, гель, 50 г",
    "producer": "Монтавит Фармацойтише Фабрик ГмбХ, Австрия",
    "active_component": "Гидроксиэтилцеллюлоза",
    "qrcode": [
      9001505004075
    ],
    "url": "https://www.eapteka.ru/goods/id205979/"
  },
  {
    "name": "Риностоп Аква Норм, спрей назальный 125 мл   1 шт",
    "producer": "Лаборатория Де Ла Мер, Франция",
    "active_component": "Морская соль",
    "qrcode": [
      4650070610065
    ],
    "url": "https://www.eapteka.ru/goods/id259550/"
  },
  {
    "name": "Димексид, конц. для р-ра для наружн.прим. 99 % 100 мл",
    "producer": "Тульская фармфабрика, Россия",
    "active_component": "Диметилсульфоксид",
    "qrcode": [
      4603905003129
    ],
    "url": "https://www.eapteka.ru/goods/id233599/"
  },
  {
    "name": "Бронхалис-Хель, таблетки   50 шт",
    "producer": "Biologische Heilmittel Heel, Германия",
    "active_component": "Гомеопатический состав",
    "qrcode": [
      4601654000239,
      4047642014251
    ],
    "url": "https://www.eapteka.ru/goods/id22891/"
  },
  {
    "name": "Рекогнан, раствор для приема внутрь 100 мг/мл 30 мл 1 шт",
    "producer": "САГ Мануфактуринг С.Л.У, Испания",
    "active_component": "Цитиколин",
    "qrcode": [
      4607008360714
    ],
    "url": "https://www.eapteka.ru/goods/id294582/"
  },
  {
    "name": "Миоризон р-р для в/в и в/м введ.100 мг/мл +2,5 мг/мл 1 мл ампулы, 5 шт.",
    "producer": "МЭЗ, Россия",
    "active_component": "Толперизон, Лидокаин",
    "qrcode": [
      4602676012118
    ],
    "url": "https://www.eapteka.ru/goods/id507141/"
  },
  {
    "name": "Амелотекс суппозитории ректальные 15 мг, 6 шт.",
    "producer": "Фармпроект, Россия",
    "active_component": "Мелоксикам",
    "qrcode": [
      4605964004970,
      4607019011650
    ],
    "url": "https://www.eapteka.ru/goods/id259289/"
  },
  {
    "name": "Хайрабезол, таблетки покрыт.кишечнораств.об. 10 мг   15 шт",
    "producer": "Хайгланс Лабораториз Пвт. Лтд, Индия",
    "active_component": "Рабепразол",
    "qrcode": [
      8904102203692,
      "-",
      8904102205337
    ],
    "url": "https://www.eapteka.ru/goods/id216632/"
  },
  {
    "name": "Гастал, таблетки для рассасывания 30 шт.",
    "producer": "Тева Оперейшнс Поланд Сп. з о.о., Польша",
    "active_component": "Гидроталцит, Магния гидроксид",
    "qrcode": [
      5900004074364,
      3850114223997,
      5900004074821
    ],
    "url": "https://www.eapteka.ru/goods/id103613/"
  },
  {
    "name": "Телсартан, таблетки 40 мг 30 шт",
    "producer": "Д-р Редди`с, Индия",
    "active_component": "Телмисартан",
    "qrcode": [
      8901148239951,
      8901148272221
    ],
    "url": "https://www.eapteka.ru/goods/id288445/"
  },
  {
    "name": "Кловейт, крем для наружного применения 0,05 % 25 г",
    "producer": "Ельфа Фармзавод, Польша",
    "active_component": "Клобетазол",
    "qrcode": [
      5904398472027
    ],
    "url": "https://www.eapteka.ru/goods/id218161/"
  },
  {
    "name": "Ригевидон 21+7, таблетки   28 шт",
    "producer": "Гедеон Рихтер, Венгрия",
    "active_component": "Этинилэстрадиол, Левоноргестрел",
    "qrcode": [
      5997001359068
    ],
    "url": "https://www.eapteka.ru/goods/id207290/"
  },
  {
    "name": "Гинкго Билоба, капсулы 80 мг 30 шт",
    "producer": "Вертекс, Россия",
    "active_component": "Гинкго двулопастного листьев экстракт",
    "qrcode": [
      4607003247119
    ],
    "url": "https://www.eapteka.ru/goods/id263189/"
  },
  {
    "name": "Сонапакс, таблетки покрыт.об. 25 мг 60 шт",
    "producer": "Ельфа Фармзавод, Польша",
    "active_component": "Тиоридазин",
    "qrcode": [
      5904398249025
    ],
    "url": "https://www.eapteka.ru/goods/id34647/"
  },
  {
    "name": "Нимулид, таблетки 100 мг 30 шт",
    "producer": "Панацея Биотек, Индия",
    "active_component": "Нимесулид",
    "qrcode": [
      8901168038039,
      8901168038036
    ],
    "url": "https://www.eapteka.ru/goods/id203146/"
  },
  {
    "name": "Вольтарен, пластырь трансдермальный 15 мг/сут 5 шт",
    "producer": "Доджин Ияку-Како Ко.Лтд.,Фабрика Фукусима, Япония",
    "active_component": "Диклофенак",
    "qrcode": [
      4607045191968
    ],
    "url": "https://www.eapteka.ru/goods/id219692/"
  },
  {
    "name": "Фосфорал Ромфарм, гранулы д/приг р-ра д/приема внутрь 3 г 1 шт",
    "producer": "К.О.Ромфарм Компани С.Р.Л., Румыния",
    "active_component": "Фосфомицин",
    "qrcode": [
      5944728003484
    ],
    "url": "https://www.eapteka.ru/goods/id274489/"
  },
  {
    "name": "Дезал, таблетки покрыт.плен.об. 5 мг 30 шт",
    "producer": "Актавис Лтд, Мальта",
    "active_component": "Дезлоратадин",
    "qrcode": [
      4607141998133,
      4630013790382
    ],
    "url": "https://www.eapteka.ru/goods/id222725/"
  },
  {
    "name": "Эторикоксиб-Тева, таблетки покрыт.плен.об. 90 мг 7 шт",
    "producer": "Тева Фармасьютикал Воркс Прайвэт Лимитед Компани, Венгрия",
    "active_component": "Эторикоксиб",
    "qrcode": [
      5995377131042
    ],
    "url": "https://www.eapteka.ru/goods/id500901/"
  }
]