[
  {
    "name": "Ангирин спрей гигиенический для носа и полости рта, 20 мл",
    "producer": "Инновационные Технологии здоровья, Россия",
    "active_component": "",
    "qrcode": [
      4630017841608
    ],
    "url": "https://www.eapteka.ru/goods/id502268/"
  },
  {
    "name": "Пумпан, капли для приема внутрь     1 шт",
    "producer": "Рихард Биттнер АГ, Австрия",
    "active_component": "Гомеопатический состав",
    "qrcode": [
      90266027,
      5350586000310
    ],
    "url": "https://www.eapteka.ru/goods/id18339/"
  },
  {
    "name": "Золмитриптан-СЗ таблетки покрыт.плен.об. 2,5 мг, 10 шт.",
    "producer": "Северная Звезда, Россия",
    "active_component": "Золмитриптан",
    "qrcode": [
      4690655023521
    ],
    "url": "https://www.eapteka.ru/goods/id500666/"
  },
  {
    "name": "Артрозилен, гель для наружного применения 5 % 50 г 1 шт",
    "producer": "Доппель Фармачеутичи С.Р.Л., Италия",
    "active_component": "Кетопрофен",
    "qrcode": [
      8024825000139
    ],
    "url": "https://www.eapteka.ru/goods/id207595/"
  },
  {
    "name": "Постакнетин гель для коррекции рубцов и пигментных пятен после угревой сыпи, 10 г",
    "producer": "OLIC (Thailand) Limited, Таиланд",
    "active_component": "",
    "qrcode": [
      8852027351816
    ],
    "url": "https://www.eapteka.ru/goods/id490123/"
  },
  {
    "name": "Фрезубин Оригинал, пакет, 500 мл",
    "producer": "Фрезениус Каби Дойчланд ГмбХ, Германия",
    "active_component": "",
    "qrcode": [
      4086000006996
    ],
    "url": "https://www.eapteka.ru/goods/id209408/"
  },
  {
    "name": "Нутрикомп суп куриный пластиковая бутылка, 200 мл",
    "producer": "Нутрихем Диэт+Фарма ГмбХ, Германия",
    "active_component": "",
    "qrcode": [
      4030539186810
    ],
    "url": "https://www.eapteka.ru/goods/id316680/"
  },
  {
    "name": "Тригрим, таблетки 5 мг 30 шт",
    "producer": "Акрихин ХФК АО, Россия",
    "active_component": "Торасемид",
    "qrcode": [
      4601969008616,
      5903060004559
    ],
    "url": "https://www.eapteka.ru/goods/id215372/"
  },
  {
    "name": "Риксия, таблетки покрыт.плен.об. 90 мг 14 шт",
    "producer": "Сан Фармасьютикал Индастриз Лтд, Индия",
    "active_component": "Эторикоксиб",
    "qrcode": [
      8901296048276
    ],
    "url": "https://www.eapteka.ru/goods/id492600/"
  },
  {
    "name": "Гепатосан, капсулы 0.2 г, 10 шт.",
    "producer": "Медминипром, Россия",
    "active_component": "Высушенные клетки печени донорской свиньи",
    "qrcode": [
      4606159000012
    ],
    "url": "https://www.eapteka.ru/goods/id233360/"
  },
  {
    "name": "Доктор Тайсс Сироп от кашля с подорожником ночной, 100 мл",
    "producer": "Доктор Тайсс Натурварен ГмбХ, Германия",
    "active_component": "Подорожника ланц экст., Тимьяна экст., Ромашки экст., Аскорбиновая кислота, Мелиссы экст.",
    "qrcode": [
      4016369661307
    ],
    "url": "https://www.eapteka.ru/goods/id216442/"
  },
  {
    "name": "АнвиМакс Малина, пакетики 5 г, 12 шт.",
    "producer": "ФармВилар НПО, Россия",
    "active_component": "Парацетамол, Аскорбиновая кислота, Римантадин, Рутозид, Лоратадин, Кальция глюконат",
    "qrcode": [
      4605964003928
    ],
    "url": "https://www.eapteka.ru/goods/id221501/"
  },
  {
    "name": "Витамин D3 2000 ME шипучие таблетки по 3,8 г, 20 шт.",
    "producer": "Эвалар, Россия",
    "active_component": "",
    "qrcode": [
      4602242022176
    ],
    "url": "https://www.eapteka.ru/goods/id494837/"
  },
  {
    "name": "Аквалор Актив Форте средство д/орошения и промывания полости носа, 50 мл",
    "producer": "Нижфарм АО, Россия",
    "active_component": "",
    "qrcode": [
      7332343002414
    ],
    "url": "https://www.eapteka.ru/goods/id481385/"
  },
  {
    "name": "Йохимбе Форте, капсулы, 30 шт.",
    "producer": "Эвалар, Россия",
    "active_component": "",
    "qrcode": [
      4602242001317
    ],
    "url": "https://www.eapteka.ru/goods/id213293/"
  },
  {
    "name": "Амарил, таблетки 1 мг, 30 шт.",
    "producer": "Санофи С.Р.Л., Италия",
    "active_component": "Глимепирид",
    "qrcode": [
      3582910075950,
      4030685404110
    ],
    "url": "https://www.eapteka.ru/goods/id23968/"
  },
  {
    "name": "Эторикоксиб-Тева, таблетки покрыт.плен.об. 60 мг 14 шт",
    "producer": "Тева Фармасьютикал Воркс Прайвэт Лимитед Компани, Венгрия",
    "active_component": "Эторикоксиб",
    "qrcode": [
      5995377304842
    ],
    "url": "https://www.eapteka.ru/goods/id501516/"
  },
  {
    "name": "Финалгон, мазь для наружного применения   20 г 1 шт",
    "producer": "Глобофарм фармацойтише Продуктьонс унд Хандельсгез, Австрия",
    "active_component": "",
    "qrcode": [
      9006968004532,
      3582910082545
    ],
    "url": "https://www.eapteka.ru/goods/id23145/"
  },
  {
    "name": "Беклазон Эко, аэрозоль для ингаляций 250 мкг/доза, 200 доз",
    "producer": "Нортон (Вотерфорд) Лимитед/АЙВЭКС Фармасьютикалс И, Ирландия",
    "active_component": "Беклометазон",
    "qrcode": [
      5050963015639
    ],
    "url": "https://www.eapteka.ru/goods/id206052/"
  },
  {
    "name": "Ринсулин НПХ суспензия для п/кожн.введ. 100 МЕ/мл флакон 10 мл, упак.",
    "producer": "Герофарм, Россия",
    "active_component": "",
    "qrcode": [
      4607008361377,
      4607038980043
    ],
    "url": "https://www.eapteka.ru/goods/id247495/"
  }
]