[
  {
    "name": "Фастум, гель для наружного применения 2,5 % 50 г",
    "producer": "А.Менарини Мэнюфекчеринг Лоджистикс энд Сервисиз С, Италия",
    "active_component": "Кетопрофен",
    "qrcode": [
      4013054001387
    ],
    "url": "https://www.eapteka.ru/goods/id125718/"
  },
  {
    "name": "Энтерофурил, суспензия для приема внутрь 200 мг/5 мл  90 мл 1 шт",
    "producer": "Босналек, Босния и Герцеговина",
    "active_component": "Нифуроксазид",
    "qrcode": [
      3870010002717,
      2096544449113
    ],
    "url": "https://www.eapteka.ru/goods/id20631/"
  },
  {
    "name": "АнвиМакс Лимон с медом, пакетики 5 г, 12 шт.",
    "producer": "ФармВилар НПО, Россия",
    "active_component": "Парацетамол, Аскорбиновая кислота, Римантадин, Рутозид, Лоратадин, Кальция глюконат",
    "qrcode": [
      4605964003751,
      4605964003911
    ],
    "url": "https://www.eapteka.ru/goods/id221499/"
  },
  {
    "name": "Аллервэй Экспресс, таблетки диспергируемые в полости рта 5 мг 10 шт",
    "producer": "Атена Драг Деливери Солюшнз Пвт.Лтд, Индия",
    "active_component": "Левоцетиризин",
    "qrcode": [
      8901148250727,
      8901148313184,
      "-"
    ],
    "url": "https://www.eapteka.ru/goods/id509257/"
  },
  {
    "name": "Горчицатрон для принятия терапевтических ванн при простуде 15 г пакетики, 10 шт.",
    "producer": "Весь Мир ТД, Россия",
    "active_component": "",
    "qrcode": [
      4660010100013
    ],
    "url": "https://www.eapteka.ru/goods/id217273/"
  },
  {
    "name": "Граммидин детский, спрей для местного применения 0,03мг+0,1мг/доза 112 доз 1 шт",
    "producer": "Фамар Нидерланды Б.В., Нидерланды",
    "active_component": "",
    "qrcode": [
      4602193012493
    ],
    "url": "https://www.eapteka.ru/goods/id306419/"
  },
  {
    "name": "Бактавит капли глаз. 0,5 мг/мл флакон-капельница, 10 мл",
    "producer": "К.О.Ромфарм Компани С.Р.Л., Румыния",
    "active_component": "Пиклоксидин",
    "qrcode": [
      5944728003675
    ],
    "url": "https://www.eapteka.ru/goods/id301601/"
  },
  {
    "name": "Микразим, капсулы 10000 ед 40 шт",
    "producer": "Авва Рус, Россия",
    "active_component": "Панкреатин",
    "qrcode": [
      4680020232573
    ],
    "url": "https://www.eapteka.ru/goods/id500752/"
  },
  {
    "name": "Галавит, таблетки подъязычные 25 мг 10 шт",
    "producer": "Сэлвим, Россия",
    "active_component": "Аминодигидрофталазиндион натрия",
    "qrcode": [
      4650065960090
    ],
    "url": "https://www.eapteka.ru/goods/id250437/"
  },
  {
    "name": "Остерепар, таблетки 70 мг 4 шт",
    "producer": "Польфарма АО, Польша",
    "active_component": "Алендроновая кислота",
    "qrcode": [
      5903060008922
    ],
    "url": "https://www.eapteka.ru/goods/id215066/"
  },
  {
    "name": "Кальций-Д3 Никомед таблетки жевательные апельсин, 60 шт.",
    "producer": "Такеда Фармасьютикалс ООО, Россия",
    "active_component": "Кальция карбонат, Колекальциферол",
    "qrcode": [
      4602156000437,
      4601026310065
    ],
    "url": "https://www.eapteka.ru/goods/id288117/"
  },
  {
    "name": "Метформин Лонг Канон, таблетки пролонгированного действия 750 мг   60 шт",
    "producer": "Канонфарма продакшн ЗАО, Россия",
    "active_component": "Метформин",
    "qrcode": [
      4606486026976,
      4606486039341
    ],
    "url": "https://www.eapteka.ru/goods/id299357/"
  },
  {
    "name": "Фозинап, таблетки 20 мг 28 шт",
    "producer": "Канонфарма продакшн ЗАО, Россия",
    "active_component": "Фозиноприл",
    "qrcode": [
      4606486011132
    ],
    "url": "https://www.eapteka.ru/goods/id238707/"
  },
  {
    "name": "Небиволол-Вертекс, таблетки 5 мг 28 шт",
    "producer": "Вертекс, Россия",
    "active_component": "Небиволол",
    "qrcode": [
      4607003248314,
      4670033320527
    ],
    "url": "https://www.eapteka.ru/goods/id263218/"
  },
  {
    "name": "Спарекс, капсулы пролонгированного действия 200 мг   30 шт",
    "producer": "Канонфарма продакшн ЗАО, Россия",
    "active_component": "Мебеверин",
    "qrcode": [
      4606486002864
    ],
    "url": "https://www.eapteka.ru/goods/id231590/"
  },
  {
    "name": "Аугментин ЕС порошок д/приг суспензии для приема внутрь 600+42,9 мг/5 мл, фл (23,13 г) 100 мл",
    "producer": "Глаксо Вэллком Продакшен, Франция",
    "active_component": "Амоксициллин, Клавулановая кислота",
    "qrcode": [
      4607008131406
    ],
    "url": "https://www.eapteka.ru/goods/id223005/"
  },
  {
    "name": "Микомакс, капсулы 150 мг 3 шт",
    "producer": "Зентива к.с, Чешская Республика",
    "active_component": "Флуконазол",
    "qrcode": [
      8594739224582,
      8594739035720
    ],
    "url": "https://www.eapteka.ru/goods/id205050/"
  },
  {
    "name": "Энтеросгель, гель для приема внутрь   22,5 г 10 шт",
    "producer": "Силма ТНК ООО, Россия",
    "active_component": "Полиметилсилоксана полигидрат",
    "qrcode": [
      4607072020316,
      4607072020309
    ],
    "url": "https://www.eapteka.ru/goods/id281715/"
  },
  {
    "name": "Пульмикорт турбухалер, порошок для ингаляций дозированный 200 мкг/доза 100 доз 1 шт",
    "producer": "АстраЗенека АБ, Швеция",
    "active_component": "Будесонид",
    "qrcode": [
      5000456022460,
      7321838730932
    ],
    "url": "https://www.eapteka.ru/goods/id104985/"
  },
  {
    "name": "Нутрикомп суп овощной пластиковая бутылка, 200 мл",
    "producer": "Нутрихем Диэт+Фарма ГмбХ, Германия",
    "active_component": "",
    "qrcode": [
      4030539186711
    ],
    "url": "https://www.eapteka.ru/goods/id316681/"
  }
]