[
  {
    "name": "Д-Пантенол Новатенол, крем для наружного применения 5 % 50 г 1 шт",
    "producer": "ЯДРАН-ГАЛЕНСКИ ЛАБОРАТОРИЙ а.о., Хорватия",
    "active_component": "Декспантенол",
    "qrcode": [
      5995327167275,
      "-"
    ],
    "url": "https://www.eapteka.ru/goods/id356211/"
  },
  {
    "name": "Лодоз, таблетки покрыт.плен.об. 2,5 мг+6,25 мг 30 шт.",
    "producer": "Мерк Хелскеа КГаА, Германия",
    "active_component": "Бисопролол, Гидрохлоротиазид",
    "qrcode": [
      3596540090016,
      4027269847661
    ],
    "url": "https://www.eapteka.ru/goods/id210935/"
  },
  {
    "name": "Рамазид Н таблетки 2,5мг+12,5мг, 30 шт.",
    "producer": "Актавис АО, Мальта",
    "active_component": "Рамиприл, Гидрохлоротиазид",
    "qrcode": [
      4650069650195
    ],
    "url": "https://www.eapteka.ru/goods/id294563/"
  },
  {
    "name": "Но-шпа р-р для в/вен. и в/мыш. введ. 20 мг/мл 2 мл ампулы, 25 шт.",
    "producer": "Хиноин Завод Фармацевтических и Химических пр-тов, Венгрия",
    "active_component": "Дротаверин",
    "qrcode": [
      5997086103167,
      3664798044010
    ],
    "url": "https://www.eapteka.ru/goods/id21628/"
  },
  {
    "name": "Мезим нео 25000 капсулы киш-раств.покрыт.об.25000 ЕД, капсулы кишечнорастворимые 25000 ед 20 шт",
    "producer": "Адэр Фармасьютиклс С.р.л., Италия",
    "active_component": "Панкреатин",
    "qrcode": [
      4013054003176,
      "-"
    ],
    "url": "https://www.eapteka.ru/goods/id509253/"
  },
  {
    "name": "Момат Рино, спрей назальный дозированный 50 мкг/доза 120 доз 1 шт",
    "producer": "Гленмарк Фармасьютикалз Лтд, Индия",
    "active_component": "Мометазон",
    "qrcode": [
      8904091107360
    ],
    "url": "https://www.eapteka.ru/goods/id295357/"
  },
  {
    "name": "Сорбифер дурулес, таблетки покрыт.об.     30 шт",
    "producer": "ЭГИС, Венгрия",
    "active_component": "Железа сульфат, Аскорбиновая кислота",
    "qrcode": [
      5995327113609
    ],
    "url": "https://www.eapteka.ru/goods/id204676/"
  },
  {
    "name": "Клиндамицин-Вертекс, крем вагинальный 2 % 20 г",
    "producer": "Вертекс, Россия",
    "active_component": "Клиндамицин",
    "qrcode": [
      4607003243104,
      4670033321449
    ],
    "url": "https://www.eapteka.ru/goods/id219752/"
  },
  {
    "name": "Офтан Катахром, капли глазные 10 мл 1 шт",
    "producer": "НекстФарма, Финляндия",
    "active_component": "Аденозин, Никотинамид, Цитохром С",
    "qrcode": [
      6419716950006,
      6419716950044,
      "-",
      4987084310958
    ],
    "url": "https://www.eapteka.ru/goods/id102396/"
  },
  {
    "name": "Ринсулин Р р-р для инъекций 100 МЕ/мл флакон 10 мл, упак.",
    "producer": "Герофарм, Россия",
    "active_component": "",
    "qrcode": [
      4607008361384,
      4607038980098
    ],
    "url": "https://www.eapteka.ru/goods/id247494/"
  },
  {
    "name": "Амприлан, таблетки 5 мг, 30 шт.",
    "producer": "КРКА дд Ново место, Словения",
    "active_component": "Рамиприл",
    "qrcode": [
      3838989515249,
      3838989735654
    ],
    "url": "https://www.eapteka.ru/goods/id209737/"
  },
  {
    "name": "Дипроспан суспензия для инъекций 2мг+5мг/мл 1 мл амп, 1 шт.",
    "producer": "Шеринг-Плау Лабо Н.В., Бельгия",
    "active_component": "Бетаметазон",
    "qrcode": [
      4602210000038
    ],
    "url": "https://www.eapteka.ru/goods/id20493/"
  },
  {
    "name": "Санпраз лиофилизат для пригот р-ра для в/в введен. 40 мг флаконы, 1 шт.",
    "producer": "Сан Фармасьютикал Индастриз Лтд, Индия",
    "active_component": "Пантопразол",
    "qrcode": "",
    "url": "https://www.eapteka.ru/goods/id213327/"
  },
  {
    "name": "Кардиомагнил, таблетки 150 мг+30,39 мг  100 шт",
    "producer": "Такеда Фармасьютикалс ООО, Россия",
    "active_component": "Ацетилсалициловая кислота, Магния гидроксид",
    "qrcode": [
      4031083005800,
      4602156000147,
      4601026310256
    ],
    "url": "https://www.eapteka.ru/goods/id247194/"
  },
  {
    "name": "Тантум Верде, спрей для местного применения     1 шт",
    "producer": "Азиенде Кимике Риуните Анжелини Франческо А.К.Р.А., Италия",
    "active_component": "Бензидамин",
    "qrcode": [
      8000036000076
    ],
    "url": "https://www.eapteka.ru/goods/id30919/"
  },
  {
    "name": "Визмед Лайт, гидрогель офтальмологический 0,1% 15 мл",
    "producer": "ТРБ Чемедика АГ, Германия",
    "active_component": "Натрия гиалуронат",
    "qrcode": [
      4028694000171,
      4028694000805
    ],
    "url": "https://www.eapteka.ru/goods/id212284/"
  },
  {
    "name": "Нафтодерил, крем для наружного применения 1 % 30 г 1 шт",
    "producer": "Озон, Россия",
    "active_component": "Нафтифин",
    "qrcode": [
      4680020182731
    ],
    "url": "https://www.eapteka.ru/goods/id352734/"
  },
  {
    "name": "Опти Фри Экспресс, флакон, 355 мл",
    "producer": "Alcon-Couvreur, Бельгия",
    "active_component": "",
    "qrcode": [
      300653145449,
      300652144665,
      300652144665,
      300653145449
    ],
    "url": "https://www.eapteka.ru/goods/id215603/"
  },
  {
    "name": "Оптинол средство увлажняющее офтальмологическое Мягкое восстановление 0,15%, 10 мл",
    "producer": "ЯДРАН-ГАЛЕНСКИ ЛАБОРАТОРИЙ а.о., Хорватия",
    "active_component": "Гиалуронат натрия",
    "qrcode": [
      3856013228187
    ],
    "url": "https://www.eapteka.ru/goods/id502166/"
  },
  {
    "name": "Белодерм Экспресс спрей для наружного применения 0.05%, 20 мл",
    "producer": "Белупо,лекарства и косметика д.д, Хорватия",
    "active_component": "Бетаметазон",
    "qrcode": [
      3850343032810
    ],
    "url": "https://www.eapteka.ru/goods/id270375/"
  }
]