[
  {
    "name": "МексиВ 6 таблетки покрыт.плен.об. 125мг+ 10мг, 30 шт.",
    "producer": "Канонфарма продакшн ЗАО, Россия",
    "active_component": "",
    "qrcode": [
      4606486008767
    ],
    "url": "https://www.eapteka.ru/goods/id255967/"
  },
  {
    "name": "Клабакс ОД, таблетки покрыт.плен.об. пролонг. 500 мг 14 шт.",
    "producer": "Сан Фармасьютикал Индастриз Лтд, Индия",
    "active_component": "Кларитромицин",
    "qrcode": [
      4601764005063
    ],
    "url": "https://www.eapteka.ru/goods/id212448/"
  },
  {
    "name": "Тонзилгон Н, капли для приема внутрь 100 мл 1 шт",
    "producer": "Бионорика СЕ, Германия",
    "active_component": "Алтея кор., Ромашка цв., Хвощ тр., Грец. орех лист, Тысячелистник тр., Дуб кор., Одуванчик тр.",
    "qrcode": [
      4029799117245
    ],
    "url": "https://www.eapteka.ru/goods/id23039/"
  },
  {
    "name": "Спираль Юнона Био-Т Ag Тип-1 кольцеобразный, контрацептив внутриматочный",
    "producer": "Симург, Россия",
    "active_component": "Серебра протеинат",
    "qrcode": [
      4811379000098
    ],
    "url": "https://www.eapteka.ru/goods/id274531/"
  },
  {
    "name": "Алкогал, пакетики 2,5 г, 10 шт.",
    "producer": "Салута-М, Россия",
    "active_component": "",
    "qrcode": [
      4605484000209
    ],
    "url": "https://www.eapteka.ru/goods/id231071/"
  },
  {
    "name": "Нольпаза, таблетки 20 мг 56 шт",
    "producer": "КРКА-РУС, Россия",
    "active_component": "Пантопразол",
    "qrcode": [
      4610017700327,
      3838989647032
    ],
    "url": "https://www.eapteka.ru/goods/id243985/"
  },
  {
    "name": "Аквалор Форте средство д/орошения и промывания полости носа, 150 мл",
    "producer": "Нижфарм АО, Россия",
    "active_component": "",
    "qrcode": [
      4601026309380,
      4601026308642,
      4601026308604,
      4601026308338,
      "-"
    ],
    "url": "https://www.eapteka.ru/goods/id287488/"
  },
  {
    "name": "Имудон, таблетки для рассасывания 40 шт.",
    "producer": "Фармстандарт-Томскхимфарм, Россия",
    "active_component": "",
    "qrcode": [
      4602196002446
    ],
    "url": "https://www.eapteka.ru/goods/id103514/"
  },
  {
    "name": "Вилдегра таблетки пролонг. д-я покрыт.плен.об. 50 мг, 4 шт.",
    "producer": "Озон, Россия",
    "active_component": "Силденафил",
    "qrcode": [
      4607027769819
    ],
    "url": "https://www.eapteka.ru/goods/id294306/"
  },
  {
    "name": "Клиндовит, гель 1%, 30 г",
    "producer": "Акрихин ХФК АО, Россия",
    "active_component": "Клиндамицин",
    "qrcode": [
      4601969006001
    ],
    "url": "https://www.eapteka.ru/goods/id215618/"
  },
  {
    "name": "Циталопрам-АЛСИ, таблетки 20 мг 30 шт",
    "producer": "Алси Фарма, Россия",
    "active_component": "Циталопрам",
    "qrcode": [
      4607011635373
    ],
    "url": "https://www.eapteka.ru/goods/id329914/"
  },
  {
    "name": "Мотилак, таблетки покрыт.плен.об. 10 мг 30 шт",
    "producer": "Верофарм АО, Россия",
    "active_component": "Домперидон",
    "qrcode": [
      4602930004354,
      4620011584106
    ],
    "url": "https://www.eapteka.ru/goods/id210473/"
  },
  {
    "name": "Энтерол, порошок д/приг суспензии для приема внутрь     10 шт",
    "producer": "Биокодекс, Франция",
    "active_component": "",
    "qrcode": [
      3583315558079
    ],
    "url": "https://www.eapteka.ru/goods/id102747/"
  },
  {
    "name": "Йодомарин для будущей мамы таблетки, 30 шт.",
    "producer": "Toll Manufacturing Services S.L., Испания",
    "active_component": "",
    "qrcode": [
      4013054025222
    ],
    "url": "https://www.eapteka.ru/goods/id287827/"
  },
  {
    "name": "Телсартан Н, таблетки 12,5 мг+80 мг 28 шт.",
    "producer": "Д-р Редди`с, Индия",
    "active_component": "Гидрохлоротиазид, Телмисартан",
    "qrcode": [
      8901148240728,
      8901148273853,
      118901148272
    ],
    "url": "https://www.eapteka.ru/goods/id288267/"
  },
  {
    "name": "Пантокрин Пантея, экстракт для приема внутрь 50 мл   1 шт",
    "producer": "Эвалар, Россия",
    "active_component": "",
    "qrcode": [
      4602242005070
    ],
    "url": "https://www.eapteka.ru/goods/id203154/"
  },
  {
    "name": "Карнитон, таблетки, 20 шт.",
    "producer": "ВТФ ООО, Россия",
    "active_component": "",
    "qrcode": [
      4660014181056,
      4660014182220,
      4660014181827
    ],
    "url": "https://www.eapteka.ru/goods/id210006/"
  },
  {
    "name": "Тамсулозин Канон, капсулы с модифиц высвобож 0,4 мг 30 шт",
    "producer": "Канонфарма продакшн ЗАО, Россия",
    "active_component": "Тамсулозин",
    "qrcode": [
      4606486025344
    ],
    "url": "https://www.eapteka.ru/goods/id275683/"
  },
  {
    "name": "Пенестер, таблетки покрыт.плен.об. 5 мг 30 шт",
    "producer": "Зентива к.с, Чешская Республика",
    "active_component": "Финастерид",
    "qrcode": [
      8594739041608,
      8594739224711
    ],
    "url": "https://www.eapteka.ru/goods/id208037/"
  },
  {
    "name": "Акридерм Гента, мазь для наружного применения 30 г   1 шт",
    "producer": "Акрихин ХФК АО, Россия",
    "active_component": "Бетаметазон, Гентамицин",
    "qrcode": [
      4601969005479
    ],
    "url": "https://www.eapteka.ru/goods/id212824/"
  }
]