[
  {
    "name": "Метрогил А, гель для наружного применения 0,1%+1% 20 г 1 шт",
    "producer": "Юник Фармасьютикал Лабораториз, Индия",
    "active_component": "Адапален, Метронидазол",
    "qrcode": [
      8901086132031
    ],
    "url": "https://www.eapteka.ru/goods/id514165/"
  },
  {
    "name": "Глюкованс, таблетки покрыт.плен.об. 5 мг+500 мг 30 шт",
    "producer": "Мерк Сантэ С.а.С., Франция",
    "active_component": "Глибенкламид, Метформин",
    "qrcode": [
      3596540060125
    ],
    "url": "https://www.eapteka.ru/goods/id208264/"
  },
  {
    "name": "Д-Пантенол-Нижфарм, крем для наружного применения 5 % 50 г 1 шт",
    "producer": "Нижфарм АО, Россия",
    "active_component": "Декспантенол",
    "qrcode": [
      4601026309342,
      3856013205379,
      "-"
    ],
    "url": "https://www.eapteka.ru/goods/id312271/"
  },
  {
    "name": "Физиотенз, таблетки покрыт.плен.об. 0,4 мг 14 шт",
    "producer": "Нобел Алматинская Фармацевтическая Фабрика АО, Казахстан",
    "active_component": "Моксонидин",
    "qrcode": [
      8002660020925,
      "-",
      4620011582140
    ],
    "url": "https://www.eapteka.ru/goods/id25566/"
  },
  {
    "name": "Мидокалм, таблетки 150 мг 30 шт",
    "producer": "Гедеон Рихтер, Венгрия",
    "active_component": "Толперизон",
    "qrcode": [
      4605469000934,
      4605469004413
    ],
    "url": "https://www.eapteka.ru/goods/id21940/"
  },
  {
    "name": "Гутталакс, капли для приема внутрь 7.5 мг/мл, 30 мл",
    "producer": "Институт де Ангели С.р.Л, Италия",
    "active_component": "Натрия пикосульфат",
    "qrcode": [
      3582910082583,
      9006968001890
    ],
    "url": "https://www.eapteka.ru/goods/id30711/"
  },
  {
    "name": "Винкристин-Тева р-р для в/вен. введ. 1 мг/мл  1 мл флаконы, 1 шт.",
    "producer": "Фармахеми Б.В., Нидерланды",
    "active_component": "Винкристин",
    "qrcode": [
      8711218450007
    ],
    "url": "https://www.eapteka.ru/goods/id27448/"
  },
  {
    "name": "Ренисаль жидкий экстракт, 100 мл",
    "producer": "Витаукт-Пром, Россия",
    "active_component": "",
    "qrcode": [
      4660010723175
    ],
    "url": "https://www.eapteka.ru/goods/id502282/"
  },
  {
    "name": "Фозикард, таблетки 10 мг 28 шт",
    "producer": "Здравле ХФЗ АД, Сербия",
    "active_component": "Фозиноприл",
    "qrcode": [
      4607141997686,
      4630013790696
    ],
    "url": "https://www.eapteka.ru/goods/id208232/"
  },
  {
    "name": "Лортенза таблетки покрыт.плен.об. 5 мг+100 мг, 30 шт.",
    "producer": "КРКА-РУС, Россия",
    "active_component": "Амлодипин, Лозартан",
    "qrcode": [
      4607055138861
    ],
    "url": "https://www.eapteka.ru/goods/id250573/"
  },
  {
    "name": "Дексалгин гранулы д/приг р-ра для приема внутрь 25 мг пак, 10 шт.",
    "producer": "Лабораториос Менарини С.А., Испания",
    "active_component": "Декскетопрофен",
    "qrcode": [
      4013054025031
    ],
    "url": "https://www.eapteka.ru/goods/id312314/"
  },
  {
    "name": "Микразим, капсулы 10000 ед 50 шт",
    "producer": "Авва Рус, Россия",
    "active_component": "Панкреатин",
    "qrcode": [
      4607003664619
    ],
    "url": "https://www.eapteka.ru/goods/id213172/"
  },
  {
    "name": "Видисик, гель глазной   10 г 1 шт",
    "producer": "Бауш энд Ломб, Италия",
    "active_component": "Карбомер",
    "qrcode": [
      4030571000105
    ],
    "url": "https://www.eapteka.ru/goods/id108679/"
  },
  {
    "name": "Ретиноевая, мазь для наружного применения 0,1 % 15 г 1 шт",
    "producer": "Ретиноиды АО, Россия",
    "active_component": "Изотретиноин",
    "qrcode": [
      4601607000774
    ],
    "url": "https://www.eapteka.ru/goods/id294491/"
  },
  {
    "name": "Новатенол пена-спрей для ухода за кожей, спрей для наружного применения 68 г",
    "producer": "Эгис, Польша",
    "active_component": "Декспантенол",
    "qrcode": [
      5995327175454
    ],
    "url": "https://www.eapteka.ru/goods/id504211/"
  },
  {
    "name": "Троксерутин Вертекс, капсулы     50 шт",
    "producer": "Вертекс, Россия",
    "active_component": "Троксерутин",
    "qrcode": [
      4607003249489
    ],
    "url": "https://www.eapteka.ru/goods/id513590/"
  },
  {
    "name": "Топсавер, таблетки покрыт.плен.об. 50 мг 28 шт",
    "producer": "Тева ООО, Россия",
    "active_component": "Топирамат",
    "qrcode": [
      3850114218597,
      4670016770059,
      4670016770660
    ],
    "url": "https://www.eapteka.ru/goods/id209758/"
  },
  {
    "name": "Вибуркол, суппозитории ректальные 12 шт",
    "producer": "Biologische Heilmittel Heel, Германия",
    "active_component": "",
    "qrcode": [
      4601654000208,
      4047642014985,
      4047642018167
    ],
    "url": "https://www.eapteka.ru/goods/id22900/"
  },
  {
    "name": "Спазган, таблетки 100 шт",
    "producer": "Вокхардт Лтд, Индия",
    "active_component": "Метамизол натрия, Питофенон, Фенпивериния бромид",
    "qrcode": [
      4605501000069,
      "-",
      4605501000066
    ],
    "url": "https://www.eapteka.ru/goods/id233873/"
  },
  {
    "name": "Итразол, капсулы 100 мг, 6 шт.",
    "producer": "Вертекс, Россия",
    "active_component": "Итраконазол",
    "qrcode": [
      4607003242657
    ],
    "url": "https://www.eapteka.ru/goods/id209704/"
  }
]