[
  {
    "name": "Микролакс, раствор для ректального введения 5 мл 4 шт",
    "producer": "Делфарм Орлеан, Франция",
    "active_component": "Микролакс",
    "qrcode": [
      3574661309712,
      "-"
    ],
    "url": "https://www.eapteka.ru/goods/id288960/"
  },
  {
    "name": "Липримар, таблетки покрыт.плен.об. 40 мг 30 шт",
    "producer": "Пфайзер Фармасьютикалз ЭлЭлСи, Пуэрто-Рико",
    "active_component": "Аторвастатин",
    "qrcode": [
      4607131042389
    ],
    "url": "https://www.eapteka.ru/goods/id207152/"
  },
  {
    "name": "Доктор Газекс капсулы, 30 шт.",
    "producer": "Мирролла ООО, Россия",
    "active_component": "",
    "qrcode": [
      4650001798817
    ],
    "url": "https://www.eapteka.ru/goods/id442839/"
  },
  {
    "name": "Атероклефит Био капсулы, 60 шт.",
    "producer": "Эвалар, Россия",
    "active_component": "",
    "qrcode": [
      4602242001621
    ],
    "url": "https://www.eapteka.ru/goods/id217904/"
  },
  {
    "name": "Телзап, таблетки 40 мг 30 шт",
    "producer": "Санофи Илач Санайи ве Тиджарет А.Ш., Турция",
    "active_component": "Телмисартан",
    "qrcode": [
      3582910091134,
      3664798038835,
      3582910078531
    ],
    "url": "https://www.eapteka.ru/goods/id294610/"
  },
  {
    "name": "Мебикар, таблетки 300 мг, 20 шт.",
    "producer": "Татхимфармпрепараты, Россия",
    "active_component": "Тетраметилтетраазабициклооктандион",
    "qrcode": [
      4604060011202,
      4604060002019
    ],
    "url": "https://www.eapteka.ru/goods/id227267/"
  },
  {
    "name": "Амигренин, таблетки покрыт.плен.об. 100 мг, 2 шт.",
    "producer": "Верофарм АО, Россия",
    "active_component": "Суматриптан",
    "qrcode": [
      4602930005214,
      4620011583932
    ],
    "url": "https://www.eapteka.ru/goods/id207559/"
  },
  {
    "name": "Одестон, таблетки 200 мг 20 шт",
    "producer": "Адамед Фарма, Польша",
    "active_component": "Гимекромон",
    "qrcode": [
      5904374000428
    ],
    "url": "https://www.eapteka.ru/goods/id230226/"
  },
  {
    "name": "Легалон 70, капсулы 70 мг 30 шт",
    "producer": "Мадаус ГмбХ, Германия",
    "active_component": "Расторопши пятнистой плодов экстракт",
    "qrcode": [
      4030041001120,
      4019338607351
    ],
    "url": "https://www.eapteka.ru/goods/id217938/"
  },
  {
    "name": "Постеризан, суппозитории ректальные     10 шт",
    "producer": "Др Каде, Германия",
    "active_component": "Кишечные палочки",
    "qrcode": [
      4603331000037,
      4043027240055
    ],
    "url": "https://www.eapteka.ru/goods/id23351/"
  },
  {
    "name": "Ангиорус таблетки покрыт.плен.об. 50 мг+450 мг, 30 шт.",
    "producer": "Синтез ОАО, Россия",
    "active_component": "Гесперидин, Диосмин",
    "qrcode": [
      4602565029142
    ],
    "url": "https://www.eapteka.ru/goods/id499903/"
  },
  {
    "name": "Грандаксин, таблетки 50 мг, 20 шт.",
    "producer": "ЭГИС, Венгрия",
    "active_component": "Тофизопам",
    "qrcode": [
      5995327205137
    ],
    "url": "https://www.eapteka.ru/goods/id21819/"
  },
  {
    "name": "Антигриппин, саше д/взр мед-лимон, 10 шт.",
    "producer": "Натур Продукт Фарма, Польша",
    "active_component": "",
    "qrcode": [
      8717627107013,
      4607013581067
    ],
    "url": "https://www.eapteka.ru/goods/id213005/"
  },
  {
    "name": "Цитовир-3, сироп 50 мл 1 шт",
    "producer": "Цитомед МБНПК, Россия",
    "active_component": "",
    "qrcode": [
      4606603000032
    ],
    "url": "https://www.eapteka.ru/goods/id210488/"
  },
  {
    "name": "Левопронт, сироп 6 мг/мл 120 мл",
    "producer": "Домпе Фармачеутичи С.п.А., Италия",
    "active_component": "Леводропропизин",
    "qrcode": [
      8024825000931
    ],
    "url": "https://www.eapteka.ru/goods/id492070/"
  },
  {
    "name": "Бетофтан, капли глазные 0,5 % 5 мл",
    "producer": "К.О.Ромфарм Компани С.Р.Л., Румыния",
    "active_component": "Бетаксолол",
    "qrcode": [
      5944728000032
    ],
    "url": "https://www.eapteka.ru/goods/id224013/"
  },
  {
    "name": "Дальнева, таблетки 5 мг+4 мг, 30 шт.",
    "producer": "КРКА-РУС, Россия",
    "active_component": "Амлодипин, Периндоприл",
    "qrcode": [
      4607055134443
    ],
    "url": "https://www.eapteka.ru/goods/id230987/"
  },
  {
    "name": "Телмиста, таблетки 80 мг 28 шт",
    "producer": "КРКА дд Ново место, Словения",
    "active_component": "Телмисартан",
    "qrcode": [
      3838989668242
    ],
    "url": "https://www.eapteka.ru/goods/id294619/"
  },
  {
    "name": "Изжогофф шипучие таблетки, 20 шт.",
    "producer": "Эвалар, Россия",
    "active_component": "",
    "qrcode": [
      4602242023456
    ],
    "url": "https://www.eapteka.ru/goods/id507170/"
  },
  {
    "name": "Фексадин, таблетки покрыт.плен.об. 180 мг 10 шт",
    "producer": "Сан Фармасьютикал Индастриз Лтд, Индия",
    "active_component": "Фексофенадин",
    "qrcode": [
      4601764001744
    ],
    "url": "https://www.eapteka.ru/goods/id205949/"
  }
]