[
  {
    "name": "Энап, таблетки 2,5 мг 60 шт",
    "producer": "КРКА дд Ново место, Словения",
    "active_component": "Эналаприл",
    "qrcode": [
      4607055137475
    ],
    "url": "https://www.eapteka.ru/goods/id250741/"
  },
  {
    "name": "Метопролол, таблетки 25 мг 60 шт",
    "producer": "Озон, Россия",
    "active_component": "Метопролол",
    "qrcode": [
      4607027764586,
      4607027764568
    ],
    "url": "https://www.eapteka.ru/goods/id245569/"
  },
  {
    "name": "Коринфар, таблетки с пролонг.высвобож покрыт.плен.об 10 мг 50 шт",
    "producer": "Плива Хрватска д.о.о., Хорватия",
    "active_component": "Нифедипин",
    "qrcode": [
      4043589001873
    ],
    "url": "https://www.eapteka.ru/goods/id22557/"
  },
  {
    "name": "Пирацетам, таблетки покрыт.плен.об. 200 мг 60 шт",
    "producer": "Обновление ПФК АО, Россия",
    "active_component": "Пирацетам",
    "qrcode": [
      4603988017020
    ],
    "url": "https://www.eapteka.ru/goods/id496813/"
  },
  {
    "name": "Ибупрофен-Хемофарм, таблетки покрыт.плен.об. 400 мг 30 шт",
    "producer": "Хемофарм А.Д., Сербия",
    "active_component": "Ибупрофен",
    "qrcode": [
      8600097302296
    ],
    "url": "https://www.eapteka.ru/goods/id207690/"
  },
  {
    "name": "Гентамицин, ампулы 4% , 2 мл , 10 шт.",
    "producer": "Дальхимфарм, Россия",
    "active_component": "Гентамицин",
    "qrcode": [
      4602824000356
    ],
    "url": "https://www.eapteka.ru/goods/id52618/"
  },
  {
    "name": "Азитромицин Экомед, таблетки покрыт.плен.об. 250 мг 6 шт",
    "producer": "Авва Рус, Россия",
    "active_component": "Азитромицин",
    "qrcode": [
      4680020230609,
      4680020232481
    ],
    "url": "https://www.eapteka.ru/goods/id348038/"
  },
  {
    "name": "Хемомицин, порошок д/приг суспензии для приема внутрь 200 мг/5 мл 10 г 1 шт",
    "producer": "Хемофарм А.Д., Сербия",
    "active_component": "Азитромицин",
    "qrcode": [
      8600097303262
    ],
    "url": "https://www.eapteka.ru/goods/id207373/"
  },
  {
    "name": "Ципринол, таблетки 250 мг 10 шт",
    "producer": "КРКА дд Ново место, Словения",
    "active_component": "Ципрофлоксацин",
    "qrcode": [
      3838989501686
    ],
    "url": "https://www.eapteka.ru/goods/id98838/"
  },
  {
    "name": "Оксолин, мазь для наружного применения 0,25 % 10 г 1 шт",
    "producer": "Нижфарм АО, Россия",
    "active_component": "Диоксотетрагидрокситетрагидронафталин",
    "qrcode": [
      46002686,
      4600268600000,
      46002686
    ],
    "url": "https://www.eapteka.ru/goods/id70814/"
  },
  {
    "name": "Омез, капсулы кишечнорастворимые 10 мг 10 шт",
    "producer": "Д-р Редди`с, Индия",
    "active_component": "Омепразол",
    "qrcode": [
      8901148233461,
      8901148229324,
      "-"
    ],
    "url": "https://www.eapteka.ru/goods/id235375/"
  },
  {
    "name": "Слабительный сбор №1, сырье растительное 50 г 1 шт",
    "producer": "Иван-Чай, Россия",
    "active_component": "Крапивы двудомной листья, Крушины ольховидной кора, Тысячелистника обыкновенного трава",
    "qrcode": [
      4605113000754,
      4640102090460
    ],
    "url": "https://www.eapteka.ru/goods/id230603/"
  },
  {
    "name": "Муравьиный спирт, флаконы 1.4% , 50 мл",
    "producer": "Ярославская фармфабрика, Россия",
    "active_component": "Муравьиная кислота",
    "qrcode": [
      4603380000255
    ],
    "url": "https://www.eapteka.ru/goods/id312965/"
  },
  {
    "name": "Офтан Тимолол, капли глазные 5 мг/мл 5 мл 1 шт",
    "producer": "НекстФарма, Финляндия",
    "active_component": "Тимолол",
    "qrcode": [
      6419716950907,
      4987084311610
    ],
    "url": "https://www.eapteka.ru/goods/id102395/"
  },
  {
    "name": "Камфорный спирт 2%, флаконы 2% , 40 мл",
    "producer": "Ивановская фармфабрика, Россия",
    "active_component": "Камфора",
    "qrcode": [
      4603184003438
    ],
    "url": "https://www.eapteka.ru/goods/id234409/"
  },
  {
    "name": "Адреналин, раствор для инъекций 0,1 % 1 мл 5 шт",
    "producer": "МЭЗ, Россия",
    "active_component": "Эпинефрин",
    "qrcode": [
      4602676007701
    ],
    "url": "https://www.eapteka.ru/goods/id67224/"
  },
  {
    "name": "Перекись водорода 3% Renewal, раствор для наружного применения 25 мл   1 шт",
    "producer": "Обновление ПФК АО, Россия",
    "active_component": "Водорода пероксид",
    "qrcode": [
      4603988017266
    ],
    "url": "https://www.eapteka.ru/goods/id334548/"
  },
  {
    "name": "Аралии, настойка 25 мл",
    "producer": "Тверская фармфабрика, Россия",
    "active_component": "",
    "qrcode": [
      4603373003683,
      4603256010340,
      ";%%:::",
      "-"
    ],
    "url": "https://www.eapteka.ru/goods/id234088/"
  },
  {
    "name": "Глицин Реневал, таблетки 100 мг 105 шт",
    "producer": "Обновление ПФК АО, Россия",
    "active_component": "Глицин",
    "qrcode": [
      4603988017983
    ],
    "url": "https://www.eapteka.ru/goods/id510054/"
  },
  {
    "name": "Но-шпа форте, таблетки 80 мг 10 шт",
    "producer": "Хиноин Завод Фармацевтических и Химических пр-тов, Венгрия",
    "active_component": "Дротаверин",
    "qrcode": [
      3664798003420
    ],
    "url": "https://www.eapteka.ru/goods/id21714/"
  }
]