[
  {
    "name": "Фексадин, таблетки покрыт.плен.об. 180 мг 10 шт",
    "producer": "Сан Фармасьютикал Индастриз Лтд, Индия",
    "active_component": "Фексофенадин",
    "qrcode": [
      4601764001744
    ],
    "url": "https://www.eapteka.ru/goods/id205949/"
  },
  {
    "name": "Полижинакс, капсулы вагинальные     6 шт",
    "producer": "Иннотек Интернасиональ, Франция",
    "active_component": "Неомицин, Нистатин, Полимиксин B",
    "qrcode": [
      3400970000951,
      3614250000351
    ],
    "url": "https://www.eapteka.ru/goods/id102708/"
  },
  {
    "name": "Глансин, капсулы с модифиц высвобож 0,4 мг 30 шт",
    "producer": "Хайгланс Лабораториз Пвт. Лтд, Индия",
    "active_component": "Тамсулозин",
    "qrcode": [
      8904102204859,
      8904102204856
    ],
    "url": "https://www.eapteka.ru/goods/id500980/"
  },
  {
    "name": "Лавомакс, таблетки покрыт.об.   6 шт",
    "producer": "Нижфарм АО, Россия",
    "active_component": "Тилорон",
    "qrcode": [
      4601026302619
    ],
    "url": "https://www.eapteka.ru/goods/id207994/"
  },
  {
    "name": "Феррум Лек, таблетки жевательные 100 мг   50 шт",
    "producer": "Лек д.д., Словения",
    "active_component": "",
    "qrcode": [
      3838957075874,
      3838957043712
    ],
    "url": "https://www.eapteka.ru/goods/id214752/"
  },
  {
    "name": "Перхотал, шампунь 2%, 60 мл",
    "producer": "Джепак Интернейшенл, Индия",
    "active_component": "Кетоконазол",
    "qrcode": [
      8901278000025
    ],
    "url": "https://www.eapteka.ru/goods/id218081/"
  },
  {
    "name": "Фозикард, таблетки 20 мг 28 шт",
    "producer": "Здравле ХФЗ АД, Сербия",
    "active_component": "Фозиноприл",
    "qrcode": [
      4607141997693,
      4630013790702
    ],
    "url": "https://www.eapteka.ru/goods/id208233/"
  },
  {
    "name": "Бетоптик, капли глазные 0,5 % 5 мл",
    "producer": "Alcon-Couvreur, Бельгия",
    "active_component": "Бетаксолол",
    "qrcode": [
      5413895053276,
      7613421035785,
      107613421035
    ],
    "url": "https://www.eapteka.ru/goods/id123964/"
  },
  {
    "name": "Сульфасалазин, таблетки 500 мг 50 шт",
    "producer": "КРКА дд Ново место, Словения",
    "active_component": "Сульфасалазин",
    "qrcode": [
      3838989501778
    ],
    "url": "https://www.eapteka.ru/goods/id98801/"
  },
  {
    "name": "Мексидол, таблетки покрыт.плен.об. 125 мг 50 шт",
    "producer": "ФКП Армавирская биофабрика, Россия",
    "active_component": "Этилметилгидроксипиридина сукцинат",
    "qrcode": [
      4607085314266,
      4607085319445
    ],
    "url": "https://www.eapteka.ru/goods/id203929/"
  },
  {
    "name": "Витабакт капли глазные 0.05% флакон-капельница, 10 мл",
    "producer": "Эксельвижн, Франция",
    "active_component": "Пиклоксидин",
    "qrcode": [
      4603695000353,
      3662042998027,
      "-"
    ],
    "url": "https://www.eapteka.ru/goods/id102514/"
  },
  {
    "name": "Дибикор, таблетки 500 мг 60 шт",
    "producer": "Пик-Фарма, Россия",
    "active_component": "Таурин",
    "qrcode": [
      4630016120025,
      4650057490215
    ],
    "url": "https://www.eapteka.ru/goods/id216647/"
  },
  {
    "name": "Мебеспалин таблетки покрыт плен.об.135 мг, 50 шт.",
    "producer": "Озон, Россия",
    "active_component": "Мебеверин",
    "qrcode": [
      4680020187095
    ],
    "url": "https://www.eapteka.ru/goods/id512670/"
  },
  {
    "name": "Долобене гель, 45 г",
    "producer": "Меркле ГмбХ, Германия",
    "active_component": "Гепарин натрия, Декспантенол, Диметилсульфоксид",
    "qrcode": [
      4030096119337
    ],
    "url": "https://www.eapteka.ru/goods/id300017/"
  },
  {
    "name": "Азимитем, таблетки покрыт.плен.об. 100 мг 100 шт",
    "producer": "Фармасинтез АО, Россия",
    "active_component": "Зидовудин",
    "qrcode": [
      4605310007143,
      4605310007181
    ],
    "url": "https://www.eapteka.ru/goods/id264031/"
  },
  {
    "name": "Ганатон таблетки покрыт.плен.об. 50 мг, 10 шт.",
    "producer": "Майлан ЕПД Г.К, Япония",
    "active_component": "Итоприд",
    "qrcode": [
      8002660000118
    ],
    "url": "https://www.eapteka.ru/goods/id211245/"
  },
  {
    "name": "Флогардин, таблетки покрыт.плен.об. 60 мг 10 шт",
    "producer": "Обновление ПФК АО, Россия",
    "active_component": "Тилорон",
    "qrcode": [
      4603988017938
    ],
    "url": "https://www.eapteka.ru/goods/id509248/"
  },
  {
    "name": "Анауретте спрей для местного применения для очищения ушной полости, 15 мл",
    "producer": "Zambon SpA Italia, Италия",
    "active_component": "Минеральное масло, Фитосквалан, Мята масло",
    "qrcode": [
      7290010207091
    ],
    "url": "https://www.eapteka.ru/goods/id250379/"
  },
  {
    "name": "Силденафил-СЗ, таблетки покрыт.плен.об. 100 мг 10 шт",
    "producer": "Северная Звезда, Россия",
    "active_component": "Силденафил",
    "qrcode": [
      4690655011726
    ],
    "url": "https://www.eapteka.ru/goods/id225500/"
  },
  {
    "name": "Бепантен, мазь для наружного применения 30 г   1 шт",
    "producer": "ГП Гренцах Продукционс, Германия",
    "active_component": "Декспантенол",
    "qrcode": [
      4601907000078,
      4250369506620
    ],
    "url": "https://www.eapteka.ru/goods/id24048/"
  }
]