[
  {
    "name": "Гипосарт, таблетки 16 мг 28 шт.",
    "producer": "Польфарма АО, Польша",
    "active_component": "Кандесартан",
    "qrcode": [
      5903060607071
    ],
    "url": "https://www.eapteka.ru/goods/id250449/"
  },
  {
    "name": "Нимулид, таблетки для рассасывания 100 мг   20 шт",
    "producer": "Панацея Биотек, Индия",
    "active_component": "Нимесулид",
    "qrcode": [
      8901168012022,
      "-",
      8901168012029
    ],
    "url": "https://www.eapteka.ru/goods/id203149/"
  },
  {
    "name": "Мотилегаз Форте, капсулы 120 мг 40 шт",
    "producer": "Каталент Франс Бейнхейм СА, Франция",
    "active_component": "Симетикон",
    "qrcode": [
      3574661485355
    ],
    "url": "https://www.eapteka.ru/goods/id492591/"
  },
  {
    "name": "Нутрикомп Стандарт ликвид, флакон, 500 мл",
    "producer": "Б.Браун Мельзунген АГ, Швейцария",
    "active_component": "",
    "qrcode": [
      4030539184823,
      4030539184830
    ],
    "url": "https://www.eapteka.ru/goods/id213343/"
  },
  {
    "name": "Гексорал аэрозоль для местного применения 0.2%, 40 мл",
    "producer": "Делфарм Орлеан, Франция",
    "active_component": "Гексэтидин",
    "qrcode": [
      3574661065885
    ],
    "url": "https://www.eapteka.ru/goods/id203487/"
  },
  {
    "name": "Коронал, таблетки покрыт.плен.об. 10 мг 100 шт",
    "producer": "Санека Фармасьютикалс а.с., Словакия",
    "active_component": "Бисопролол",
    "qrcode": [
      3582910091035,
      8584005101600
    ],
    "url": "https://www.eapteka.ru/goods/id226984/"
  },
  {
    "name": "Фитолизин Пренатал мягкие капсулы, 36  шт.",
    "producer": "Медана Фарма, Польша",
    "active_component": "Клюквы экстракт",
    "qrcode": [
      5907529461211,
      5907529462355
    ],
    "url": "https://www.eapteka.ru/goods/id278888/"
  },
  {
    "name": "Зовиракс Дуо-Актив, крем для наружного применения 5%+1% 2 г 1 шт",
    "producer": "Глаксо Вэлком Оперейшнс, Великобритания",
    "active_component": "Ацикловир, Гидрокортизон",
    "qrcode": [
      4602233006161
    ],
    "url": "https://www.eapteka.ru/goods/id227509/"
  },
  {
    "name": "Феброфид, гель для наружного применения 50 г   1 шт",
    "producer": "Медана Фарма, Польша",
    "active_component": "Кетопрофен",
    "qrcode": [
      5907529416822
    ],
    "url": "https://www.eapteka.ru/goods/id209898/"
  },
  {
    "name": "АЦЦ Лонг, таблетки шипучие 600 мг 20 шт",
    "producer": "Гермес Фарма, Германия",
    "active_component": "Ацетилцистеин",
    "qrcode": [
      4030855492497,
      7613421058074
    ],
    "url": "https://www.eapteka.ru/goods/id23922/"
  },
  {
    "name": "Постеризан-форте, суппозитории ректальные     10 шт",
    "producer": "Др Каде, Германия",
    "active_component": "Кишечные палочки",
    "qrcode": [
      4043027240031
    ],
    "url": "https://www.eapteka.ru/goods/id23355/"
  },
  {
    "name": "Физиотенз, таблетки покрыт.плен.об. 0,4 мг 14 шт",
    "producer": "Верофарм АО, Россия",
    "active_component": "Моксонидин",
    "qrcode": [
      4620011584274
    ],
    "url": "https://www.eapteka.ru/goods/id512377/"
  },
  {
    "name": "ТераФлю от гриппа и простуды, порошок д/приг р-ра д/приема внутрь     10 шт",
    "producer": "Делфарм Орлеан, Франция",
    "active_component": "Парацетамол, Фенилэфрин, Фенирамин, Аскорбиновая кислота",
    "qrcode": [
      4607045192248,
      4607045191357,
      4607045191388
    ],
    "url": "https://www.eapteka.ru/goods/id32269/"
  },
  {
    "name": "Дип Рилиф, гель , 50 г",
    "producer": "Ментолатум, Великобритания",
    "active_component": "Ибупрофен, Левоментол",
    "qrcode": [
      5011501011322
    ],
    "url": "https://www.eapteka.ru/goods/id21253/"
  },
  {
    "name": "Фосфомицин Эспарма порошок для приготовления раствора для приема внутрь 3 г пакетик, 1 шт.",
    "producer": "Линдофарм ГмбХ, Германия",
    "active_component": "Фосфомицин",
    "qrcode": [
      4029438020103
    ],
    "url": "https://www.eapteka.ru/goods/id330075/"
  },
  {
    "name": "Лосек МАПС таблетки покрыт.плен.об. 20 мг, 28 шт.",
    "producer": "АстраЗенека АБ, Швеция",
    "active_component": "Омепразол",
    "qrcode": [
      4640008530442
    ],
    "url": "https://www.eapteka.ru/goods/id105047/"
  },
  {
    "name": "Беклометазон, аэрозоль для ингаляций 250 мкг/доза, 200 доз",
    "producer": "Биннофарм, Россия",
    "active_component": "Беклометазон",
    "qrcode": [
      4610004580956
    ],
    "url": "https://www.eapteka.ru/goods/id295381/"
  },
  {
    "name": "Кардионат, капсулы 250 мг, 40 шт.",
    "producer": "Нижфарм АО, Россия",
    "active_component": "Мельдоний",
    "qrcode": [
      4607143560598
    ],
    "url": "https://www.eapteka.ru/goods/id210420/"
  },
  {
    "name": "Кловейт, мазь для наружного применения 0,05 % 25 г",
    "producer": "Ельфа Фармзавод, Польша",
    "active_component": "Клобетазол",
    "qrcode": [
      5904398471020
    ],
    "url": "https://www.eapteka.ru/goods/id218162/"
  },
  {
    "name": "Спарекс, таблетки покрыт.плен.об. 135 мг 60 шт",
    "producer": "Канонфарма продакшн ЗАО, Россия",
    "active_component": "Мебеверин",
    "qrcode": [
      4606486031093
    ],
    "url": "https://www.eapteka.ru/goods/id469472/"
  }
]