[
  {
    "name": "Хайлефлокс, таблетки покрыт.плен.об. 750 мг 5 шт",
    "producer": "Хайгланс Лабораториз Пвт. Лтд, Индия",
    "active_component": "Левофлоксацин",
    "qrcode": [
      8904102200097
    ],
    "url": "https://www.eapteka.ru/goods/id216634/"
  },
  {
    "name": "Ломфлокс, таблетки покрыт.плен.об. 400 мг 5 шт",
    "producer": "Ипка Лабораториз Лимитед, Индия",
    "active_component": "Ломефлоксацин",
    "qrcode": [
      8901079002327
    ],
    "url": "https://www.eapteka.ru/goods/id28227/"
  },
  {
    "name": "Троксерутин Врамед, капсулы     50 шт",
    "producer": "Софарма, Болгария",
    "active_component": "Троксерутин",
    "qrcode": [
      3800010644709
    ],
    "url": "https://www.eapteka.ru/goods/id207351/"
  },
  {
    "name": "Алломедин гель косметический для наружного применения, 10 г",
    "producer": "Рэсбио, Россия",
    "active_component": "",
    "qrcode": [
      4620005260061
    ],
    "url": "https://www.eapteka.ru/goods/id211642/"
  },
  {
    "name": "Нутрикомп Дринк Ренал пластиковая бутылка, 200 мл",
    "producer": "Б.Браун Мельзунген АГ, Швейцария",
    "active_component": "",
    "qrcode": [
      4030539186544
    ],
    "url": "https://www.eapteka.ru/goods/id316682/"
  },
  {
    "name": "Долфин средство для промывания носа детям 120 мл + минерально-растительное средство 30 пакетиков, 1 уп.",
    "producer": "Зентива Фарма, Россия",
    "active_component": "",
    "qrcode": [
      4650067760094,
      4680002020020
    ],
    "url": "https://www.eapteka.ru/goods/id215357/"
  },
  {
    "name": "Микодерил, крем для наружного применения 1 % 15 г 1 шт",
    "producer": "Лекко ЗАО, Россия",
    "active_component": "Нафтифин",
    "qrcode": [
      4602196003894,
      4603671003095
    ],
    "url": "https://www.eapteka.ru/goods/id250597/"
  },
  {
    "name": "Финалгон, крем для наружного применения   35 г 1 шт",
    "producer": "С.П.М. КонтрактФарма ГмбХ, Германия",
    "active_component": "",
    "qrcode": [
      3582910082682
    ],
    "url": "https://www.eapteka.ru/goods/id298233/"
  },
  {
    "name": "Лориста, таблетки покрыт.плен.об. 50 мг 90 шт",
    "producer": "КРКА-РУС, Россия",
    "active_component": "Лозартан",
    "qrcode": [
      4607055131343
    ],
    "url": "https://www.eapteka.ru/goods/id221032/"
  },
  {
    "name": "Флебопресс, капсулы     60 шт",
    "producer": "Озон, Россия",
    "active_component": "Троксерутин",
    "qrcode": [
      4680020183288
    ],
    "url": "https://www.eapteka.ru/goods/id352725/"
  },
  {
    "name": "Серлифт, таблетки покрыт.плен.об. 100 мг 28 шт",
    "producer": "Сан Фармасьютикал Индастриз Лтд, Индия",
    "active_component": "Сертралин",
    "qrcode": [
      4601764003212
    ],
    "url": "https://www.eapteka.ru/goods/id210255/"
  },
  {
    "name": "Вольтарен Эмульгель, гель для наружного применения 1 % 50 г",
    "producer": "ГСК Консьюмер Хелскер С.А., Швейцария",
    "active_component": "Диклофенак",
    "qrcode": [
      613,
      4607045190343,
      4607045192613
    ],
    "url": "https://www.eapteka.ru/goods/id104684/"
  },
  {
    "name": "Ацеклагин таблетки с модифиц. высвобож покрыт.плен.об.200 мг, 10 шт.",
    "producer": "Корея Юнайтед Фарм. Инк., Корея республика",
    "active_component": "Ацеклофенак",
    "qrcode": [
      3850114238946
    ],
    "url": "https://www.eapteka.ru/goods/id326700/"
  },
  {
    "name": "Бронхипрет, сироп, 100 мл",
    "producer": "Бионорика СЕ, Германия",
    "active_component": "",
    "qrcode": [
      4029799131838
    ],
    "url": "https://www.eapteka.ru/goods/id209971/"
  },
  {
    "name": "Сыворотка против яда гадюки обыкновенной, ампулы 150 ае шприц 1 шт.",
    "producer": "Микроген НПО, Россия",
    "active_component": "Антитоксин яда гадюки обыкновенной",
    "qrcode": [
      4602789001696
    ],
    "url": "https://www.eapteka.ru/goods/id233349/"
  },
  {
    "name": "АкваРоса Набор изотонический р-р 0,9% Спрей  + Ополаскиватель  + насадка, 1 уп.",
    "producer": "КС Трейд, Россия",
    "active_component": "",
    "qrcode": [
      4650071280632
    ],
    "url": "https://www.eapteka.ru/goods/id502252/"
  },
  {
    "name": "Мирамистин р-р для местн. применения 0.01%, раствор для местного применения 0,01% 150 мл",
    "producer": "Инфамед К, Россия",
    "active_component": "",
    "qrcode": [
      4630008940037,
      4602929000091,
      4650068810026
    ],
    "url": "https://www.eapteka.ru/goods/id227167/"
  },
  {
    "name": "Гирель, таблетки   50 шт",
    "producer": "Biologische Heilmittel Heel, Германия",
    "active_component": "Гомеопатический состав",
    "qrcode": [
      4601654001274,
      4047642014442
    ],
    "url": "https://www.eapteka.ru/goods/id207984/"
  },
  {
    "name": "Спазмалгон, ампулы, 2 мл, 10 шт.",
    "producer": "Софарма, Болгария",
    "active_component": "Метамизол натрия, Питофенон, Фенпивериния бромид",
    "qrcode": [
      3800010612708
    ],
    "url": "https://www.eapteka.ru/goods/id111498/"
  },
  {
    "name": "Фороза, таблетки покрыт.плен.об. 70 мг 4 шт",
    "producer": "Лек д.д., Словения",
    "active_component": "Алендроновая кислота",
    "qrcode": [
      3838957016174,
      7613421053987
    ],
    "url": "https://www.eapteka.ru/goods/id212013/"
  }
]