[
  {
    "name": "Просталь капсулы 300 мг, 30 шт.",
    "producer": "Глобал Хэлфкеар ООО, Россия",
    "active_component": "",
    "qrcode": [
      "-",
      4640033070067
    ],
    "url": "https://www.eapteka.ru/goods/id499799/"
  },
  {
    "name": "Урофурагин, таблетки 50 мг 30 шт",
    "producer": "Польфа Варшавский фармацевтический завод, Польша",
    "active_component": "Фуразидин",
    "qrcode": [
      5900161005928
    ],
    "url": "https://www.eapteka.ru/goods/id281729/"
  },
  {
    "name": "Ревасил, спрей для наружного применения 50 мл   1 шт",
    "producer": "Алтайвитамины, Россия",
    "active_component": "Миноксидил",
    "qrcode": [
      4607038730235,
      4603679008108,
      "-"
    ],
    "url": "https://www.eapteka.ru/goods/id245570/"
  },
  {
    "name": "Галстена, капли для приема внутрь , 20 мл",
    "producer": "Рихард Биттнер АГ, Австрия",
    "active_component": "Гомеопатический состав",
    "qrcode": [
      5350586000235,
      90266034,
      "-"
    ],
    "url": "https://www.eapteka.ru/goods/id18319/"
  },
  {
    "name": "Вальсакор, таблетки покрыт.плен.об. 160 мг, 30 шт.",
    "producer": "КРКА-РУС, Россия",
    "active_component": "Валсартан",
    "qrcode": [
      3838989644574,
      4607055138595
    ],
    "url": "https://www.eapteka.ru/goods/id235304/"
  },
  {
    "name": "Энцетрон-СОЛОфарм раствор для в/вен и в/мыш введен.250 мг/мл 4 мл, 5 шт.",
    "producer": "Гротекс ООО, Россия",
    "active_component": "Цитиколин",
    "qrcode": [
      4670028221600,
      4670028221570
    ],
    "url": "https://www.eapteka.ru/goods/id334434/"
  },
  {
    "name": "Ро-статин, капсулы 20 мг   30 шт",
    "producer": "Озон, Россия",
    "active_component": "Розувастатин",
    "qrcode": [
      4607027769925
    ],
    "url": "https://www.eapteka.ru/goods/id352762/"
  },
  {
    "name": "Аква Марис Экстрасильный спрей назальный, 150 мл 1 шт",
    "producer": "ЯДРАН-ГАЛЕНСКИ ЛАБОРАТОРИЙ а.о., Хорватия",
    "active_component": "Вода морская",
    "qrcode": [
      3856013222710
    ],
    "url": "https://www.eapteka.ru/goods/id327339/"
  },
  {
    "name": "Аква Марис Беби Интенсивное промывание спрей назальный, 150 мл",
    "producer": "ЯДРАН-ГАЛЕНСКИ ЛАБОРАТОРИЙ а.о., Хорватия",
    "active_component": "Вода Адриатического моря с натуральными микроэлементами",
    "qrcode": [
      3856013223694
    ],
    "url": "https://www.eapteka.ru/goods/id327338/"
  },
  {
    "name": "Конкор, таблетки покрыт.плен.об. 10 мг 50 шт",
    "producer": "Нанолек ООО, Россия",
    "active_component": "Бисопролол",
    "qrcode": [
      4022536645919,
      "-",
      4640017591168,
      4640017590338
    ],
    "url": "https://www.eapteka.ru/goods/id24442/"
  },
  {
    "name": "Лизоретик, таблетки 20 мг+12,5 мг, 28 шт.",
    "producer": "Ипка Лабораториз Лимитед, Индия",
    "active_component": "",
    "qrcode": [
      8901079005144
    ],
    "url": "https://www.eapteka.ru/goods/id217355/"
  },
  {
    "name": "Габагамма, капсулы 400 мг, 20 шт.",
    "producer": "Артезан Фарма ГмбХ и Ко. КГ, Германия",
    "active_component": "Габапентин",
    "qrcode": [
      4030674002150
    ],
    "url": "https://www.eapteka.ru/goods/id217929/"
  },
  {
    "name": "Флуимуцил, таблетки шипучие 600 мг 20 шт",
    "producer": "Zambon SpA Italia, Италия",
    "active_component": "Ацетилцистеин",
    "qrcode": [
      4603619000636
    ],
    "url": "https://www.eapteka.ru/goods/id204194/"
  },
  {
    "name": "Лордестин, таблетки покрыт.плен.об. 5 мг 10 шт",
    "producer": "Гедеон Рихтер, Венгрия",
    "active_component": "Дезлоратадин",
    "qrcode": [
      4605469001467
    ],
    "url": "https://www.eapteka.ru/goods/id215169/"
  },
  {
    "name": "Кальций-Д3 Никомед таблетки жевательные клубника-арбуз, 60 шт.",
    "producer": "Такеда Фармасьютикалс ООО, Россия",
    "active_component": "Кальция карбонат, Колекальциферол",
    "qrcode": [
      7038310001007,
      4602156000598,
      4601026310102
    ],
    "url": "https://www.eapteka.ru/goods/id277084/"
  },
  {
    "name": "Тауфон Табс Лютеин, таблетки покрыт.плен.об. 60 шт",
    "producer": "Фармстандарт-УфаВИТА, Россия",
    "active_component": "Поливитамины, Прочие препараты",
    "qrcode": [
      4601808013153
    ],
    "url": "https://www.eapteka.ru/goods/id301603/"
  },
  {
    "name": "Микодерил раствор для наружного применения 1%, 10 мл",
    "producer": "Фармстандарт-Лексредства, Россия",
    "active_component": "Нафтифин",
    "qrcode": [
      4601669008312
    ],
    "url": "https://www.eapteka.ru/goods/id239492/"
  },
  {
    "name": "Мелофлекс Ромфарм, раствор для в/м введ.10 мг/мл 1,5 мл амп 3 шт",
    "producer": "К.О.Ромфарм Компани С.Р.Л., Румыния",
    "active_component": "Мелоксикам",
    "qrcode": [
      5944728001954
    ],
    "url": "https://www.eapteka.ru/goods/id221870/"
  },
  {
    "name": "Инфлюцеин капсулы 75 мг, 10 шт.",
    "producer": "Канонфарма продакшн ЗАО, Россия",
    "active_component": "Осельтамивир",
    "qrcode": [
      4606486026341
    ],
    "url": "https://www.eapteka.ru/goods/id299351/"
  },
  {
    "name": "Арбидол Максимум, капсулы 200 мг 10 шт",
    "producer": "Фармстандарт-Лексредства, Россия",
    "active_component": "Умифеновир",
    "qrcode": [
      4601669008053
    ],
    "url": "https://www.eapteka.ru/goods/id230414/"
  }
]