[
  {
    "name": "Розистарк, таблетки покрыт.плен.об. 10 мг 28 шт",
    "producer": "Белупо,лекарства и косметика д.д, Хорватия",
    "active_component": "Розувастатин",
    "qrcode": [
      3850343018753
    ],
    "url": "https://www.eapteka.ru/goods/id236948/"
  },
  {
    "name": "Стрепсилс Экспресс, спрей для местного применения 20 мл 1 шт",
    "producer": "Рекитт Бенкизер Хелскер, Великобритания",
    "active_component": "Амилметакрезол, Дихлорбензиловый спирт, Лидокаин",
    "qrcode": [
      5000158100206,
      "-"
    ],
    "url": "https://www.eapteka.ru/goods/id289462/"
  },
  {
    "name": "Хартил, таблетки 5 мг 28 шт",
    "producer": "ЭГИС, Венгрия",
    "active_component": "Рамиприл",
    "qrcode": [
      5995327117379,
      5995327155500
    ],
    "url": "https://www.eapteka.ru/goods/id208177/"
  },
  {
    "name": "Вильпрафен гранулы д/приг суспензии для приема внутрь 250 мг/5 мл, 15 г",
    "producer": "Фамар Лион, Франция",
    "active_component": "Джозамицин",
    "qrcode": [
      4607098451484
    ],
    "url": "https://www.eapteka.ru/goods/id23653/"
  },
  {
    "name": "Диротон Плюс, капсулы с модифиц высвобож 1,5 мг+10 мг 28 шт",
    "producer": "Гедеон Рихтер, Венгрия",
    "active_component": "Индапамид, Лизиноприл",
    "qrcode": [
      4605469003393,
      4605469004437
    ],
    "url": "https://www.eapteka.ru/goods/id354873/"
  },
  {
    "name": "Доктор Тайсс сироп с подорожником без сахара 100 мл, упак.",
    "producer": "Доктор Тайсс Натурварен ГмбХ, Германия",
    "active_component": "",
    "qrcode": [
      4016369662311
    ],
    "url": "https://www.eapteka.ru/goods/id250491/"
  },
  {
    "name": "Аллервэй, таблетки покрыт.кишечнораств.об. 5 мг 30 шт",
    "producer": "Д-р Редди`с, Индия",
    "active_component": "Левоцетиризин",
    "qrcode": [
      8901148239494,
      8901148271583
    ],
    "url": "https://www.eapteka.ru/goods/id308816/"
  },
  {
    "name": "Женале, таблетки 10 мг 1 шт.",
    "producer": "Изварино Фарма, Россия",
    "active_component": "Мифепристон",
    "qrcode": [
      4660007701025
    ],
    "url": "https://www.eapteka.ru/goods/id217234/"
  },
  {
    "name": "Акридерм Гента, крем для наружного применения 30 г 1 шт",
    "producer": "Акрихин ХФК АО, Россия",
    "active_component": "Бетаметазон, Гентамицин",
    "qrcode": [
      4601969005059
    ],
    "url": "https://www.eapteka.ru/goods/id208188/"
  },
  {
    "name": "Берлиприл Плюс, таблетки 25 мг+10 мг 30 шт",
    "producer": "Берлин-Хеми АГ, Германия",
    "active_component": "Гидрохлоротиазид, Эналаприл",
    "qrcode": [
      4013054013526
    ],
    "url": "https://www.eapteka.ru/goods/id227452/"
  },
  {
    "name": "Занидип-Рекордати, таблетки покрыт.плен.об. 10 мг 28",
    "producer": "Рекордати химическая и фармацевтическая индустрия, Италия",
    "active_component": "Лерканидипин",
    "qrcode": [
      5391519920879
    ],
    "url": "https://www.eapteka.ru/goods/id216522/"
  },
  {
    "name": "Леветинол, таблетки покрыт.плен.об. 250 мг 30 шт",
    "producer": "Герофарм, Россия",
    "active_component": "Леветирацетам",
    "qrcode": [
      4607008360370
    ],
    "url": "https://www.eapteka.ru/goods/id219657/"
  },
  {
    "name": "Меропенем-ЛЕКСВМ, порошок д/приг.р-ра для в/в введ.1 г фл 1 шт",
    "producer": "Протек СВМ, Россия",
    "active_component": "Меропенем",
    "qrcode": [
      4607126030599
    ],
    "url": "https://www.eapteka.ru/goods/id251451/"
  },
  {
    "name": "Nutricia Нутризон смесь для энтерального питания, 1000 мл",
    "producer": "Истра-Нутриция ДП АО, Россия",
    "active_component": "",
    "qrcode": [
      8716900576072,
      8716900575044,
      8716900576065,
      8712400156837,
      "-"
    ],
    "url": "https://www.eapteka.ru/goods/id212902/"
  },
  {
    "name": "Тилорон-Вертекс, таблетки покрыт.плен.об. 125 мг 6 шт",
    "producer": "Вертекс, Россия",
    "active_component": "Тилорон",
    "qrcode": [
      4670033320640
    ],
    "url": "https://www.eapteka.ru/goods/id513605/"
  },
  {
    "name": "Леденцы Холлс ментол экстра, 25 г 9 шт.",
    "producer": "Мондэлис Русь, Россия",
    "active_component": "",
    "qrcode": [
      46177889
    ],
    "url": "https://www.eapteka.ru/goods/id327994/"
  },
  {
    "name": "Тантум Верде форте, спрей для местного применения   15 мл 1 шт",
    "producer": "Азиенде Кимике Риуните Анжелини Франческо А.К.Р.А., Италия",
    "active_component": "Бензидамин",
    "qrcode": [
      8000036012000
    ],
    "url": "https://www.eapteka.ru/goods/id231112/"
  },
  {
    "name": "Диувер, таблетки 5 мг 20 шт",
    "producer": "Р-Фарм Новоселки, Россия",
    "active_component": "Торасемид",
    "qrcode": [
      4630157810038
    ],
    "url": "https://www.eapteka.ru/goods/id514143/"
  },
  {
    "name": "Калмирекс раствор для в/в и в/м введ.2,5 мг/мл+100 мг/мл амп, 5 шт.",
    "producer": "ФармФирма Сотекс, Россия",
    "active_component": "Толперизон, Лидокаин",
    "qrcode": [
      4605964005984
    ],
    "url": "https://www.eapteka.ru/goods/id296196/"
  },
  {
    "name": "Маалокс, суспензия для приема внутрь 250 мл 1 шт",
    "producer": "Санофи С.п.А., Италия",
    "active_component": "Алгелдрат, Магния гидроксид",
    "qrcode": [
      3587080000504,
      3582910074922,
      3582910081258,
      2880088594732
    ],
    "url": "https://www.eapteka.ru/goods/id103373/"
  }
]