[
  {
    "name": "Фокусин, капсулы с модифицированным высвобождением 0,4 мг   30 шт",
    "producer": "Санека Фармасьютикалс а.с., Словакия",
    "active_component": "Тамсулозин",
    "qrcode": [
      3582910091103,
      "-"
    ],
    "url": "https://www.eapteka.ru/goods/id208520/"
  },
  {
    "name": "Фитофрон, таблетки покрыт.плен.об.   60 шт",
    "producer": "ФармВилар НПО, Россия",
    "active_component": "Золототысячника трава, Любистока лекарственного корни, Розмарина обыкновенного листья",
    "qrcode": [
      4610017501467
    ],
    "url": "https://www.eapteka.ru/goods/id355921/"
  },
  {
    "name": "Урсептия, капсулы 200 мг   20 шт",
    "producer": "Велфарм, Россия",
    "active_component": "Пипемидовая кислота",
    "qrcode": [
      4650099783436
    ],
    "url": "https://www.eapteka.ru/goods/id499071/"
  },
  {
    "name": "Эскузан, капли для приема внутрь 20 мл 1 шт",
    "producer": "Фарма Вернигероде ГмбХ, Германия",
    "active_component": "Тиамин, Эсцин",
    "qrcode": [
      4030145020010,
      4030145020027
    ],
    "url": "https://www.eapteka.ru/goods/id25041/"
  },
  {
    "name": "Имипенем и Циластатин, раствор для инфузий 500 мг+500 мг 10 мл 1 шт",
    "producer": "Красфарма ПАО, Россия",
    "active_component": "Имипенем, [Циластатин]",
    "qrcode": [
      4602521011785
    ],
    "url": "https://www.eapteka.ru/goods/id319187/"
  },
  {
    "name": "Натуркоксинум, гранулы гомеопатические 1 г 9 доз",
    "producer": "Гомеокан, Канада",
    "active_component": "Гомеопатический состав",
    "qrcode": [
      1094922319653,
      4779033720495
    ],
    "url": "https://www.eapteka.ru/goods/id216390/"
  },
  {
    "name": "Баклосан, таблетки 25 мг, 50 шт.",
    "producer": "Польфарма АО, Польша",
    "active_component": "Баклофен",
    "qrcode": [
      5903060004665
    ],
    "url": "https://www.eapteka.ru/goods/id34720/"
  },
  {
    "name": "Цефиксим ЭКСПРЕСС, таблетки диспергируемые 400 мг   7 шт",
    "producer": "Лекко ЗАО, Россия",
    "active_component": "Цефиксим",
    "qrcode": [
      4603671003644
    ],
    "url": "https://www.eapteka.ru/goods/id359434/"
  },
  {
    "name": "Мофлаксия, таблетки покрыт.плен.об. 400 мг 5 шт",
    "producer": "КРКА дд Ново место, Словения",
    "active_component": "Моксифлоксацин",
    "qrcode": [
      3838989665029
    ],
    "url": "https://www.eapteka.ru/goods/id295908/"
  },
  {
    "name": "Нитрофунгин-Тева, раствор для наружного применения 25 мл 1 шт",
    "producer": "Тева Чешские Предприятия с.р.о., Чешская Республика",
    "active_component": "Хлорнитрофенол",
    "qrcode": [
      8594737212215
    ],
    "url": "https://www.eapteka.ru/goods/id103827/"
  },
  {
    "name": "Рабелок, таблетки покрыт.кишечнораств.об. 20 мг   14 шт",
    "producer": "Индия",
    "active_component": "Рабепразол",
    "qrcode": [
      8901149031776,
      8901149031773
    ],
    "url": "https://www.eapteka.ru/goods/id262784/"
  },
  {
    "name": "Офтолик, капли глазные     1 шт",
    "producer": "Сентисс Фарма Пвт.Лтд, Индия",
    "active_component": "Повидон, Поливиниловый спирт",
    "qrcode": [
      8901236010714,
      8901236010711,
      8901236020058
    ],
    "url": "https://www.eapteka.ru/goods/id211454/"
  },
  {
    "name": "Соликса-Ксантис, таблетки покрыт.плен.об. 5 мг 30 шт",
    "producer": "Санека Фармасьютикалс а.с., Словакия",
    "active_component": "Солифенацин",
    "qrcode": [
      4650069651680
    ],
    "url": "https://www.eapteka.ru/goods/id500969/"
  },
  {
    "name": "Гентос, капли для приема внутрь , 20 мл",
    "producer": "Рихард Биттнер АГ, Австрия",
    "active_component": "Гомеопатический состав",
    "qrcode": [
      90266058,
      5350586000259
    ],
    "url": "https://www.eapteka.ru/goods/id18323/"
  },
  {
    "name": "Лориста Н, таблетки покрыт.плен.об. 100 мг+12,5 мг 30 шт",
    "producer": "КРКА дд Ново место, Словения",
    "active_component": "Гидрохлоротиазид, Лозартан",
    "qrcode": [
      3838989634964
    ],
    "url": "https://www.eapteka.ru/goods/id237014/"
  },
  {
    "name": "Энзикс дуо, таблетки 2,5 мг+10 мг  45 шт",
    "producer": "Хемофарм ООО, Россия",
    "active_component": "Индапамид, Эналаприл",
    "qrcode": [
      4607143560208
    ],
    "url": "https://www.eapteka.ru/goods/id207729/"
  },
  {
    "name": "Тиоктовая кислота-Вертекс, таблетки покрыт.плен.об. 600 мг 28 шт",
    "producer": "Вертекс, Россия",
    "active_component": "Тиоктовая кислота",
    "qrcode": [
      4670033321234
    ],
    "url": "https://www.eapteka.ru/goods/id513588/"
  },
  {
    "name": "Сенаде, таблетки   500 шт",
    "producer": "Ципла Лтд, Индия",
    "active_component": "Сеннозиды А И В",
    "qrcode": [
      8901117191815
    ],
    "url": "https://www.eapteka.ru/goods/id27833/"
  },
  {
    "name": "Колофорт, таблетки для рассасывания, 100 шт.",
    "producer": "Материа Медика Холдинг, Россия",
    "active_component": "Антитела",
    "qrcode": [
      4607009581941
    ],
    "url": "https://www.eapteka.ru/goods/id231014/"
  },
  {
    "name": "Тамзелин, капсулы пролонгированного действия 0,4 мг   30 шт",
    "producer": "Велфарм, Россия",
    "active_component": "Тамсулозин",
    "qrcode": [
      4650099780060,
      4602565021535
    ],
    "url": "https://www.eapteka.ru/goods/id219721/"
  }
]