[
  {
    "name": "Биосулин Р, суспензия для инъекций 100 ме/мл 10 мл фл 1 шт",
    "producer": "Фармстандарт-УфаВИТА, Россия",
    "active_component": "",
    "qrcode": [
      4601808005035
    ],
    "url": "https://www.eapteka.ru/goods/id216318/"
  },
  {
    "name": "Персен Ночь, капсулы     20 шт",
    "producer": "Лек Фармасьютикалз д.д., Словения",
    "active_component": "",
    "qrcode": [
      3838957076741,
      3838957007370
    ],
    "url": "https://www.eapteka.ru/goods/id230412/"
  },
  {
    "name": "Арбидол, капсулы 100 мг 20 шт",
    "producer": "Фармстандарт-Лексредства, Россия",
    "active_component": "Умифеновир",
    "qrcode": [
      4601669004598
    ],
    "url": "https://www.eapteka.ru/goods/id204366/"
  },
  {
    "name": "Нутриэн Стандарт с пищевыми волокнами, жидкое (зондовое) лечебное питание, 0,5 л",
    "producer": "Инфаприм ЗАО, Россия",
    "active_component": "",
    "qrcode": [
      4600490620854
    ],
    "url": "https://www.eapteka.ru/goods/id507266/"
  },
  {
    "name": "Экофуцин, суппозитории вагинальные     6 шт",
    "producer": "Авва Рус, Россия",
    "active_component": "Натамицин",
    "qrcode": [
      4680020230159
    ],
    "url": "https://www.eapteka.ru/goods/id276632/"
  },
  {
    "name": "Кортеф, таблетки 10 мг 100 шт",
    "producer": "Патеон Инк, Канада",
    "active_component": "Гидрокортизон",
    "qrcode": [
      11376301,
      300090031015,
      300090031015,
      4607131044871
    ],
    "url": "https://www.eapteka.ru/goods/id203751/"
  },
  {
    "name": "Канизон плюс, крем для наружного применения 15 г 1 шт",
    "producer": "Аджио Фармацевтикалз Лтд, Индия",
    "active_component": "Бетаметазон, Гентамицин, Клотримазол",
    "qrcode": [
      8901043001172,
      8901043001179
    ],
    "url": "https://www.eapteka.ru/goods/id228446/"
  },
  {
    "name": "Нобазит, таблетки покрыт.плен.об. 250 мг 20 шт",
    "producer": "Ирбитский ХФЗ, Россия",
    "active_component": "Энисамия йодид",
    "qrcode": [
      4603276010153,
      4603276011235
    ],
    "url": "https://www.eapteka.ru/goods/id337824/"
  },
  {
    "name": "Опатанол, капли глазные   5 мл 1 шт",
    "producer": "Alcon-Couvreur, Бельгия",
    "active_component": "Олопатадин",
    "qrcode": [
      5413895020919,
      7613421035778
    ],
    "url": "https://www.eapteka.ru/goods/id208654/"
  },
  {
    "name": "Флемоксин Солютаб, таблетки диспергируемые 1000 мг   20 шт",
    "producer": "Астеллас Фарма Юроп Б.В., Нидерланды",
    "active_component": "Амоксициллин",
    "qrcode": [
      4607098450203,
      4607098452221,
      4606556000424,
      "-"
    ],
    "url": "https://www.eapteka.ru/goods/id34187/"
  },
  {
    "name": "Белогент, крем для наружного применения 30 г 1 шт",
    "producer": "Белупо,лекарства и косметика д.д, Хорватия",
    "active_component": "Бетаметазон, Гентамицин",
    "qrcode": [
      3850343053594
    ],
    "url": "https://www.eapteka.ru/goods/id123888/"
  },
  {
    "name": "Веноплант, таблетки пролонг действия покрыт.плен.об. 20 шт",
    "producer": "Доктор Вильмар Швабе ГмбХ & Ко. КГ, Германия",
    "active_component": "Каштана конского семян экстр.",
    "qrcode": [
      4029916000122
    ],
    "url": "https://www.eapteka.ru/goods/id23402/"
  },
  {
    "name": "Хлорпротиксен, таблетки 50 мг 30 шт",
    "producer": "Фармпроект, Россия",
    "active_component": "Хлорпротиксен",
    "qrcode": [
      4610032170044,
      4607019011704
    ],
    "url": "https://www.eapteka.ru/goods/id480479/"
  },
  {
    "name": "Гриппферон, спрей назальный дозированный 500 ме/мл 10 мл 1 шт",
    "producer": "Фирн М, Россия",
    "active_component": "Интерферон альфа-2b",
    "qrcode": [
      4606207000520
    ],
    "url": "https://www.eapteka.ru/goods/id223976/"
  },
  {
    "name": "Реаферон-ЕС 1000000 МЕ флаконы, 5 шт.",
    "producer": "Вектор-Медика АО, Россия",
    "active_component": "Интерферон альфа-2b",
    "qrcode": [
      4605635005046
    ],
    "url": "https://www.eapteka.ru/goods/id204629/"
  },
  {
    "name": "Бифилиз (Вигэл), лиофилизат д/приг.суспензии для приема внутрь 5 доз 10 шт",
    "producer": "Фирма Фермент, Россия",
    "active_component": "Бифидобактерии бифидум, Лизоцим",
    "qrcode": [
      4602689000041,
      4602689001178,
      4602689000751
    ],
    "url": "https://www.eapteka.ru/goods/id205342/"
  },
  {
    "name": "Бронхобос, сироп 250 мг/5 мл 200 мл 1 шт",
    "producer": "Босналек, Босния и Герцеговина",
    "active_component": "Карбоцистеин",
    "qrcode": [
      3870010000638
    ],
    "url": "https://www.eapteka.ru/goods/id225634/"
  },
  {
    "name": "Полидекса с фенилэфрином, спрей назальный 15 мл 1 шт",
    "producer": "Софартекс, Франция",
    "active_component": "Дексаметазон, Неомицин, Полимиксин B, Фенилэфрин",
    "qrcode": [
      3592752779725,
      5391519923641
    ],
    "url": "https://www.eapteka.ru/goods/id119125/"
  },
  {
    "name": "Йохимбина гидрохлорид, таблетки 5 мг 50 шт",
    "producer": "Здоровье ФК, Украина",
    "active_component": "Йохимбина гидрохлорид",
    "qrcode": [
      4820044110840
    ],
    "url": "https://www.eapteka.ru/goods/id114350/"
  },
  {
    "name": "Валз Н, таблетки покрыт.плен.об. 160 мг+12,5 мг 28 шт",
    "producer": "Балканфарма - Троян АД, Болгария",
    "active_component": "Валсартан, Гидрохлоротиазид",
    "qrcode": [
      4607141997822,
      4630013790160
    ],
    "url": "https://www.eapteka.ru/goods/id212630/"
  }
]