[
  {
    "name": "Клацид СР таблетки с пролонг.высвобож покрыт.плен.об 500 мг, 5 шт.",
    "producer": "ЭббВи С.р.Л., Италия",
    "active_component": "Кларитромицин",
    "qrcode": [
      5013158773677,
      8002660020048,
      8002660027030
    ],
    "url": "https://www.eapteka.ru/goods/id113472/"
  },
  {
    "name": "Сульфасалазин-ЕН, таблетки 500 мг 50 шт",
    "producer": "КРКА дд Ново место, Словения",
    "active_component": "Сульфасалазин",
    "qrcode": [
      4607055130711,
      4605635002397
    ],
    "url": "https://www.eapteka.ru/goods/id211362/"
  },
  {
    "name": "Берголак, таблетки 0,5 мг, 2 шт.",
    "producer": "Верофарм АО, Россия",
    "active_component": "Каберголин",
    "qrcode": [
      4607083727280
    ],
    "url": "https://www.eapteka.ru/goods/id214817/"
  },
  {
    "name": "Мексидол раствор для в/в и в/м введ.50 мг/мл 5 мл амп., 5 шт.",
    "producer": "ФКП Армавирская биофабрика, Россия",
    "active_component": "Этилметилгидроксипиридина сукцинат",
    "qrcode": [
      4670008161476,
      4670000360136,
      4602676004069,
      4605894001346
    ],
    "url": "https://www.eapteka.ru/goods/id234956/"
  },
  {
    "name": "Тантум Верде, таблетки для рассасывания 3 мг 40 шт",
    "producer": "Азиенде Кимике Риуните Анжелини Франческо А.К.Р.А., Италия",
    "active_component": "Бензидамин",
    "qrcode": [
      8000036024065
    ],
    "url": "https://www.eapteka.ru/goods/id338712/"
  },
  {
    "name": "Комфодерм, мазь для наружного применения 0,1 % 15 г 1 шт",
    "producer": "Акрихин ХФК АО, Россия",
    "active_component": "Метилпреднизолона ацепонат",
    "qrcode": [
      4601969007558
    ],
    "url": "https://www.eapteka.ru/goods/id294404/"
  },
  {
    "name": "Нипертен, таблетки 10 мг 100 шт",
    "producer": "КРКА дд Ново место, Словения",
    "active_component": "Бисопролол",
    "qrcode": [
      4607055133293
    ],
    "url": "https://www.eapteka.ru/goods/id217947/"
  },
  {
    "name": "Дифлюкан, порошок д/приг суспензии для приема внутрь 10 мг/мл 24,4 г 1 шт",
    "producer": "Пфайзер, Пуэрто-Рико",
    "active_component": "Флуконазол",
    "qrcode": [
      4607131040330
    ],
    "url": "https://www.eapteka.ru/goods/id103089/"
  },
  {
    "name": "Проспан, сироп 100 мл   1 шт",
    "producer": "Энгельхард Арцнаймиттель Гмбх и Ко., Германия",
    "active_component": "Плюща листьев экстракт",
    "qrcode": [
      4104480705021
    ],
    "url": "https://www.eapteka.ru/goods/id204197/"
  },
  {
    "name": "Делорсин, таблетки 5 г 20 шт",
    "producer": "Санека Фармасьютикалс а.с., Словакия",
    "active_component": "Дезлоратадин",
    "qrcode": [
      4650069651673
    ],
    "url": "https://www.eapteka.ru/goods/id513168/"
  },
  {
    "name": "Фенистил, капли для приема внутрь 20 мл   1 шт",
    "producer": "ГСК Консьюмер Хелскер С.А., Швейцария",
    "active_component": "Диметинден",
    "qrcode": [
      7680275289008,
      4602233007120
    ],
    "url": "https://www.eapteka.ru/goods/id104828/"
  },
  {
    "name": "Дапоксетин-СЗ таблетки покрыт.плен.об. 30 мг, 10 шт.",
    "producer": "Северная Звезда, Россия",
    "active_component": "Дапоксетин",
    "qrcode": [
      4690655024320
    ],
    "url": "https://www.eapteka.ru/goods/id500667/"
  },
  {
    "name": "Эндоксан, порошок д/приг.р-ра для в/в введ.  500 мг 1 шт",
    "producer": "Бакстер Фармасьютикал Солюшнc ЭлЭлСи, США",
    "active_component": "Циклофосфамид",
    "qrcode": [
      5413760232102
    ],
    "url": "https://www.eapteka.ru/goods/id22597/"
  },
  {
    "name": "Комбинил, капли глазные и ушные 5 мл",
    "producer": "Сентисс Фарма Пвт.Лтд, Индия",
    "active_component": "Ципрофлоксацин, Дексаметазон",
    "qrcode": [
      8901236012107,
      8901236012104,
      118901236012
    ],
    "url": "https://www.eapteka.ru/goods/id215403/"
  },
  {
    "name": "Дормиплант, таблетки   50 шт",
    "producer": "Доктор Вильмар Швабе ГмбХ & Ко. КГ, Германия",
    "active_component": "Гомеопатический состав",
    "qrcode": [
      4029916001563,
      4029916000108
    ],
    "url": "https://www.eapteka.ru/goods/id23397/"
  },
  {
    "name": "Плаквенил, таблетки покрыт.плен.об. 200 мг 60 шт",
    "producer": "Санофи-Авентис С.А., Испания",
    "active_component": "Гидроксихлорохин",
    "qrcode": [
      3582910072294,
      3582910007654
    ],
    "url": "https://www.eapteka.ru/goods/id21326/"
  },
  {
    "name": "Рабелок, лиофилизат д/приг р-ра для в/в введ. 20 мг 1 шт",
    "producer": "Кадила Фармасьютикалз Лтд, Индия",
    "active_component": "Рабепразол",
    "qrcode": [
      8901149025096,
      8901149025093
    ],
    "url": "https://www.eapteka.ru/goods/id226902/"
  },
  {
    "name": "Фозиноприл, таблетки 20 мг 30 шт",
    "producer": "Изварино Фарма, Россия",
    "active_component": "Фозиноприл",
    "qrcode": [
      4660007701452
    ],
    "url": "https://www.eapteka.ru/goods/id266686/"
  },
  {
    "name": "Перинева, таблетки 4 мг 90 шт",
    "producer": "КРКА-РУС, Россия",
    "active_component": "Периндоприл",
    "qrcode": [
      4607055133002
    ],
    "url": "https://www.eapteka.ru/goods/id214747/"
  },
  {
    "name": "Телмиста АМ, таблетки 5 мг+40 мг  28 шт",
    "producer": "КРКА дд Ново место, Словения",
    "active_component": "Амлодипин, Телмисартан",
    "qrcode": [
      3838989724306
    ],
    "url": "https://www.eapteka.ru/goods/id499918/"
  }
]