[
  {
    "name": "Фенибут, таблетки 250 мг 30 шт",
    "producer": "ФармВилар НПО, Россия",
    "active_component": "Аминофенилмасляная кислота",
    "qrcode": [
      4610017501863
    ],
    "url": "https://www.eapteka.ru/goods/id494615/"
  },
  {
    "name": "Мелоксикам-Акрихин р-р для в/мыш. введ.10 мг/мл 1,5 мл ампулы, 5 шт.",
    "producer": "Польфарма АО, Польша",
    "active_component": "Мелоксикам",
    "qrcode": [
      5903060614819
    ],
    "url": "https://www.eapteka.ru/goods/id496957/"
  },
  {
    "name": "Амоксициллин+Клавулановая кислота ЭКСПРЕСС таблетки диспергируемые 875 мг+125 мг, 14 шт.",
    "producer": "Лекко ЗАО, Россия",
    "active_component": "Амоксициллин, Клавулановая кислота",
    "qrcode": [
      4603671003576
    ],
    "url": "https://www.eapteka.ru/goods/id359405/"
  },
  {
    "name": "Хондроитин-АКОС, капсулы   250 мг 50 шт",
    "producer": "Синтез ОАО, Россия",
    "active_component": "Хондроитина сульфат",
    "qrcode": [
      4602565015664
    ],
    "url": "https://www.eapteka.ru/goods/id210409/"
  },
  {
    "name": "Деплатт-75 таблетки покрыт плен.об. 75 мг, 28 шт.",
    "producer": "Торрент Фармасьютикалс Лтд, Индия",
    "active_component": "Клопидогрел",
    "qrcode": [
      4602656003327,
      8903855059884
    ],
    "url": "https://www.eapteka.ru/goods/id241247/"
  },
  {
    "name": "Ноноксинол, суппозитории вагинальные 120 мг 10 шт",
    "producer": "Амкафарм, Германия",
    "active_component": "Ноноксинол",
    "qrcode": [
      4016242001008
    ],
    "url": "https://www.eapteka.ru/goods/id207220/"
  },
  {
    "name": "Фарматекс, капсулы вагинальные     6 шт",
    "producer": "Иннотек Интернасиональ, Франция",
    "active_component": "Бензалкония хлорид",
    "qrcode": [
      3400935438188,
      3614250000436
    ],
    "url": "https://www.eapteka.ru/goods/id207667/"
  },
  {
    "name": "Консилар-Д24 капсулы 1.25 мг+5 мг, 30 шт",
    "producer": "Вертекс, Россия",
    "active_component": "Индапамид, Рамиприл",
    "qrcode": [
      4607003249373
    ],
    "url": "https://www.eapteka.ru/goods/id335901/"
  },
  {
    "name": "Небиволол-Тева, таблетки 5 мг 28 шт",
    "producer": "Балканфарма - Дупница АД, Болгария",
    "active_component": "Небиволол",
    "qrcode": [
      5995377804281,
      3850114239950
    ],
    "url": "https://www.eapteka.ru/goods/id240862/"
  },
  {
    "name": "Цересил Канон р-р для в/в и в/м введения 250 мг/мл 4 мл, 5 шт.",
    "producer": "Армавирская биофабрика ФКП, Россия",
    "active_component": "Цитиколин",
    "qrcode": [
      4605894007713
    ],
    "url": "https://www.eapteka.ru/goods/id299348/"
  },
  {
    "name": "Экспортал, порошок д/приг р-ра д/приема внутрь     10 шт",
    "producer": "ФармВилар НПО, Россия",
    "active_component": "Лактитол",
    "qrcode": [
      4607013860209,
      4610017501528
    ],
    "url": "https://www.eapteka.ru/goods/id216524/"
  },
  {
    "name": "Фрезубин Оригинал, пакет, 1000 мл",
    "producer": "Фрезениус Каби Дойчланд ГмбХ, Германия",
    "active_component": "",
    "qrcode": [
      4086000007344,
      4086000007009
    ],
    "url": "https://www.eapteka.ru/goods/id209409/"
  },
  {
    "name": "Гомеострес, таблетки для рассасывания   40 шт",
    "producer": "Лаборатория Буарон, Франция",
    "active_component": "Гомеопатический состав",
    "qrcode": [
      3352712005772
    ],
    "url": "https://www.eapteka.ru/goods/id212373/"
  },
  {
    "name": "Нексиум, таблетки покрыт.об. 40 мг   28 шт",
    "producer": "АстраЗенека АБ, Швеция",
    "active_component": "Эзомепразол",
    "qrcode": [
      5000456034319,
      4607085315485,
      4670012610236
    ],
    "url": "https://www.eapteka.ru/goods/id205400/"
  },
  {
    "name": "Лактофильтрум, таблетки 500 мг 60 шт",
    "producer": "Авва Рус, Россия",
    "active_component": "Лактулоза, Лигнин гидролизный",
    "qrcode": [
      4607003669027,
      4680020231675,
      4680002023167,
      4680020233402
    ],
    "url": "https://www.eapteka.ru/goods/id204546/"
  },
  {
    "name": "Флюдитек, сироп     1 шт",
    "producer": "Иннотек Интернасиональ, Франция",
    "active_component": "Карбоцистеин",
    "qrcode": [
      3400935831316,
      3614250000450,
      3400935381316
    ],
    "url": "https://www.eapteka.ru/goods/id102702/"
  },
  {
    "name": "Окофенак, капли глазные 0,09 % 1,7 мл 1 шт",
    "producer": "Фармстандарт-УфаВИТА, Россия",
    "active_component": "Бромфенак",
    "qrcode": [
      4601808014457
    ],
    "url": "https://www.eapteka.ru/goods/id514117/"
  },
  {
    "name": "Димексид, 99% конц. для р-ра для наружн.прим.100 мл 1 шт",
    "producer": "Йодные технологии и маркетинг, Россия",
    "active_component": "Диметилсульфоксид",
    "qrcode": [
      4605404002092,
      4605404000156,
      "-",
      4605404001569
    ],
    "url": "https://www.eapteka.ru/goods/id245344/"
  },
  {
    "name": "Нефросан капсулы, 30 шт.",
    "producer": "Фарм-про, Россия",
    "active_component": "",
    "qrcode": [
      4610008494747
    ],
    "url": "https://www.eapteka.ru/goods/id442853/"
  },
  {
    "name": "Верона, капсулы 20 шт",
    "producer": "Хербион Пакистан Прайвет Лимитед, Пакистан",
    "active_component": "Якорцев стелющихся эктр., Вишни зимней экстр., Мукуны зудящей эктр.т, Аргиреи красивой экстракт",
    "qrcode": [
      4607006670020
    ],
    "url": "https://www.eapteka.ru/goods/id212991/"
  }
]