[
  {
    "name": "Меларитм, таблетки покрыт.плен.об. 3 мг 24 шт",
    "producer": "Алиум АО, Россия",
    "active_component": "Мелатонин",
    "qrcode": [
      4605077011230
    ],
    "url": "https://www.eapteka.ru/goods/id270690/"
  },
  {
    "name": "Пантокальцин, раствор для приема внутрь 150 мг/мл 75 мл 1 шт",
    "producer": "Валента Фарм, Россия",
    "active_component": "Гопантеновая кислота",
    "qrcode": [
      4602193014114
    ],
    "url": "https://www.eapteka.ru/goods/id515071/"
  },
  {
    "name": "Доксициклин Экспресс таблетки диспергируемые 100 мг, 20 шт.",
    "producer": "Фармстандарт-Лексредства, Россия",
    "active_component": "Доксициклин",
    "qrcode": [
      4601669014986
    ],
    "url": "https://www.eapteka.ru/goods/id511035/"
  },
  {
    "name": "Кагоцел, таблетки 12 мг 20 шт",
    "producer": "Ниармедик Фарма, Россия",
    "active_component": "Кагоцел",
    "qrcode": [
      4610020540040
    ],
    "url": "https://www.eapteka.ru/goods/id309518/"
  },
  {
    "name": "Ангин-Хель СД, таблетки   50 шт",
    "producer": "Biologische Heilmittel Heel, Германия",
    "active_component": "Гомеопатический состав",
    "qrcode": [
      4601654000833,
      4047642014237
    ],
    "url": "https://www.eapteka.ru/goods/id22888/"
  },
  {
    "name": "Вертран таблетки 24 мг, 60 шт.",
    "producer": "Белупо,лекарства и косметика д.д, Хорватия",
    "active_component": "Бетагистин",
    "qrcode": [
      3850343019606
    ],
    "url": "https://www.eapteka.ru/goods/id335812/"
  },
  {
    "name": "Флуифорт, гранулы д/приг р-ра д/приема внутрь 2,7 г 5 г 10 шт",
    "producer": "Домпе Фармачеутичи С.п.А., Италия",
    "active_component": "Карбоцистеин",
    "qrcode": [
      8024825000115
    ],
    "url": "https://www.eapteka.ru/goods/id110238/"
  },
  {
    "name": "Фарингал, таблетки, 10 шт.",
    "producer": "Салута-М, Россия",
    "active_component": "",
    "qrcode": [
      4605484000148
    ],
    "url": "https://www.eapteka.ru/goods/id231077/"
  },
  {
    "name": "АкваРоса+ Ополаскиватель минеральный гипертонический раствор 2%, 300 мл",
    "producer": "КС Трейд, Россия",
    "active_component": "",
    "qrcode": [
      4650071280618
    ],
    "url": "https://www.eapteka.ru/goods/id502255/"
  },
  {
    "name": "Суперлимф альгинатные пластины для десен, 12 шт.",
    "producer": "Иммунохелп Фарма НПО, Россия",
    "active_component": "",
    "qrcode": [
      4680031920049
    ],
    "url": "https://www.eapteka.ru/goods/id509698/"
  },
  {
    "name": "Калькохель, таблетки   50 шт",
    "producer": "Biologische Heilmittel Heel, Германия",
    "active_component": "Гомеопатический состав",
    "qrcode": [
      4601654000581,
      4047642014268
    ],
    "url": "https://www.eapteka.ru/goods/id23004/"
  },
  {
    "name": "Суматриптан-Тева, таблетки покрыт.плен.об. 100 мг 6 шт",
    "producer": "Тева Фармасьютикал Воркс Прайвэт Лимитед Компани, Венгрия",
    "active_component": "Суматриптан",
    "qrcode": [
      5995377571145
    ],
    "url": "https://www.eapteka.ru/goods/id512719/"
  },
  {
    "name": "ПробиоЛог капсулы 180 мг, 30 шт",
    "producer": "Хансен, Дания",
    "active_component": "",
    "qrcode": [
      60001040777,
      3760001040777,
      3760001040395
    ],
    "url": "https://www.eapteka.ru/goods/id221061/"
  },
  {
    "name": "Супрастинекс, таблетки покрыт.плен.об. 5 мг 14 шт",
    "producer": "ЭГИС, Венгрия",
    "active_component": "Левоцетиризин",
    "qrcode": [
      5995327130071
    ],
    "url": "https://www.eapteka.ru/goods/id212727/"
  },
  {
    "name": "Роксера, таблетки покрыт.плен.об. 5 мг 30 шт",
    "producer": "КРКА-РУС, Россия",
    "active_component": "Розувастатин",
    "qrcode": [
      3838989582425,
      4610017701096
    ],
    "url": "https://www.eapteka.ru/goods/id215273/"
  },
  {
    "name": "Нутрикомп Дринк Диабет пластиковая бутылка, 200 мл",
    "producer": "Б.Браун Мельзунген АГ, Швейцария",
    "active_component": "",
    "qrcode": [
      4030539186506
    ],
    "url": "https://www.eapteka.ru/goods/id316683/"
  },
  {
    "name": "Тобрадекс, капли глазные   5 мл 1 шт",
    "producer": "Alcon-Couvreur, Бельгия",
    "active_component": "Дексаметазон, Тобрамицин",
    "qrcode": [
      5413895015755,
      7613421035723
    ],
    "url": "https://www.eapteka.ru/goods/id204734/"
  },
  {
    "name": "Ликолам, капсулы 0,4 г,  60 шт.",
    "producer": "Бионет, Россия",
    "active_component": "",
    "qrcode": [
      4670012860013
    ],
    "url": "https://www.eapteka.ru/goods/id208668/"
  },
  {
    "name": "Такропик, мазь 0,03 % 15 г 1 шт",
    "producer": "Акрихин ХФК АО, Россия",
    "active_component": "Такролимус",
    "qrcode": [
      4601969007534
    ],
    "url": "https://www.eapteka.ru/goods/id266869/"
  },
  {
    "name": "Дюфалак сироп 667 мг/мл со сливовым вкусом, 500 мл",
    "producer": "Эббот Биолоджикалз Б.В., Нидерланды",
    "active_component": "Лактулоза",
    "qrcode": [
      8002660018809
    ],
    "url": "https://www.eapteka.ru/goods/id299364/"
  }
]