[
  {
    "name": "Ксилометазолин, спрей назальный 0,1 % эвкалипт,10 мл 1 шт",
    "producer": "Випс Мед Фирма, Россия",
    "active_component": "Ксилометазолин",
    "qrcode": [
      4603761000775,
      4603761000065,
      "-"
    ],
    "url": "https://www.eapteka.ru/goods/id224551/"
  },
  {
    "name": "Бриллиантового зеленого раствор спиртовой, флакон с лопаткой 1%, 10 мл",
    "producer": "Московская ФФ, Россия",
    "active_component": "Бриллиантовый зеленый",
    "qrcode": [
      4601429002239
    ],
    "url": "https://www.eapteka.ru/goods/id233677/"
  },
  {
    "name": "Амлодипин-Вертекс таблетки 10 мг, 20 шт.",
    "producer": "Вертекс, Россия",
    "active_component": "Амлодипин",
    "qrcode": [
      4670033320107,
      4607003246082
    ],
    "url": "https://www.eapteka.ru/goods/id233444/"
  },
  {
    "name": "Спиронолактон, таблетки 25 мг 20 шт",
    "producer": "Озон, Россия",
    "active_component": "Спиронолактон",
    "qrcode": [
      4607027769109
    ],
    "url": "https://www.eapteka.ru/goods/id294611/"
  },
  {
    "name": "Парацетамол детский, суспензия для приема внутрь клубника 120мг/5мл 100 г 1 шт",
    "producer": "Фармстандарт-Лексредства, Россия",
    "active_component": "Парацетамол",
    "qrcode": [
      4601669007094
    ],
    "url": "https://www.eapteka.ru/goods/id224735/"
  },
  {
    "name": "Прозерин, раствор для инъекций 0,05 % 1 мл 10 шт",
    "producer": "Новосибхимфарм, Россия",
    "active_component": "Неостигмина метилсульфат",
    "qrcode": [
      4602212001163
    ],
    "url": "https://www.eapteka.ru/goods/id73867/"
  },
  {
    "name": "Диклофенак-СОЛОфарм р-р для в/мыш. введ.25 мг/мл 3 мл ампулы, 5 шт.",
    "producer": "Гротекс ООО, Россия",
    "active_component": "Диклофенак",
    "qrcode": [
      4680013245641
    ],
    "url": "https://www.eapteka.ru/goods/id280805/"
  },
  {
    "name": "Ацикловир Сандоз, крем для наружного применения 5 % 2 г 1 шт",
    "producer": "Салютас Фарма ГмбХ, Германия",
    "active_component": "Ацикловир",
    "qrcode": [
      4030855000166
    ],
    "url": "https://www.eapteka.ru/goods/id23803/"
  },
  {
    "name": "Пертуссин, сироп 100 г 1 шт",
    "producer": "Самарамедпром, Россия",
    "active_component": "Тимьяна ползучего травы экстракт, Калия бромид",
    "qrcode": [
      4603933002293,
      "*",
      4603933007458,
      "-"
    ],
    "url": "https://www.eapteka.ru/goods/id235450/"
  },
  {
    "name": "Нашатырно-анисовые капли раствор спиртовой, 25 мл",
    "producer": "Кировская фармфабрика, Россия",
    "active_component": "Аммиак, Аниса обыкновенного семян масло",
    "qrcode": [
      4603256005995
    ],
    "url": "https://www.eapteka.ru/goods/id297603/"
  },
  {
    "name": "Борной кислоты раствор спиртовой 3% флаконы, 25 мл",
    "producer": "Тульская фармфабрика, Россия",
    "active_component": "Борная кислота",
    "qrcode": [
      4603905000135
    ],
    "url": "https://www.eapteka.ru/goods/id243026/"
  },
  {
    "name": "Вазелин мазь, мазь для наружного применения 30 г   1 шт",
    "producer": "Самарамедпром, Россия",
    "active_component": "Вазелин",
    "qrcode": [
      4603933004396,
      4603933006178
    ],
    "url": "https://www.eapteka.ru/goods/id264448/"
  },
  {
    "name": "Глюкоза, таблетки 500 мг 20 шт",
    "producer": "Фармстандарт-Лексредства, Россия",
    "active_component": "Декстроза",
    "qrcode": [
      4601669008831
    ],
    "url": "https://www.eapteka.ru/goods/id259293/"
  },
  {
    "name": "Валерианы экстракт, таблетки покрыт.плен.об. 20 мг 50 шт",
    "producer": "Фармстандарт-Лексредства, Россия",
    "active_component": "Валерианы лекарственной корневища с корнями",
    "qrcode": [
      4602196003597,
      4601669010544,
      "-"
    ],
    "url": "https://www.eapteka.ru/goods/id106128/"
  },
  {
    "name": "Бом-Бенге, мазь для наружного применения 25 г   1 шт",
    "producer": "Тульская фармфабрика, Россия",
    "active_component": "",
    "qrcode": [
      4603905002252
    ],
    "url": "https://www.eapteka.ru/goods/id236951/"
  },
  {
    "name": "Метронидазол, таблетки 250 мг 20 шт",
    "producer": "Велфарм, Россия",
    "active_component": "Метронидазол",
    "qrcode": [
      4650099781470
    ],
    "url": "https://www.eapteka.ru/goods/id503191/"
  },
  {
    "name": "Таблетки от кашля, таблетки   10 шт",
    "producer": "Татхимфармпрепараты, Россия",
    "active_component": "",
    "qrcode": [
      4604060071039,
      4604060993447,
      "-",
      4604060992204,
      4604060001814
    ],
    "url": "https://www.eapteka.ru/goods/id125587/"
  },
  {
    "name": "Смесь для ингаляций, раствор для ингаляций     1 шт",
    "producer": "Тверская фармфабрика, Россия",
    "active_component": "",
    "qrcode": [
      4603373002266
    ],
    "url": "https://www.eapteka.ru/goods/id87176/"
  },
  {
    "name": "Ротокан экстракт для приема внутрь и местного применения жидкий фл, 50 мл",
    "producer": "ФармВилар НПО, Россия",
    "active_component": "Календулы цветков экстр, Ромашки цветков экстр, Тысячелистника травы экстр.",
    "qrcode": [
      4610017500699
    ],
    "url": "https://www.eapteka.ru/goods/id47403/"
  },
  {
    "name": "Лизиноприл таблетки 5 мг, 30 шт.",
    "producer": "Озон Фарм, Россия",
    "active_component": "Лизиноприл",
    "qrcode": [
      4630015110416
    ],
    "url": "https://www.eapteka.ru/goods/id512885/"
  }
]