[
  {
    "name": "Роксера, таблетки покрыт.плен.об. 5 мг 30 шт",
    "producer": "КРКА-РУС, Россия",
    "active_component": "Розувастатин",
    "qrcode": [
      3838989582425,
      4610017701096
    ],
    "url": "https://www.eapteka.ru/goods/id215273/"
  },
  {
    "name": "Нутрикомп Дринк Диабет пластиковая бутылка, 200 мл",
    "producer": "Б.Браун Мельзунген АГ, Швейцария",
    "active_component": "",
    "qrcode": [
      4030539186506
    ],
    "url": "https://www.eapteka.ru/goods/id316683/"
  },
  {
    "name": "Тобрадекс, капли глазные   5 мл 1 шт",
    "producer": "Alcon-Couvreur, Бельгия",
    "active_component": "Дексаметазон, Тобрамицин",
    "qrcode": [
      5413895015755,
      7613421035723
    ],
    "url": "https://www.eapteka.ru/goods/id204734/"
  },
  {
    "name": "Ликолам, капсулы 0,4 г,  60 шт.",
    "producer": "Бионет, Россия",
    "active_component": "",
    "qrcode": [
      4670012860013
    ],
    "url": "https://www.eapteka.ru/goods/id208668/"
  },
  {
    "name": "Такропик, мазь 0,03 % 15 г 1 шт",
    "producer": "Акрихин ХФК АО, Россия",
    "active_component": "Такролимус",
    "qrcode": [
      4601969007534
    ],
    "url": "https://www.eapteka.ru/goods/id266869/"
  },
  {
    "name": "Дюфалак сироп 667 мг/мл со сливовым вкусом, 500 мл",
    "producer": "Эббот Биолоджикалз Б.В., Нидерланды",
    "active_component": "Лактулоза",
    "qrcode": [
      8002660018809
    ],
    "url": "https://www.eapteka.ru/goods/id299364/"
  },
  {
    "name": "Д-Пантенол Новатенол, мазь для наружного применения 5 % 50 г 1 шт",
    "producer": "ЯДРАН-ГАЛЕНСКИ ЛАБОРАТОРИЙ а.о., Хорватия",
    "active_component": "Декспантенол",
    "qrcode": [
      5995327167299,
      "-"
    ],
    "url": "https://www.eapteka.ru/goods/id356209/"
  },
  {
    "name": "Lion Nonio Гель очищающий для языка и удаления неприятного запаха аромат нежная мята, 45 г",
    "producer": "Лион, Корея республика",
    "active_component": "",
    "qrcode": [
      49795462
    ],
    "url": "https://www.eapteka.ru/goods/id502214/"
  },
  {
    "name": "Телзап АМ, таблетки 5 мг+40 мг  28 шт",
    "producer": "Зентива к.с, Чешская Республика",
    "active_component": "Амлодипин, Телмисартан",
    "qrcode": [
      3664798012682
    ],
    "url": "https://www.eapteka.ru/goods/id500770/"
  },
  {
    "name": "Нифурател-СЗ, таблетки покрыт.плен.об. 200 мг 20 шт",
    "producer": "Северная Звезда, Россия",
    "active_component": "Нифурател",
    "qrcode": [
      4690655023538
    ],
    "url": "https://www.eapteka.ru/goods/id504930/"
  },
  {
    "name": "Экзодерил, крем для наружного применения 1 % 15 г 1 шт",
    "producer": "Салютас Фарма ГмбХ, Германия",
    "active_component": "Нафтифин",
    "qrcode": [
      9002260012084,
      4030855506095,
      9002260025114
    ],
    "url": "https://www.eapteka.ru/goods/id17650/"
  },
  {
    "name": "Телсартан Н, таблетки  12,5 мг+40 мг шт",
    "producer": "Д-р Редди`с, Индия",
    "active_component": "Гидрохлоротиазид, Телмисартан",
    "qrcode": [
      8901148240711,
      "-",
      8901148273860
    ],
    "url": "https://www.eapteka.ru/goods/id288268/"
  },
  {
    "name": "Анвифен, капсулы 250 мг, 20 шт.",
    "producer": "Рафарма АО, Россия",
    "active_component": "Аминофенилмасляная кислота",
    "qrcode": [
      4630009622888,
      4660007814336,
      4630009621171
    ],
    "url": "https://www.eapteka.ru/goods/id221786/"
  },
  {
    "name": "Дексалгин раствор для в/в и в/м введ.25 мг/мл 2 мл амп, 10 шт",
    "producer": "А.Менарини Мэнюфекчеринг Лоджистикс энд Сервисиз С, Италия",
    "active_component": "Декскетопрофен",
    "qrcode": [
      4013054014677
    ],
    "url": "https://www.eapteka.ru/goods/id255890/"
  },
  {
    "name": "Моксифло, таблетки покрыт.плен.об. 400 мг 5 шт",
    "producer": "Фармасинтез АО, Россия",
    "active_component": "Моксифлоксацин",
    "qrcode": [
      4605310020227
    ],
    "url": "https://www.eapteka.ru/goods/id500833/"
  },
  {
    "name": "Флорин форте, порошок д/приг р-ра д/приема внутрь 850 мг 20 шт",
    "producer": "ПроБиоФарм, Россия",
    "active_component": "Бифидобактерии бифидум, Лактобактерии плантарум",
    "qrcode": [
      4600561030346,
      "-",
      4640107660095
    ],
    "url": "https://www.eapteka.ru/goods/id211432/"
  },
  {
    "name": "Карсил Форте, капсулы 90 мг 30 шт",
    "producer": "Софарма, Болгария",
    "active_component": "Расторопши пятнистой плодов экстракт",
    "qrcode": [
      3800010643764
    ],
    "url": "https://www.eapteka.ru/goods/id217248/"
  },
  {
    "name": "Аквадетрим таблетки растворимые 500 МЕ, 90 шт.",
    "producer": "Акрихин ХФК АО, Россия",
    "active_component": "Колекальциферол",
    "qrcode": [
      4601969008876,
      4601969009149
    ],
    "url": "https://www.eapteka.ru/goods/id338787/"
  },
  {
    "name": "Диувер, таблетки 5 мг 20 шт",
    "producer": "Тева ООО, Россия",
    "active_component": "Торасемид",
    "qrcode": [
      3850114213189,
      4670016770097
    ],
    "url": "https://www.eapteka.ru/goods/id208514/"
  },
  {
    "name": "Долфин средство для промывания носа при аллергии, 240 мл + минерально-растительное средство 30 пакетиков, 1 уп.",
    "producer": "Зентива Фарма, Россия",
    "active_component": "",
    "qrcode": [
      4650067760070,
      4680002020037
    ],
    "url": "https://www.eapteka.ru/goods/id218674/"
  }
]