[
  {
    "name": "Коризалия, таблетки гомеопатические   40 шт",
    "producer": "Лаборатория Буарон, Франция",
    "active_component": "Гомеопатический состав",
    "qrcode": [
      3352712000166
    ],
    "url": "https://www.eapteka.ru/goods/id116860/"
  },
  {
    "name": "Ксефокам рапид, таблетки покрыт.плен.об. 8 мг 12 шт",
    "producer": "Такеда ГмбХ, Германия",
    "active_component": "Лорноксикам",
    "qrcode": [
      9003638301724
    ],
    "url": "https://www.eapteka.ru/goods/id212944/"
  },
  {
    "name": "Мексидол раствор для в/в и в/м введ.50 мг/мл 2 мл амп, 10 шт.",
    "producer": "ФКП Армавирская биофабрика, Россия",
    "active_component": "Этилметилгидроксипиридина сукцинат",
    "qrcode": [
      4602676004052,
      4605894001339,
      4670008161469
    ],
    "url": "https://www.eapteka.ru/goods/id242364/"
  },
  {
    "name": "Телпрес Плюс, таблетки 80 мг+12,5 мг  28 шт",
    "producer": "Лабораториос Ликонса С.А., Испания",
    "active_component": "Гидрохлоротиазид, Телмисартан",
    "qrcode": [
      4650069651444,
      4650069650683
    ],
    "url": "https://www.eapteka.ru/goods/id294621/"
  },
  {
    "name": "Бравадин таблетки покрыт.плен.об. 5 мг 28 шт., упак.",
    "producer": "КРКА дд Ново место, Словения",
    "active_component": "Ивабрадин",
    "qrcode": [
      4607055137796
    ],
    "url": "https://www.eapteka.ru/goods/id250413/"
  },
  {
    "name": "Оланзапин Канон, таблетки покрыт.плен.об. 10 мг 28 шт",
    "producer": "Канонфарма продакшн ЗАО, Россия",
    "active_component": "Оланзапин",
    "qrcode": [
      4606486022329
    ],
    "url": "https://www.eapteka.ru/goods/id255974/"
  },
  {
    "name": "Терафлю Макс от гриппа и простуды, порошок д/приг р-ра д/приема внутрь     4 шт",
    "producer": "Рафтон Лабораториз Лимитед, Великобритания",
    "active_component": "Парацетамол, Фенилэфрин, Фенирамин, Аскорбиновая кислота",
    "qrcode": [
      4602233006963
    ],
    "url": "https://www.eapteka.ru/goods/id331599/"
  },
  {
    "name": "Теоритин МФ, таблетки 4 мг 10 шт",
    "producer": "Обнинская ХФК, Россия",
    "active_component": "Бензгидрилпиперазинилбутилметилксантина сукцинат",
    "qrcode": [
      4607024946657
    ],
    "url": "https://www.eapteka.ru/goods/id486403/"
  },
  {
    "name": "Траумель С, таблетки   50 шт",
    "producer": "Biologische Heilmittel Heel, Германия",
    "active_component": "Гомеопатический состав",
    "qrcode": [
      4601654000345,
      4047642014923
    ],
    "url": "https://www.eapteka.ru/goods/id22961/"
  },
  {
    "name": "Звездочка бальзам, мазь для наружного применения 16 г 1 шт",
    "producer": "Данафа Фармасьютикал Джойнт, Вьетнам",
    "active_component": "Алтея кор., Ромашка цв., Хвощ тр., Грец. орех лист, Тысячелистник тр., Дуб кор., Одуванчик тр.",
    "qrcode": [
      8934901710176,
      8934901710305,
      "-"
    ],
    "url": "https://www.eapteka.ru/goods/id237015/"
  },
  {
    "name": "Офтолик витамины для глаз капсулы, 30 шт.",
    "producer": "ВТФ ООО, Россия",
    "active_component": "",
    "qrcode": [
      4630039905364
    ],
    "url": "https://www.eapteka.ru/goods/id504868/"
  },
  {
    "name": "Термикон, спрей для наружного применения     1 шт",
    "producer": "Фармстандарт-Лексредства, Россия",
    "active_component": "Тербинафин",
    "qrcode": [
      4601669003812
    ],
    "url": "https://www.eapteka.ru/goods/id207718/"
  },
  {
    "name": "Эспумизан экстра, гранулы д/приг р-ра д/приема внутрь 125 мг   14 шт",
    "producer": "Гермес Фарма Геc.М.б.Х., Австрия",
    "active_component": "Симетикон",
    "qrcode": [
      4013054019511
    ],
    "url": "https://www.eapteka.ru/goods/id272668/"
  },
  {
    "name": "Дорзиал, капли глазные 20 мг/мл 10 мл",
    "producer": "Гротекс ООО, Россия",
    "active_component": "Дорзоламид",
    "qrcode": [
      4630098005739
    ],
    "url": "https://www.eapteka.ru/goods/id511300/"
  },
  {
    "name": "Супироцин, мазь   15 г 1 шт",
    "producer": "Гленмарк Фармасьютикалз Лтд, Индия",
    "active_component": "Мупироцин",
    "qrcode": [
      8904091102211
    ],
    "url": "https://www.eapteka.ru/goods/id225667/"
  },
  {
    "name": "Номидес, капсулы 45 мг   10 шт",
    "producer": "Фармасинтез АО, Россия",
    "active_component": "Осельтамивир",
    "qrcode": [
      4605310014325,
      4605310022818
    ],
    "url": "https://www.eapteka.ru/goods/id273593/"
  },
  {
    "name": "Омез ДСР, капсулы с модифицированным высвобождением 30 мг+20 мг 30 шт",
    "producer": "Д-р Редди`с, Индия",
    "active_component": "",
    "qrcode": [
      8901148239470,
      "-",
      8901148271576
    ],
    "url": "https://www.eapteka.ru/goods/id294136/"
  },
  {
    "name": "Нутрикомп Файбер ликвид нейтральный вкус, 500 мл",
    "producer": "Нутрихем Диэт+Фарма ГмбХ, Германия",
    "active_component": "",
    "qrcode": [
      4030539184847,
      4030539184854
    ],
    "url": "https://www.eapteka.ru/goods/id213342/"
  },
  {
    "name": "Респеро Миртол форте, капсулы кишечнорастворимые     20 шт",
    "producer": "Г.Поль- Боскамп ГмбХ и Ко.КГ, Германия",
    "active_component": "Миртол",
    "qrcode": [
      4680066710042
    ],
    "url": "https://www.eapteka.ru/goods/id502761/"
  },
  {
    "name": "Ксизал, таблетки 5 мг 7 шт",
    "producer": "ЮСБ Фаршим С.А., Швейцария",
    "active_component": "Левоцетиризин",
    "qrcode": [
      4603149000458,
      5413787104635
    ],
    "url": "https://www.eapteka.ru/goods/id208557/"
  }
]