[
  {
    "name": "Биофер, таблетки жевательные, 30 шт.",
    "producer": "Микро Лабс Лтд, Индия",
    "active_component": "",
    "qrcode": [
      8901302061299,
      "-",
      8901302166496
    ],
    "url": "https://www.eapteka.ru/goods/id219133/"
  },
  {
    "name": "ТераФлю от гриппа и простуды, порошок д/приг р-ра д/приема внутрь     10 шт",
    "producer": "ГСК Консьюмер Хелс Инк, США",
    "active_component": "Парацетамол, Фенилэфрин, Фенирамин",
    "qrcode": [
      4607045191760,
      91760,
      4602233007243
    ],
    "url": "https://www.eapteka.ru/goods/id210369/"
  },
  {
    "name": "Тамсулозин ретард, таблетки пролонгированного действия 400 мкг   30 шт",
    "producer": "Оболенское ФП АО, Россия",
    "active_component": "Тамсулозин",
    "qrcode": [
      4605077006090,
      4605077015092
    ],
    "url": "https://www.eapteka.ru/goods/id224493/"
  },
  {
    "name": "Анабелла таблетки покрыт.плен.об. 3 мг+0,03 мг, 28 шт.",
    "producer": "Синдеа Фарма С.Л., Испания",
    "active_component": "Дроспиренон, Этинилэстрадиол",
    "qrcode": [
      3582910090786
    ],
    "url": "https://www.eapteka.ru/goods/id321277/"
  },
  {
    "name": "Энанорм, таблетки 20 мг+10 мг  30 шт",
    "producer": "Феррер Интернасьональ С.А, Испания",
    "active_component": "Нитрендипин, Эналаприл",
    "qrcode": [
      8433042008628
    ],
    "url": "https://www.eapteka.ru/goods/id227058/"
  },
  {
    "name": "Пароксетин, таблетки покрыт.плен.об. 30 мг 30 шт",
    "producer": "МЭЗ, Россия",
    "active_component": "Пароксетин",
    "qrcode": "",
    "url": "https://www.eapteka.ru/goods/id335217/"
  },
  {
    "name": "Ребамипид-СЗ таблетки покрыт.плен.об. 100 мг, таблетки покрыт.плен.об. 100 мг 30 шт",
    "producer": "Северная Звезда, Россия",
    "active_component": "Ребамипид",
    "qrcode": [
      4690655023545
    ],
    "url": "https://www.eapteka.ru/goods/id504931/"
  },
  {
    "name": "Компливит Кальций Д3 таблетки жевательные апельсин, 100 шт",
    "producer": "Фармстандарт-УфаВИТА, Россия",
    "active_component": "Кальция карбонат, Колекальциферол",
    "qrcode": [
      4601808008258,
      "*",
      4601808008050,
      "-"
    ],
    "url": "https://www.eapteka.ru/goods/id210007/"
  },
  {
    "name": "Аквалор Актив Форте средство д/орошения и промывания полости носа, 150 мл",
    "producer": "Нижфарм АО, Россия",
    "active_component": "",
    "qrcode": [
      733234300242,
      7332343002421
    ],
    "url": "https://www.eapteka.ru/goods/id481384/"
  },
  {
    "name": "Микосептин, мазь для наружного применения 30 г   1 шт",
    "producer": "Санофи Винтроп Индустрия, Франция",
    "active_component": "Ундециленовая кислота, Ундециленат цинка",
    "qrcode": [
      8594739224599,
      3664798009828,
      739035423,
      8594739035423
    ],
    "url": "https://www.eapteka.ru/goods/id103874/"
  },
  {
    "name": "Лортенза таблетки покрыт.плен.об.10 мг+100 мг, 30 шт.",
    "producer": "КРКА-РУС, Россия",
    "active_component": "Амлодипин, Лозартан",
    "qrcode": [
      4607055138953
    ],
    "url": "https://www.eapteka.ru/goods/id250572/"
  },
  {
    "name": "Меманталь таблетки покрыт.плен.об. 10 мг, 30 шт.",
    "producer": "Синтон Испания С.Л., Испания",
    "active_component": "Мемантин",
    "qrcode": [
      4605964004727
    ],
    "url": "https://www.eapteka.ru/goods/id304559/"
  },
  {
    "name": "Гопантеновая кислота-Вертекс таблетки 500 мг, 50 шт.",
    "producer": "Вертекс, Россия",
    "active_component": "Гопантеновая кислота",
    "qrcode": [
      4670033320770
    ],
    "url": "https://www.eapteka.ru/goods/id513598/"
  },
  {
    "name": "Карсил, драже     80 шт",
    "producer": "Софарма, Болгария",
    "active_component": "Расторопши пятнистой плодов экстракт",
    "qrcode": [
      3800010643788
    ],
    "url": "https://www.eapteka.ru/goods/id203363/"
  },
  {
    "name": "РиоФлора Иммуно капсулы 30 шт., упак.",
    "producer": "Винклов Био, Нидерланды",
    "active_component": "",
    "qrcode": [
      5702589308212
    ],
    "url": "https://www.eapteka.ru/goods/id246489/"
  },
  {
    "name": "Беродуал Н, аэрозоль для ингаляций 20 мкг+50 мкг/доза 10 мл 20",
    "producer": "Берингер Ингельхайм Фарма ГмбХ и Ко.КГ, Германия",
    "active_component": "Ипратропия бромид, Фенотерол",
    "qrcode": [
      9006968003214
    ],
    "url": "https://www.eapteka.ru/goods/id204456/"
  },
  {
    "name": "Телсартан, таблетки 80 мг 30 шт",
    "producer": "Д-р Редди`с, Индия",
    "active_component": "Телмисартан",
    "qrcode": [
      8901148239968,
      8901148272238
    ],
    "url": "https://www.eapteka.ru/goods/id288446/"
  },
  {
    "name": "Эльжина, таблетки вагинальные     6 шт",
    "producer": "Вертекс, Россия",
    "active_component": "",
    "qrcode": [
      4607003242602
    ],
    "url": "https://www.eapteka.ru/goods/id263221/"
  },
  {
    "name": "Тантум Верде, таблетки для рассасывания 3 мг 40 шт",
    "producer": "Азиенде Кимике Риуните Анжелини Франческо А.К.Р.А., Италия",
    "active_component": "Бензидамин",
    "qrcode": [
      8000036023563
    ],
    "url": "https://www.eapteka.ru/goods/id338715/"
  },
  {
    "name": "Нозефрин спрей назальный дозированный 50 мкг/доза 120 доз, спрей назальный 50 мкг/доза 120 доз 18 г",
    "producer": "Вертекс, Россия",
    "active_component": "Мометазон",
    "qrcode": [
      4607003248505
    ],
    "url": "https://www.eapteka.ru/goods/id297002/"
  }
]