[
  {
    "name": "Нозефрин спрей назальный дозированный 50 мкг/доза 120 доз, спрей назальный 50 мкг/доза 120 доз 18 г",
    "producer": "Вертекс, Россия",
    "active_component": "Мометазон",
    "qrcode": [
      4607003248505
    ],
    "url": "https://www.eapteka.ru/goods/id297002/"
  },
  {
    "name": "Генферон лайт, спрей назальный дозированный 50000 ме+1 мг/доза 100 доз",
    "producer": "Биокад, Россия",
    "active_component": "Интерферон альфа-2b, Таурин",
    "qrcode": [
      4607028392337
    ],
    "url": "https://www.eapteka.ru/goods/id496855/"
  },
  {
    "name": "Гомеовокс таблетки покрыт.об., 60 шт.",
    "producer": "Лаборатория Буарон, Франция",
    "active_component": "Гомеопатический состав",
    "qrcode": [
      3352712000197
    ],
    "url": "https://www.eapteka.ru/goods/id116856/"
  },
  {
    "name": "Мезим нео 10000, капсулы кишечнорастворимые 10000 ед 50 шт",
    "producer": "Адэр Фармасьютиклс С.р.л., Италия",
    "active_component": "Панкреатин",
    "qrcode": [
      "-",
      4013054003206
    ],
    "url": "https://www.eapteka.ru/goods/id509252/"
  },
  {
    "name": "Афлубин, таблетки   24 шт",
    "producer": "Рихард Биттнер АГ, Австрия",
    "active_component": "Гомеопатический состав",
    "qrcode": [
      5350586000495,
      9005441702415
    ],
    "url": "https://www.eapteka.ru/goods/id210353/"
  },
  {
    "name": "Сирдалуд МР, капсулы с модифицированным высвобождением 6 мг   30 шт",
    "producer": "Новартис Саглик Гида ве Тарим Юрюнлери Санайи, Турция",
    "active_component": "Тизанидин",
    "qrcode": [
      4603695005372,
      4603695000483
    ],
    "url": "https://www.eapteka.ru/goods/id104673/"
  },
  {
    "name": "Hedrin Once Средство педикулицидное жидкий гель, 100 мл",
    "producer": "Thornton & Ross Limited, Великобритания",
    "active_component": "",
    "qrcode": [
      5011309824612
    ],
    "url": "https://www.eapteka.ru/goods/id350249/"
  },
  {
    "name": "Салофальк, суппозитории ректальные 500 мг   10 шт",
    "producer": "Др Фальк, Германия",
    "active_component": "Месалазин",
    "qrcode": [
      4032717999625,
      4032717000116
    ],
    "url": "https://www.eapteka.ru/goods/id204179/"
  },
  {
    "name": "Климакт-Хель, таблетки   50 шт",
    "producer": "Biologische Heilmittel Heel, Германия",
    "active_component": "Гомеопатический состав",
    "qrcode": [
      4601654000284,
      4047642014503
    ],
    "url": "https://www.eapteka.ru/goods/id22924/"
  },
  {
    "name": "Габапентин капсулы 300 мг, 50 шт.",
    "producer": "Канонфарма продакшн ЗАО, Россия",
    "active_component": "Габапентин",
    "qrcode": [
      4606486003793,
      4606486029199
    ],
    "url": "https://www.eapteka.ru/goods/id250436/"
  },
  {
    "name": "Тамиз капсулы, 100 шт.",
    "producer": "Кадила Фармасьютикалз Лтд, Индия",
    "active_component": "",
    "qrcode": [
      8901149037280,
      8901149042291
    ],
    "url": "https://www.eapteka.ru/goods/id513003/"
  },
  {
    "name": "Аскорил экспекторант, сироп 200 мл",
    "producer": "Гленмарк Фармасьютикалз Лтд, Индия",
    "active_component": "Бромгексин, Гвайфенезин, Сальбутамол",
    "qrcode": [
      8904091116638,
      16638,
      "-"
    ],
    "url": "https://www.eapteka.ru/goods/id209886/"
  },
  {
    "name": "Турбослим Дренаж, капли, 100 мл",
    "producer": "Эвалар, Россия",
    "active_component": "",
    "qrcode": [
      4602242007951
    ],
    "url": "https://www.eapteka.ru/goods/id210015/"
  },
  {
    "name": "Олопаталлерг, капли глазные 0,1 % 5 мл 1 шт",
    "producer": "К.О.Ромфарм Компани С.Р.Л., Румыния",
    "active_component": "Олопатадин",
    "qrcode": [
      5944728002296
    ],
    "url": "https://www.eapteka.ru/goods/id301599/"
  },
  {
    "name": "Визомитин капли глазные, 5 мл",
    "producer": "Фирн М, Россия",
    "active_component": "Пластохинонилдецилтрифенилфосфония бромид",
    "qrcode": [
      4680010640012,
      4680010640142,
      4680010640135
    ],
    "url": "https://www.eapteka.ru/goods/id224508/"
  },
  {
    "name": "Димексид 99% конц. для р-ра для наружн.прим. стекло флакон, 100 мл",
    "producer": "Йодные технологии и маркетинг, Россия",
    "active_component": "Диметилсульфоксид",
    "qrcode": [
      4605404001569,
      "-"
    ],
    "url": "https://www.eapteka.ru/goods/id271916/"
  },
  {
    "name": "Персен, таблетки покрыт.об.   40 шт",
    "producer": "Лек д.д., Словения",
    "active_component": "",
    "qrcode": [
      3838957873906
    ],
    "url": "https://www.eapteka.ru/goods/id99076/"
  },
  {
    "name": "Фервекс, порошок д/приг р-ра д/приема внутрь     12 шт",
    "producer": "УПСА САС, Франция",
    "active_component": "Парацетамол, Фенирамин, Аскорбиновая кислота",
    "qrcode": [
      4602505009043,
      3585553766391
    ],
    "url": "https://www.eapteka.ru/goods/id315323/"
  },
  {
    "name": "Гевискон, суспензия для приема внутрь мятная 300 мл 1 шт",
    "producer": "Рекитт Бенкизер Хелскер, Великобритания",
    "active_component": "Натрия алгинат, Натрия гидрокарбонат, Кальция карбонат",
    "qrcode": [
      5000158066472
    ],
    "url": "https://www.eapteka.ru/goods/id209639/"
  },
  {
    "name": "БиоАмикус Комплит, 5 мл",
    "producer": "БиоАмикус Лабораториз, Канада",
    "active_component": "",
    "qrcode": [
      627843773825
    ],
    "url": "https://www.eapteka.ru/goods/id324500/"
  }
]