[
  {
    "name": "Нолицин, таблетки 400 мг 20 шт",
    "producer": "КРКА дд Ново место, Словения",
    "active_component": "Норфлоксацин",
    "qrcode": [
      4607055130261,
      4605635001505
    ],
    "url": "https://www.eapteka.ru/goods/id98750/"
  },
  {
    "name": "Дипиридамол-Вертекс таблетки покрыт.плен.об. 75 мг, 40 шт.",
    "producer": "Вертекс, Россия",
    "active_component": "Дипиридамол",
    "qrcode": [
      4607003249052,
      4670033322934
    ],
    "url": "https://www.eapteka.ru/goods/id513571/"
  },
  {
    "name": "Дипиридамол-Вертекс таблетки покрыт.плен.об. 25 мг, 120 шт.",
    "producer": "Вертекс, Россия",
    "active_component": "Дипиридамол",
    "qrcode": [
      4607003249069,
      4670033322927
    ],
    "url": "https://www.eapteka.ru/goods/id513570/"
  },
  {
    "name": "Риспаксол, таблетки 4 мг 20 шт",
    "producer": "Гриндекс АО, Латвия",
    "active_component": "Рисперидон",
    "qrcode": [
      4750232007273
    ],
    "url": "https://www.eapteka.ru/goods/id210637/"
  },
  {
    "name": "Пантенол 5% Белупо, пена для наружного применения 150 мл   1 шт",
    "producer": "Белупо,лекарства и косметика д.д, Хорватия",
    "active_component": "Декспантенол",
    "qrcode": [
      3850343034586
    ],
    "url": "https://www.eapteka.ru/goods/id355611/"
  },
  {
    "name": "Эуфорбиум композитум Назентропфен С, спрей назальный   20 мл 1 шт",
    "producer": "Biologische Heilmittel Heel, Германия",
    "active_component": "Гомеопатический состав",
    "qrcode": [
      4601654000215,
      4047642014411
    ],
    "url": "https://www.eapteka.ru/goods/id22997/"
  },
  {
    "name": "Момат Рино Адванс, спрей назальный дозированный 140 мкг+50 мкг/доза 75 доз 1 шт",
    "producer": "Гленмарк Фармасьютикалз Лтд, Индия",
    "active_component": "Азеластин, Мометазон",
    "qrcode": [
      8904091127092,
      "-"
    ],
    "url": "https://www.eapteka.ru/goods/id346842/"
  },
  {
    "name": "Цитофлавин, таблетки   50 шт",
    "producer": "Полисан НТФФ ООО, Россия",
    "active_component": "Инозин, Никотинамид, Рибофлавин, Янтарная кислота",
    "qrcode": [
      4603191000208
    ],
    "url": "https://www.eapteka.ru/goods/id209724/"
  },
  {
    "name": "Нутриэн Диабет, жидкое (зондовое) лечебное питание, 0,5 л",
    "producer": "Инфаприм ЗАО, Россия",
    "active_component": "",
    "qrcode": [
      4600490620687
    ],
    "url": "https://www.eapteka.ru/goods/id507264/"
  },
  {
    "name": "Спираль Юнона Био-Т Ag Т-образный контрацептив, внутриматочный симург",
    "producer": "Симург, Россия",
    "active_component": "Серебра протеинат",
    "qrcode": [
      4811379000050
    ],
    "url": "https://www.eapteka.ru/goods/id205384/"
  },
  {
    "name": "Телпрес Плюс, таблетки 80 мг+25 мг  28 шт",
    "producer": "Лабораториос Ликонса С.А., Испания",
    "active_component": "Гидрохлоротиазид, Телмисартан",
    "qrcode": [
      4650069651451,
      4650069650706
    ],
    "url": "https://www.eapteka.ru/goods/id312492/"
  },
  {
    "name": "Сандостатин раствор для в/в и п/к введ. 0,1мг/мл 1мл ампулы, 5 шт.",
    "producer": "Швейцария",
    "active_component": "Октреотид",
    "qrcode": [
      7680491379019
    ],
    "url": "https://www.eapteka.ru/goods/id104690/"
  },
  {
    "name": "Торендо, таблетки 4 мг 20 шт",
    "producer": "КРКА дд Ново место, Словения",
    "active_component": "Рисперидон",
    "qrcode": [
      3838989530143
    ],
    "url": "https://www.eapteka.ru/goods/id208695/"
  },
  {
    "name": "Цераксон, р-р для в/вен. и в/мыш. введ.1000мг/4 мл амп 5 шт",
    "producer": "Феррер Интернасьональ С.А, Испания",
    "active_component": "Цитиколин",
    "qrcode": [
      8433042001391
    ],
    "url": "https://www.eapteka.ru/goods/id209837/"
  },
  {
    "name": "Меропенем, порошок д/приг.р-ра для в/в введ.1 г фл 1 шт",
    "producer": "Биофарм, Россия",
    "active_component": "Меропенем",
    "qrcode": [
      8901767211734,
      8904220700070
    ],
    "url": "https://www.eapteka.ru/goods/id233974/"
  },
  {
    "name": "Пепидол, флакон 5%, 250 мл",
    "producer": "НПЦ Элюсан, Россия",
    "active_component": "",
    "qrcode": [
      4620759290017
    ],
    "url": "https://www.eapteka.ru/goods/id219424/"
  },
  {
    "name": "Макропен таблетки покрыт.плен.об. 400 мг, 16 шт.",
    "producer": "КРКА дд Ново место, Словения",
    "active_component": "Мидекамицин",
    "qrcode": [
      4680010790113,
      3838989503123
    ],
    "url": "https://www.eapteka.ru/goods/id98874/"
  },
  {
    "name": "Каталин, таблетки для приготовления глазных капель 15 мл",
    "producer": "Сэндзю Фармацевтикал, Япония",
    "active_component": "Пиреноксин",
    "qrcode": [
      4987866407203,
      4987123010351
    ],
    "url": "https://www.eapteka.ru/goods/id105943/"
  },
  {
    "name": "Тамсулозин-Вертекс, капсулы с пролонг высвобождением 0,4 мг 30 шт",
    "producer": "Вертекс, Россия",
    "active_component": "Тамсулозин",
    "qrcode": [
      4607003248277,
      "-",
      4670033321630,
      4607003249694
    ],
    "url": "https://www.eapteka.ru/goods/id263237/"
  },
  {
    "name": "Дальнева, таблетки 10 мг+4 мг, 30 шт.",
    "producer": "КРКА-РУС, Россия",
    "active_component": "Амлодипин, Периндоприл",
    "qrcode": [
      4607055134702
    ],
    "url": "https://www.eapteka.ru/goods/id230986/"
  }
]