[
  {
    "name": "Селанк, капли назальные     1 шт",
    "producer": "Пептоген, Россия",
    "active_component": "Треонил-Лизил-Пролил-Аргинил-Пролил-Глицил-Пролина",
    "qrcode": [
      4607155210078
    ],
    "url": "https://www.eapteka.ru/goods/id213328/"
  },
  {
    "name": "Нормобакт L, порошок 3 г 10 шт",
    "producer": "Польфарма АО, Польша",
    "active_component": "",
    "qrcode": [
      5903060603844
    ],
    "url": "https://www.eapteka.ru/goods/id225692/"
  },
  {
    "name": "Аквалор Актив Софт средство д/орошения и промывания полости носа, 150 мл",
    "producer": "Нижфарм АО, Россия",
    "active_component": "Вода морская",
    "qrcode": [
      7332343002407
    ],
    "url": "https://www.eapteka.ru/goods/id481383/"
  },
  {
    "name": "Небиволол-СЗ, таблетки 5 мг 56 шт",
    "producer": "Северная Звезда, Россия",
    "active_component": "Небиволол",
    "qrcode": [
      4690655011108,
      4690655021336,
      4690655021725
    ],
    "url": "https://www.eapteka.ru/goods/id265898/"
  },
  {
    "name": "Фортранс, порошок д/приг р-ра д/приема внутрь     4 шт",
    "producer": "Ипсен Фарма, Франция",
    "active_component": "Макрогол",
    "qrcode": [
      3665585002817,
      3582182886223
    ],
    "url": "https://www.eapteka.ru/goods/id102472/"
  },
  {
    "name": "Фунгодерил, раствор для наружного применения 15 мл   1 шт",
    "producer": "Нижфарм АО, Россия",
    "active_component": "Нафтифин",
    "qrcode": [
      4601026309649
    ],
    "url": "https://www.eapteka.ru/goods/id505699/"
  },
  {
    "name": "Стопмоллюск раствор для местного применения для удаления контагиозного моллюска, 5 мл",
    "producer": "ИнтелБИО, Россия",
    "active_component": "",
    "qrcode": [
      4631139708275
    ],
    "url": "https://www.eapteka.ru/goods/id311683/"
  },
  {
    "name": "Бетагистин-Вертекс таблетки 24 мг, 60 шт.",
    "producer": "Вертекс, Россия",
    "active_component": "Бетагистин",
    "qrcode": [
      4607003249519,
      4607003244767
    ],
    "url": "https://www.eapteka.ru/goods/id250403/"
  },
  {
    "name": "Фуцидин, крем 2 % 15 г 1 шт",
    "producer": "ЛЕО Лэбораторис Лимитед, Ирландия",
    "active_component": "Фузидовая кислота",
    "qrcode": [
      7046264364109,
      5702191025132
    ],
    "url": "https://www.eapteka.ru/goods/id204760/"
  },
  {
    "name": "Аллафорте таблетки пролонгированного действия 50 мг, 10 шт.",
    "producer": "Фармцентр ВИЛАР АО, Россия",
    "active_component": "Лаппаконитина гидробромид",
    "qrcode": [
      4602329001469,
      4602329001667
    ],
    "url": "https://www.eapteka.ru/goods/id294141/"
  },
  {
    "name": "Триметазидин МВ-Тева, таблетки с пролонг.высвобож покрыт.плен.об 35 мг 60 шт",
    "producer": "Меркле ГмбХ, Германия",
    "active_component": "Триметазидин",
    "qrcode": [
      4030096117418
    ],
    "url": "https://www.eapteka.ru/goods/id264962/"
  },
  {
    "name": "Фромилид, таблетки 500 мг 14 шт",
    "producer": "КРКА дд Ново место, Словения",
    "active_component": "Кларитромицин",
    "qrcode": [
      4605635000331,
      3838989511647
    ],
    "url": "https://www.eapteka.ru/goods/id98719/"
  },
  {
    "name": "Фенкарол, таблетки 50 мг 15 шт",
    "producer": "Олайнфарм, Латвия",
    "active_component": "Хифенадин",
    "qrcode": [
      4750258312597
    ],
    "url": "https://www.eapteka.ru/goods/id251689/"
  },
  {
    "name": "Розувастатин-Вертекс, таблетки покрыт.плен.об. 10 мг 30 шт",
    "producer": "Вертекс, Россия",
    "active_component": "Розувастатин",
    "qrcode": [
      4607003248956,
      4670033320336,
      "-",
      "*"
    ],
    "url": "https://www.eapteka.ru/goods/id296995/"
  },
  {
    "name": "Климадинон, таблетки покрыт.плен.об. 60 шт",
    "producer": "Бионорика СЕ, Германия",
    "active_component": "Цимицифуги кистевидной корневищ экстракт",
    "qrcode": [
      4029799127565
    ],
    "url": "https://www.eapteka.ru/goods/id23023/"
  },
  {
    "name": "Мужская сила таблетки, 50 шт.",
    "producer": "Мустика Рату, Индонезия",
    "active_component": "",
    "qrcode": [
      8995151160241
    ],
    "url": "https://www.eapteka.ru/goods/id237125/"
  },
  {
    "name": "Троксерутин Велфарм, капсулы     60 шт",
    "producer": "Велфарм, Россия",
    "active_component": "Троксерутин",
    "qrcode": [
      4650099782064
    ],
    "url": "https://www.eapteka.ru/goods/id345097/"
  },
  {
    "name": "Серената таблетки покрыт.плен.об. 100 мг, таблетки покрыт.плен.об. 100 мг 30 шт",
    "producer": "Торрент Фармасьютикалс Лтд, Индия",
    "active_component": "Сертралин",
    "qrcode": [
      4602656001057,
      8903855009162
    ],
    "url": "https://www.eapteka.ru/goods/id208562/"
  },
  {
    "name": "Велсон, таблетки покрыт.плен.об. 3 мг 30 шт",
    "producer": "Фармпроект, Россия",
    "active_component": "Мелатонин",
    "qrcode": [
      4607035392801,
      4607019011667
    ],
    "url": "https://www.eapteka.ru/goods/id336878/"
  },
  {
    "name": "Глутаргин алкоклин, таблетки 1 г 10 шт",
    "producer": "Здоровье, Украина",
    "active_component": "Аргинина глутамат",
    "qrcode": [
      4820135580101
    ],
    "url": "https://www.eapteka.ru/goods/id240031/"
  }
]