[
  {
    "name": "Левофлоксацин Эколевид таблетки покрыт.плен.об. 500 мг, 10 шт.",
    "producer": "Авва Рус, Россия",
    "active_component": "Левофлоксацин",
    "qrcode": [
      4680020230432
    ],
    "url": "https://www.eapteka.ru/goods/id276761/"
  },
  {
    "name": "Виферон, суппозитории ректальные 1000000 ме 10 шт",
    "producer": "Ферон, Россия",
    "active_component": "Интерферон альфа-2b",
    "qrcode": [
      4605286000124,
      "-",
      4605286000711,
      4605286001060
    ],
    "url": "https://www.eapteka.ru/goods/id110327/"
  },
  {
    "name": "Хитозан Эвалар, таблетки, 100 шт.",
    "producer": "Эвалар, Россия",
    "active_component": "",
    "qrcode": [
      4602242002116
    ],
    "url": "https://www.eapteka.ru/goods/id213296/"
  },
  {
    "name": "Клималанин, таблетки 400 мг 30 шт",
    "producer": "Лаборатории Бушара-Рекордати, Франция",
    "active_component": "Бета-аланин",
    "qrcode": [
      3592753528926,
      5391519923610
    ],
    "url": "https://www.eapteka.ru/goods/id219456/"
  },
  {
    "name": "Аква Марис Эктоин спрей назальный, 20 мл 1 шт",
    "producer": "ЯДРАН-ГАЛЕНСКИ ЛАБОРАТОРИЙ а.о., Хорватия",
    "active_component": "",
    "qrcode": [
      3856013217723
    ],
    "url": "https://www.eapteka.ru/goods/id275594/"
  },
  {
    "name": "Вилдегра таблетки пролонг. д-я покрыт.плен.об. 100 мг, 4 шт.",
    "producer": "Озон, Россия",
    "active_component": "Силденафил",
    "qrcode": [
      4607027769826
    ],
    "url": "https://www.eapteka.ru/goods/id327635/"
  },
  {
    "name": "Пауэркорт, крем 0,05 % 15 г 1 шт",
    "producer": "Гленмарк Фармасьютикалз Лтд, Индия",
    "active_component": "Клобетазол",
    "qrcode": [
      8904091101801
    ],
    "url": "https://www.eapteka.ru/goods/id215377/"
  },
  {
    "name": "Солпадеин Фаст, таблетки растворимые 65 мг+500 мг  24 шт",
    "producer": "ГлаксоСмитКляйн Дангарван Лимитед, Ирландия",
    "active_component": "Кофеин, Парацетамол",
    "qrcode": [
      4602233007175
    ],
    "url": "https://www.eapteka.ru/goods/id511185/"
  },
  {
    "name": "ТераФлю Экстра от гриппа и простуды, порошок со вкусом лимона, порошок д/приг р-ра д/приема внутрь     10 шт",
    "producer": "Делфарм Орлеан, Франция",
    "active_component": "",
    "qrcode": [
      4607045192170
    ],
    "url": "https://www.eapteka.ru/goods/id216032/"
  },
  {
    "name": "Плагрил, таблетки покрыт.плен.об. 75 мг 30 шт",
    "producer": "Д-р Редди`с, Индия",
    "active_component": "Клопидогрел",
    "qrcode": [
      8901148213517,
      8901148087474
    ],
    "url": "https://www.eapteka.ru/goods/id216230/"
  },
  {
    "name": "Такропик, мазь 0,1 % 15 г 1 шт",
    "producer": "Акрихин ХФК АО, Россия",
    "active_component": "Такролимус",
    "qrcode": [
      4601969007541
    ],
    "url": "https://www.eapteka.ru/goods/id262786/"
  },
  {
    "name": "Финалгель, гель для наружного применения     1 шт",
    "producer": "С.П.М. КонтрактФарма ГмбХ, Германия",
    "active_component": "Пироксикам",
    "qrcode": [
      3582910082514,
      9006968007038
    ],
    "url": "https://www.eapteka.ru/goods/id23177/"
  },
  {
    "name": "Итраконазол капсулы 100 мг, 14 шт.",
    "producer": "Авва Рус, Россия",
    "active_component": "Итраконазол",
    "qrcode": [
      4680020230272,
      4680020233532
    ],
    "url": "https://www.eapteka.ru/goods/id299882/"
  },
  {
    "name": "РектАктив, суппозитории ректальные     10 шт",
    "producer": "Альтфарм, Россия",
    "active_component": "",
    "qrcode": [
      4607035440328
    ],
    "url": "https://www.eapteka.ru/goods/id227282/"
  },
  {
    "name": "Компливит Кальций Д3 апельсин, таблетки жевательные   120 шт",
    "producer": "Фармстандарт-УфаВИТА, Россия",
    "active_component": "Кальция карбонат, Колекальциферол",
    "qrcode": [
      4601808008258,
      "-"
    ],
    "url": "https://www.eapteka.ru/goods/id338071/"
  },
  {
    "name": "Биосулин Н суспензия для п/кожн.введ.100 МЕ/мл фл 10 мл, 1 шт",
    "producer": "Фармстандарт-УфаВИТА, Россия",
    "active_component": "",
    "qrcode": [
      4601808005011
    ],
    "url": "https://www.eapteka.ru/goods/id216250/"
  },
  {
    "name": "Вазонит таблетки пролонг действия покрыт.плен.об., 20 шт.",
    "producer": "Г.Л.Фарма ГмбХ, Австрия",
    "active_component": "Пентоксифиллин",
    "qrcode": [
      9008732004533,
      4607013581432
    ],
    "url": "https://www.eapteka.ru/goods/id17903/"
  },
  {
    "name": "Нервохель, таблетки   50 шт",
    "producer": "Biologische Heilmittel Heel, Германия",
    "active_component": "Гомеопатический состав",
    "qrcode": [
      4601654000291,
      4047642014619,
      4047642018150
    ],
    "url": "https://www.eapteka.ru/goods/id22940/"
  },
  {
    "name": "Тантум роза, порошок д/приг р-ра вагинального 500 мг   10 шт",
    "producer": "Азиенде Кимике Риуните Анжелини Франческо А.К.Р.А., Италия",
    "active_component": "Бензидамин",
    "qrcode": [
      8000036006733
    ],
    "url": "https://www.eapteka.ru/goods/id30922/"
  },
  {
    "name": "Кандид, порошок для наружного применения 1 % 30 г",
    "producer": "Гленмарк Фармасьютикалз Лтд, Индия",
    "active_component": "Клотримазол",
    "qrcode": [
      8904091113606
    ],
    "url": "https://www.eapteka.ru/goods/id207661/"
  }
]