[
  {
    "name": "Синупрет, капли для приема внутрь     1 шт",
    "producer": "Бионорика СЕ, Германия",
    "active_component": "Горечавка кор., Первоцвет тр., Щавель тр., Бузина цв., Вербена тр.",
    "qrcode": [
      4029799116248
    ],
    "url": "https://www.eapteka.ru/goods/id23035/"
  },
  {
    "name": "Проктозан, суппозитории ректальные     10 шт",
    "producer": "Штада Арцнаймиттель  АГ, Германия",
    "active_component": "Буфексамак, Висмута субгаллат, Титана диоксид, Лидокаин",
    "qrcode": [
      4011548001691
    ],
    "url": "https://www.eapteka.ru/goods/id207258/"
  },
  {
    "name": "Энгистол, таблетки   50 шт",
    "producer": "Biologische Heilmittel Heel, Германия",
    "active_component": "Гомеопатический состав",
    "qrcode": [
      4601654000376,
      4047642014404
    ],
    "url": "https://www.eapteka.ru/goods/id22993/"
  },
  {
    "name": "ЭсКорди Кор, таблетки 2,5 мг 30 шт",
    "producer": "Эмкюр Фармасьютикалз Лтд, Индия",
    "active_component": "Левамлодипин",
    "qrcode": [
      8902319010591
    ],
    "url": "https://www.eapteka.ru/goods/id212046/"
  },
  {
    "name": "Рамазид Н таблетки 5мг+25мг, 30 шт.",
    "producer": "Актавис Лтд, Мальта",
    "active_component": "Рамиприл, Гидрохлоротиазид",
    "qrcode": [
      4650069650201
    ],
    "url": "https://www.eapteka.ru/goods/id294561/"
  },
  {
    "name": "Кеппра таблетки покрыт. плен. об. 250 мг, 30 шт.",
    "producer": "UCB Farma, Бельгия",
    "active_component": "Леветирацетам",
    "qrcode": [
      4603149000298,
      4603149000571,
      5413787104611,
      4603149000618
    ],
    "url": "https://www.eapteka.ru/goods/id206917/"
  },
  {
    "name": "Контролок, лиофилизат д/приг р-ра для в/в введ. 40 мг 1 шт",
    "producer": "Такеда ГмбХ, Германия",
    "active_component": "Пантопразол",
    "qrcode": [
      4031083002762
    ],
    "url": "https://www.eapteka.ru/goods/id212259/"
  },
  {
    "name": "Метеоспазмил, капсулы 60 мг+300 мг 30 шт",
    "producer": "Лаборатории Галеник Вернен, Франция",
    "active_component": "",
    "qrcode": [
      3760001040425
    ],
    "url": "https://www.eapteka.ru/goods/id213313/"
  },
  {
    "name": "Корнерегель, гель глазной 5 % 5 г 1 шт",
    "producer": "Др. Герхард Манн ХФП, Германия",
    "active_component": "Декспантенол",
    "qrcode": [
      4030571000075
    ],
    "url": "https://www.eapteka.ru/goods/id108681/"
  },
  {
    "name": "Дальфаз ретард, таблетки пролонг действия покрыт.об. 5 мг 56 шт",
    "producer": "Санофи Винтроп Индустрия, Франция",
    "active_component": "Алфузозин",
    "qrcode": [
      3582910005407
    ],
    "url": "https://www.eapteka.ru/goods/id103544/"
  },
  {
    "name": "Тримектал МВ, таблетки 35 г мг 60 шт",
    "producer": "Вертекс, Россия",
    "active_component": "Триметазидин",
    "qrcode": [
      4607003243944
    ],
    "url": "https://www.eapteka.ru/goods/id212602/"
  },
  {
    "name": "Уронормин-Ф порошок для пригот. р-ра для приема внутрь 3 г пакетики 8 г, 1 шт.",
    "producer": "Фармстандарт-Лексредства, Россия",
    "active_component": "Фосфомицин",
    "qrcode": [
      4601669011268
    ],
    "url": "https://www.eapteka.ru/goods/id286963/"
  },
  {
    "name": "Натекаль Д3, таблетки жевательные, 60 шт.",
    "producer": "Италфармако С.п.А., Италия",
    "active_component": "Кальция карбонат, Колекальциферол",
    "qrcode": [
      8024790101008,
      4650062750540
    ],
    "url": "https://www.eapteka.ru/goods/id205951/"
  },
  {
    "name": "Дезринит, спрей назальный 50 мкг/доза 18 г 140 доз 1 шт",
    "producer": "Тева Чешские Предприятия с.р.о., Чешская Республика",
    "active_component": "Мометазон",
    "qrcode": [
      8594737237911
    ],
    "url": "https://www.eapteka.ru/goods/id242291/"
  },
  {
    "name": "Визмед, гидрогель офтальмологический 0,3% 0,45 мл 20 шт.",
    "producer": "ТРБ Чемедика АГ, Германия",
    "active_component": "Натрия гиалуронат",
    "qrcode": [
      4028694000188,
      4028694000799
    ],
    "url": "https://www.eapteka.ru/goods/id212282/"
  },
  {
    "name": "Систейн ультра плюс, капли глазные 10 мл 1 шт",
    "producer": "Alcon Laboratories Inc, США",
    "active_component": "Натрия гиалуронат",
    "qrcode": [
      8427324894450
    ],
    "url": "https://www.eapteka.ru/goods/id287216/"
  },
  {
    "name": "Облепиховое масло, 100 мл",
    "producer": "Алтайвитамины, Россия",
    "active_component": "",
    "qrcode": [
      4603679000164,
      "-"
    ],
    "url": "https://www.eapteka.ru/goods/id38975/"
  },
  {
    "name": "Канефрон Н, раствор для приема внутрь 100 мл 100 мл",
    "producer": "Бионорика СЕ, Германия",
    "active_component": "",
    "qrcode": [
      4029799125578
    ],
    "url": "https://www.eapteka.ru/goods/id23021/"
  },
  {
    "name": "ФениВейт, мазь для наружного применения 0,005 % 15 г 1 шт",
    "producer": "ГлаксоСмитКляйн Фармасьютикалз С.А., Польша",
    "active_component": "Флутиказон",
    "qrcode": [
      4602233007168
    ],
    "url": "https://www.eapteka.ru/goods/id494989/"
  },
  {
    "name": "Азелик, гель для наружного применения 15 % 15 г 1 шт",
    "producer": "Акрихин ХФК АО, Россия",
    "active_component": "Азелаиновая кислота",
    "qrcode": [
      4601969007800,
      4601969009774
    ],
    "url": "https://www.eapteka.ru/goods/id294139/"
  }
]