[
  {
    "name": "Амприлан НЛ, таблетки 2,5+12,5 мг, 30 шт.",
    "producer": "КРКА дд Ново место, Словения",
    "active_component": "Рамиприл, Гидрохлоротиазид",
    "qrcode": [
      3838989541095
    ],
    "url": "https://www.eapteka.ru/goods/id211442/"
  },
  {
    "name": "Глюкозамин Ультра с апельсиновым вкусом 2,5г пакеты, 20 шт.",
    "producer": "Фармакор Продакшн, Россия",
    "active_component": "",
    "qrcode": [
      4603569722282
    ],
    "url": "https://www.eapteka.ru/goods/id511547/"
  },
  {
    "name": "Эспумизан L, эмульсия для приема внутрь     1 шт",
    "producer": "Берлин-Хеми АГ, Германия",
    "active_component": "Симетикон",
    "qrcode": [
      4013054003329
    ],
    "url": "https://www.eapteka.ru/goods/id211470/"
  },
  {
    "name": "Умкалор, раствор для приема внутрь     1 шт",
    "producer": "Доктор Вильмар Швабе ГмбХ & Ко. КГ, Германия",
    "active_component": "",
    "qrcode": [
      4029916001174
    ],
    "url": "https://www.eapteka.ru/goods/id24055/"
  },
  {
    "name": "Гемцитабин-Эбеве концентрат для р-ра д/инфузий 10 мг/мл 20 мл флакон, 1 шт.",
    "producer": "Эбеве Фарма, Австрия",
    "active_component": "Гемцитабин",
    "qrcode": [
      9088883508470,
      7613421038502
    ],
    "url": "https://www.eapteka.ru/goods/id269328/"
  },
  {
    "name": "Доритрицин, таблетки для рассасывания, 10 шт",
    "producer": "Медице Арцнаймиттель Пюттер ГмбХ & Ко. КГ, Германия",
    "active_component": "",
    "qrcode": [
      4260098812916,
      4251595204526,
      4250142198905
    ],
    "url": "https://www.eapteka.ru/goods/id222013/"
  },
  {
    "name": "Постеризан, мазь для наружного применения 25 г   1 шт",
    "producer": "Др Каде, Германия",
    "active_component": "Кишечные палочки",
    "qrcode": [
      4603331000020,
      4043027240048
    ],
    "url": "https://www.eapteka.ru/goods/id23350/"
  },
  {
    "name": "Прокто-гливенол, крем для наружного применения 30 г   1 шт",
    "producer": "Рекордати химическая и фармацевтическая индустрия, Италия",
    "active_component": "",
    "qrcode": [
      5391519920428
    ],
    "url": "https://www.eapteka.ru/goods/id115289/"
  },
  {
    "name": "Бепантен плюс, крем для наружного применения 30 г 1 шт",
    "producer": "ГП Гренцах Продукционс, Германия",
    "active_component": "Декспантенол, Хлоргексидин",
    "qrcode": [
      4601907000092,
      4250369506682
    ],
    "url": "https://www.eapteka.ru/goods/id24049/"
  },
  {
    "name": "Глюкофаж Лонг, таблетки с пролонг высвобождением 750 мг 60 шт",
    "producer": "Нанолек/Мерк, Россия",
    "active_component": "Метформин",
    "qrcode": [
      3596540130088,
      4640017590963,
      4640017590192
    ],
    "url": "https://www.eapteka.ru/goods/id214947/"
  },
  {
    "name": "Лодоз, таблетки покрыт.плен.об. 5 мг+6,25 мг 30 шт.",
    "producer": "Мерк Хелскеа КГаА, Германия",
    "active_component": "Бисопролол, Гидрохлоротиазид",
    "qrcode": [
      4027269847678
    ],
    "url": "https://www.eapteka.ru/goods/id210936/"
  },
  {
    "name": "Нейпилепт р-р для в/вен. и в/мыш. введ. 250 мг/мл ампулы 4 мл 5 шт., упак.",
    "producer": "ФармФирма Сотекс, Россия",
    "active_component": "Цитиколин",
    "qrcode": [
      4605964005212
    ],
    "url": "https://www.eapteka.ru/goods/id250352/"
  },
  {
    "name": "Пантогам, таблетки 250 мг 50 шт",
    "producer": "Пик-Фарма, Россия",
    "active_component": "Гопантеновая кислота",
    "qrcode": [
      4630016120124,
      "-",
      4650057490017
    ],
    "url": "https://www.eapteka.ru/goods/id227023/"
  },
  {
    "name": "Мелоксикам буфус раствор для в/м введ.10 мг/мл 1,5 мл амп, 5 шт",
    "producer": "Обновление ПФК АО, Россия",
    "active_component": "Мелоксикам",
    "qrcode": [
      4603988016368
    ],
    "url": "https://www.eapteka.ru/goods/id306303/"
  },
  {
    "name": "Фосфоглив, капсулы     50 шт",
    "producer": "Фармстандарт-Лексредства, Россия",
    "active_component": "Глицирризиновая кислота, Фосфолипиды",
    "qrcode": [
      4601669004314
    ],
    "url": "https://www.eapteka.ru/goods/id205708/"
  },
  {
    "name": "Аспирин Комплекс, порошок шипучий д/приг р-ра для приема внутрь 3,5 г 10 шт",
    "producer": "Байер Биттерфельд ГмбХ, Германия",
    "active_component": "",
    "qrcode": [
      4250369506828,
      4008500129142
    ],
    "url": "https://www.eapteka.ru/goods/id208186/"
  },
  {
    "name": "Мизол гель туба, 30 г",
    "producer": "Эвалар, Россия",
    "active_component": "",
    "qrcode": [
      4602242022503
    ],
    "url": "https://www.eapteka.ru/goods/id494838/"
  },
  {
    "name": "Випросал В, мазь для наружного применения 75 г 1 шт",
    "producer": "Гриндекс АО, Латвия",
    "active_component": "Камфора, Салициловая кислота, Скипидар живичный, Яд гадюки",
    "qrcode": [
      4750232001677
    ],
    "url": "https://www.eapteka.ru/goods/id508965/"
  },
  {
    "name": "Милдронат, капсулы 500 мг 30 шт",
    "producer": "Гриндекс АО, Латвия",
    "active_component": "Мельдоний",
    "qrcode": [
      4750232014417
    ],
    "url": "https://www.eapteka.ru/goods/id514799/"
  },
  {
    "name": "Нобен, капсулы 30 мг   30 шт",
    "producer": "Биннофарм, Россия",
    "active_component": "Идебенон",
    "qrcode": [
      4610004580079
    ],
    "url": "https://www.eapteka.ru/goods/id206962/"
  }
]