[
  {
    "name": "Винпотропил, таблетки покрыт.плен.об. 10 мг+800 мг 60 шт",
    "producer": "Канонфарма продакшн ЗАО, Россия",
    "active_component": "Винпоцетин, Пирацетам",
    "qrcode": [
      4606486011217,
      4606486038337
    ],
    "url": "https://www.eapteka.ru/goods/id228947/"
  },
  {
    "name": "Дигидротахистерол, капли для приема внутрь 1 мг/мл 10 мл фл 1 шт",
    "producer": "ЭХО НПК, Россия",
    "active_component": "Дигидротахистерол",
    "qrcode": [
      4603827001203
    ],
    "url": "https://www.eapteka.ru/goods/id233596/"
  },
  {
    "name": "Клопидекс, таблетки покрыт.плен.об. 75 мг 30 шт",
    "producer": "Белупо,лекарства и косметика д.д, Хорватия",
    "active_component": "Клопидогрел",
    "qrcode": [
      3850343032124
    ],
    "url": "https://www.eapteka.ru/goods/id216628/"
  },
  {
    "name": "Бетадин, суппозитории вагинальные 200 мг 7 шт",
    "producer": "ЭГИС, Венгрия",
    "active_component": "Повидон-Йод",
    "qrcode": [
      5995327115375
    ],
    "url": "https://www.eapteka.ru/goods/id207503/"
  },
  {
    "name": "Импаза, таблетки для рассасывания, 20 шт.",
    "producer": "Материа Медика Холдинг, Россия",
    "active_component": "Антитела",
    "qrcode": [
      4607009582238,
      4607009581170
    ],
    "url": "https://www.eapteka.ru/goods/id205127/"
  },
  {
    "name": "Ренель, таблетки   50 шт",
    "producer": "Biologische Heilmittel Heel, Германия",
    "active_component": "Гомеопатический состав",
    "qrcode": [
      4601654000307,
      4047642014749
    ],
    "url": "https://www.eapteka.ru/goods/id22948/"
  },
  {
    "name": "Линекс, капсулы 16 шт",
    "producer": "Лек д.д., Словения",
    "active_component": "Лактобактерии ацидофиллус, Бифидобактерии инфантис, Энтерококки",
    "qrcode": [
      3838957990733
    ],
    "url": "https://www.eapteka.ru/goods/id99148/"
  },
  {
    "name": "Бронхо-мунал П, капсулы 3,5 мг 10 шт",
    "producer": "Лек д.д., Словения",
    "active_component": "Лизаты бактерий",
    "qrcode": [
      3838957007417,
      3838957088102
    ],
    "url": "https://www.eapteka.ru/goods/id99113/"
  },
  {
    "name": "Синупрет, таблетки покрыт.об.   50 шт",
    "producer": "Бионорика СЕ, Германия",
    "active_component": "Горечавка кор., Первоцвет тр., Щавель тр., Бузина цв., Вербена тр.",
    "qrcode": [
      4029799116231,
      4029799103484,
      "-"
    ],
    "url": "https://www.eapteka.ru/goods/id23028/"
  },
  {
    "name": "Аква Марис Норм Интенсивное промывание спрей назальный, 150 мл",
    "producer": "ЯДРАН-ГАЛЕНСКИ ЛАБОРАТОРИЙ а.о., Хорватия",
    "active_component": "",
    "qrcode": [
      3856013223717,
      "-",
      "*(?:?*%*??*"
    ],
    "url": "https://www.eapteka.ru/goods/id353666/"
  },
  {
    "name": "Оксикорт, спрей для наружного применения 55 мл 1 шт",
    "producer": "Польфа-Тархомин, Польша",
    "active_component": "Гидрокортизон, Окситетрациклин",
    "qrcode": [
      5904016040553
    ],
    "url": "https://www.eapteka.ru/goods/id34807/"
  },
  {
    "name": "Струмель Т, таблетки   50 шт",
    "producer": "Biologische Heilmittel Heel, Германия",
    "active_component": "Гомеопатический состав",
    "qrcode": [
      4601654000840,
      4047642014817
    ],
    "url": "https://www.eapteka.ru/goods/id22956/"
  },
  {
    "name": "Дюспаталин капсулы с пролонгированным высвобождением 200 мг, 30 шт.",
    "producer": "Верофарм АО, Россия",
    "active_component": "Мебеверин",
    "qrcode": [
      4620011582232,
      3760008321725,
      4620011583154
    ],
    "url": "https://www.eapteka.ru/goods/id113467/"
  },
  {
    "name": "Дюфалак, сироп 667 мг/мл 500 мл 1 шт",
    "producer": "Верофарм АО, Россия",
    "active_component": "Лактулоза",
    "qrcode": [
      4620011583529
    ],
    "url": "https://www.eapteka.ru/goods/id514047/"
  },
  {
    "name": "Лайфферон лиофилизат д/приг р-ра для в/м,субконъюнктив введ и закап в глаз 1 млн.МЕ фл, 5 шт",
    "producer": "Вектор-Медика АО, Россия",
    "active_component": "Интерферон альфа-2b",
    "qrcode": [
      4605635003844
    ],
    "url": "https://www.eapteka.ru/goods/id321039/"
  },
  {
    "name": "Прокто-гливенол, суппозитории ректальные     10 шт",
    "producer": "Рекордати химическая и фармацевтическая индустрия, Италия",
    "active_component": "Лидокаин, Трибенозид",
    "qrcode": [
      5391519920435
    ],
    "url": "https://www.eapteka.ru/goods/id115288/"
  },
  {
    "name": "Ново-Пассит, таблетки покрыт.плен.об.   30 шт",
    "producer": "Тева Чешские Предприятия с.р.о., Чешская Республика",
    "active_component": "Боярышника плодов экстр., Бузины черной цветков экстр., Валерианы лек. корневищ с корнями",
    "qrcode": [
      8594737211119,
      8594737233913,
      8594737253317
    ],
    "url": "https://www.eapteka.ru/goods/id203692/"
  },
  {
    "name": "Диваза, таблетки для рассасывания 100 шт.",
    "producer": "Материа Медика Холдинг, Россия",
    "active_component": "Антитела",
    "qrcode": [
      4607009581859
    ],
    "url": "https://www.eapteka.ru/goods/id237336/"
  },
  {
    "name": "Глимекомб, таблетки 40 мг+500 мг 60 шт",
    "producer": "Акрихин ХФК АО, Россия",
    "active_component": "Гликлазид, Метформин",
    "qrcode": [
      4601969005981
    ],
    "url": "https://www.eapteka.ru/goods/id228042/"
  },
  {
    "name": "Лотонел таблетки 5 мг, 60 шт.",
    "producer": "Вертекс, Россия",
    "active_component": "Торасемид",
    "qrcode": [
      4607003248642
    ],
    "url": "https://www.eapteka.ru/goods/id263193/"
  }
]