[
  {
    "name": "Лизиноприл таблетки 5 мг, 30 шт.",
    "producer": "Озон Фарм, Россия",
    "active_component": "Лизиноприл",
    "qrcode": [
      4630015110416
    ],
    "url": "https://www.eapteka.ru/goods/id512885/"
  },
  {
    "name": "Метокард, таблетки 100 мг, 30 шт.",
    "producer": "Польфарма АО, Польша",
    "active_component": "Метопролол",
    "qrcode": [
      5903060003101
    ],
    "url": "https://www.eapteka.ru/goods/id34725/"
  },
  {
    "name": "Скипидарная, мазь для наружного применения 20 % 25 г 1 шт",
    "producer": "Самарамедпром, Россия",
    "active_component": "Скипидар живичный",
    "qrcode": [
      4603933004259,
      4603933002446,
      4603933006291
    ],
    "url": "https://www.eapteka.ru/goods/id228769/"
  },
  {
    "name": "Глево, таблетки покрыт.плен.об. 500 мг 10 шт",
    "producer": "Гленмарк Фармасьютикалз Лтд, Индия",
    "active_component": "Левофлоксацин",
    "qrcode": [
      8904091111305
    ],
    "url": "https://www.eapteka.ru/goods/id224186/"
  },
  {
    "name": "Декарис, таблетки 50 мг, 2 шт.",
    "producer": "Гедеон Рихтер, Венгрия",
    "active_component": "Левамизол",
    "qrcode": [
      5997001380338,
      5997001326794
    ],
    "url": "https://www.eapteka.ru/goods/id21905/"
  },
  {
    "name": "Горчичники-лист, 20 шт.",
    "producer": "Висмут, Россия",
    "active_component": "",
    "qrcode": [
      4820031540049
    ],
    "url": "https://www.eapteka.ru/goods/id294824/"
  },
  {
    "name": "Хлоропирамин, таблетки   20 шт",
    "producer": "Озон, Россия",
    "active_component": "Хлоропирамин",
    "qrcode": [
      4602509022093,
      4680020180164,
      4607027767235,
      "-"
    ],
    "url": "https://www.eapteka.ru/goods/id484035/"
  },
  {
    "name": "Кромицил-СОЛОфарм капли глазные 2%, 10 мл",
    "producer": "Гротекс ООО, Россия",
    "active_component": "Кромоглициевая кислота",
    "qrcode": [
      4670028226780
    ],
    "url": "https://www.eapteka.ru/goods/id486384/"
  },
  {
    "name": "Формидрон, раствор для наружного применения   100 мл 1 шт",
    "producer": "Самарамедпром, Россия",
    "active_component": "Формальдегид",
    "qrcode": [
      4603933004167,
      4603933005829
    ],
    "url": "https://www.eapteka.ru/goods/id234221/"
  },
  {
    "name": "Перекись водорода буфус Renewal, раствор для наружного применения 10 мл   5 шт",
    "producer": "Обновление ПФК АО, Россия",
    "active_component": "Водорода пероксид",
    "qrcode": [
      4603988012414
    ],
    "url": "https://www.eapteka.ru/goods/id220326/"
  },
  {
    "name": "Амлодипин, таблетки 10 мг, 30 шт.",
    "producer": "Озон, Россия",
    "active_component": "Амлодипин",
    "qrcode": [
      4607027761387,
      4630015110386
    ],
    "url": "https://www.eapteka.ru/goods/id229519/"
  },
  {
    "name": "Доверин, таблетки 40 мг 24 шт",
    "producer": "Авексима Сибирь, Россия",
    "active_component": "Дротаверин",
    "qrcode": [
      4607100622390
    ],
    "url": "https://www.eapteka.ru/goods/id275742/"
  },
  {
    "name": "Ибупрофен, суспензия 100 мг/5 мл, 100 мл",
    "producer": "Эколаб, Россия",
    "active_component": "Ибупрофен",
    "qrcode": [
      4602546009460,
      4602546010589
    ],
    "url": "https://www.eapteka.ru/goods/id233649/"
  },
  {
    "name": "Кандид, таблетки вагинальные 500 мг 1 шт",
    "producer": "Гленмарк Фармасьютикалз Лтд, Индия",
    "active_component": "Клотримазол",
    "qrcode": [
      8904091105908
    ],
    "url": "https://www.eapteka.ru/goods/id223059/"
  },
  {
    "name": "Мезим форте, таблетки покрыт.об. 20 шт",
    "producer": "Берлин-Хеми АГ, Германия",
    "active_component": "Панкреатин",
    "qrcode": [
      4630011650015
    ],
    "url": "https://www.eapteka.ru/goods/id22323/"
  },
  {
    "name": "Момат, крем 0,1 % 15 г 1 шт",
    "producer": "Гленмарк Фармасьютикалз Лтд, Индия",
    "active_component": "Мометазон",
    "qrcode": [
      8904091101610
    ],
    "url": "https://www.eapteka.ru/goods/id209848/"
  },
  {
    "name": "Камфорный спирт, флаконы 10% , 40 мл",
    "producer": "Самарамедпром, Россия",
    "active_component": "Камфора",
    "qrcode": [
      4603933002477,
      4603933006932,
      4603933006949,
      "-"
    ],
    "url": "https://www.eapteka.ru/goods/id234391/"
  },
  {
    "name": "Йод Валик медицинский ватный ФЭСТпропитанный раствором спиртовым йода 5% в футляре Михайлова, 1 шт.",
    "producer": "Предприятие ФЭСТ ООО, Россия",
    "active_component": "Йод, (Калия йодид, Этанол)",
    "qrcode": [
      4607025842279,
      4607025841388
    ],
    "url": "https://www.eapteka.ru/goods/id234906/"
  },
  {
    "name": "Дофамин-Ферейн раствор для инъекций 0.5% 5 мл амп, 10 шт",
    "producer": "Брынцалов-А ПАО, Россия",
    "active_component": "Допамин",
    "qrcode": [
      4603779006592
    ],
    "url": "https://www.eapteka.ru/goods/id45884/"
  },
  {
    "name": "Пиона уклоняющегося, настойка 25 мл   1 шт",
    "producer": "Ивановская фармфабрика, Россия",
    "active_component": "Пиона уклоняющегося трава,корневища и корни",
    "qrcode": [
      4603184003582
    ],
    "url": "https://www.eapteka.ru/goods/id229064/"
  }
]