[
  {
    "name": "Лотонел таблетки 5 мг, 60 шт.",
    "producer": "Вертекс, Россия",
    "active_component": "Торасемид",
    "qrcode": [
      4607003248642
    ],
    "url": "https://www.eapteka.ru/goods/id263193/"
  },
  {
    "name": "Брал, таблетки   100 шт",
    "producer": "Микро Лабс Лтд, Индия",
    "active_component": "Метамизол натрия, Питофенон, Фенпивериния бромид",
    "qrcode": [
      8901302057278,
      8901302166465
    ],
    "url": "https://www.eapteka.ru/goods/id212702/"
  },
  {
    "name": "Бикситор таблетки покрыт. плен.об. 120 мг, 10 шт.",
    "producer": "АЕТ Лабораториз Прайвет Лимитед/Хемофарм ООО, Индия",
    "active_component": "Эторикоксиб",
    "qrcode": [
      4607143561045
    ],
    "url": "https://www.eapteka.ru/goods/id494363/"
  },
  {
    "name": "Макситрол, капли глазные 5 мл",
    "producer": "Alcon-Couvreur, Бельгия",
    "active_component": "Дексаметазон, Неомицин, Полимиксин B",
    "qrcode": [
      5413895006302,
      7613421035679
    ],
    "url": "https://www.eapteka.ru/goods/id200834/"
  },
  {
    "name": "Амелотекс р-р для в/м введ. 10 мг/мл 1,5 мл ампулы, 5 шт.",
    "producer": "ФармФирма Сотекс, Россия",
    "active_component": "Мелоксикам",
    "qrcode": [
      4605964002679,
      104605964002
    ],
    "url": "https://www.eapteka.ru/goods/id210094/"
  },
  {
    "name": "Флогардин, таблетки покрыт.плен.об. 125 мг 6 шт",
    "producer": "Обновление ПФК АО, Россия",
    "active_component": "Тилорон",
    "qrcode": [
      4603988016887
    ],
    "url": "https://www.eapteka.ru/goods/id354672/"
  },
  {
    "name": "Бускопан, суппозитории ректальные 10 мг 10 шт",
    "producer": "Институт де Ангели С.р.Л, Италия",
    "active_component": "Гиосцина бутилбромид",
    "qrcode": [
      3582910082484,
      9006968004020
    ],
    "url": "https://www.eapteka.ru/goods/id30721/"
  },
  {
    "name": "Аскорил экспекторант, раствор для приема внутрь 2мг+50мг+1 мг/5мл 200 мл",
    "producer": "Гленмарк Фармасьютикалз Лтд, Индия",
    "active_component": "Бромгексин, Гвайфенезин, Сальбутамол",
    "qrcode": [
      8904091127948
    ],
    "url": "https://www.eapteka.ru/goods/id513719/"
  },
  {
    "name": "Эндофальк, порошок д/приг р-ра д/приема внутрь   55,318 г 6 шт",
    "producer": "Др Фальк, Германия",
    "active_component": "Макрогол, Натрия хлорид, Натрия гидрокарбонат, Калия хлорид",
    "qrcode": [
      4032717012003,
      "-"
    ],
    "url": "https://www.eapteka.ru/goods/id226970/"
  },
  {
    "name": "Сульфаргин, мазь для наружного применения 50 г 1 шт",
    "producer": "Гриндекс АО, Латвия",
    "active_component": "Сульфадиазин",
    "qrcode": [
      4750232008959
    ],
    "url": "https://www.eapteka.ru/goods/id105191/"
  },
  {
    "name": "ФениВейт, крем для наружного применения     1 шт",
    "producer": "ГлаксоСмитКляйн Фармасьютикалз С.А., Польша",
    "active_component": "Флутиказон",
    "qrcode": [
      4602233007151
    ],
    "url": "https://www.eapteka.ru/goods/id494990/"
  },
  {
    "name": "Троксевазин, гель для наружного применения 100 г   1 шт",
    "producer": "Балканфарма - Троян АД, Болгария",
    "active_component": "Троксерутин",
    "qrcode": [
      4630013790894
    ],
    "url": "https://www.eapteka.ru/goods/id485945/"
  },
  {
    "name": "Церебролизат, ампулы , 1 мл , 10 шт.",
    "producer": "Микроген НПО, Россия",
    "active_component": "Мозга крупного рогатого скота гидролизат",
    "qrcode": [
      4600488003348
    ],
    "url": "https://www.eapteka.ru/goods/id234101/"
  },
  {
    "name": "Мовалис, таблетки 15 мг 10 шт",
    "producer": "Берингер Ингельхайм Фарма ГмбХ и Ко.КГ, Германия",
    "active_component": "Мелоксикам",
    "qrcode": [
      9006968007182
    ],
    "url": "https://www.eapteka.ru/goods/id206573/"
  },
  {
    "name": "Индоколлир, капли глазные 0,1 % 5 мл",
    "producer": "Др. Герхард Манн ХФП, Германия",
    "active_component": "Индометацин",
    "qrcode": [
      3400934195389,
      4030571006992
    ],
    "url": "https://www.eapteka.ru/goods/id207658/"
  },
  {
    "name": "Фосфонциале, капсулы     30 шт",
    "producer": "Канонфарма продакшн ЗАО, Россия",
    "active_component": "Расторопши пятнистой плодов экстракт, Фосфолипиды",
    "qrcode": [
      4606486001911,
      4606486037026,
      4630030920021
    ],
    "url": "https://www.eapteka.ru/goods/id218848/"
  },
  {
    "name": "Трилактан, капли глазные 0,005 % 2,5 мл 1 шт",
    "producer": "Гротекс ООО, Россия",
    "active_component": "Латанопрост",
    "qrcode": [
      4680013246938
    ],
    "url": "https://www.eapteka.ru/goods/id287677/"
  },
  {
    "name": "Мелатонин-СЗ, таблетки покрыт.плен.об.   60 шт",
    "producer": "Северная Звезда, Россия",
    "active_component": "Мелатонин",
    "qrcode": [
      4690655019050
    ],
    "url": "https://www.eapteka.ru/goods/id327651/"
  },
  {
    "name": "Беротек Н, аэрозоль для ингаляций 100 мкг/доза, 200 доз",
    "producer": "Берингер Ингельхайм Фарма ГмбХ и Ко.КГ, Германия",
    "active_component": "Фенотерол",
    "qrcode": [
      9006968003160
    ],
    "url": "https://www.eapteka.ru/goods/id23175/"
  },
  {
    "name": "Осельтамивир Авексима, капсулы 75 мг   10 шт",
    "producer": "Ирбитский ХФЗ, Россия",
    "active_component": "Осельтамивир",
    "qrcode": [
      4603276010290
    ],
    "url": "https://www.eapteka.ru/goods/id512935/"
  }
]