[
  {
    "name": "ИРС-19, спрей назальный 20 мл",
    "producer": "Майлан Лэбораториз САС, Франция",
    "active_component": "",
    "qrcode": [
      4602196002385
    ],
    "url": "https://www.eapteka.ru/goods/id103446/"
  },
  {
    "name": "Селана, таблетки покрыт.плен.об. 1 мг 30 шт.",
    "producer": "Натива, Россия",
    "active_component": "Анастрозол",
    "qrcode": [
      4601808010466
    ],
    "url": "https://www.eapteka.ru/goods/id269750/"
  },
  {
    "name": "Сампрост, лиофилизат д/приг.р-ра для в/м введ. 5 мг 10 шт",
    "producer": "Самсон-Мед ООО, Россия",
    "active_component": "Простаты экстракт",
    "qrcode": [
      4602072021592
    ],
    "url": "https://www.eapteka.ru/goods/id203518/"
  },
  {
    "name": "Дантинорм Бэби раствор для приема внутрь гомеопатические 1 мл, 10 шт.",
    "producer": "Лаборатория Буарон, Франция",
    "active_component": "Гомеопатический состав",
    "qrcode": [
      3352712006205
    ],
    "url": "https://www.eapteka.ru/goods/id217855/"
  },
  {
    "name": "Депренорм ОД таблетки с пролонг.высвобож покрыт.плен.об 70 мг, 30 шт",
    "producer": "Канонфарма продакшн ЗАО, Россия",
    "active_component": "Триметазидин",
    "qrcode": [
      4606486033240,
      4606486033189
    ],
    "url": "https://www.eapteka.ru/goods/id355916/"
  },
  {
    "name": "Эсциталопрам-АЛСИ, таблетки покрыт.плен.об. 20 мг 30 шт",
    "producer": "Алси Фарма, Россия",
    "active_component": "Эсциталопрам",
    "qrcode": [
      4607011635526
    ],
    "url": "https://www.eapteka.ru/goods/id512284/"
  },
  {
    "name": "Лорноксикам-ТРИВИУМ, лиофилизат д/приг.р-ра для в/в.и в/м введ. 8мг 5шт",
    "producer": "Армавирская биофабрика ФКП, Россия",
    "active_component": "Лорноксикам",
    "qrcode": [
      4605894010157
    ],
    "url": "https://www.eapteka.ru/goods/id508513/"
  },
  {
    "name": "Лефокцин, таблетки покрыт.плен.об. 500 мг 10 шт",
    "producer": "Шрея Лайф Саенсиз Пвт.Лтд, Индия",
    "active_component": "Левофлоксацин",
    "qrcode": [
      8906000571774
    ],
    "url": "https://www.eapteka.ru/goods/id294423/"
  },
  {
    "name": "Магне B6 таблетки покрыт.об., 60 шт.",
    "producer": "Хиноин Завод Фармацевтических и Химических пр-тов, Венгрия",
    "active_component": "Магний, Пиридоксин",
    "qrcode": [
      3582910094975
    ],
    "url": "https://www.eapteka.ru/goods/id311687/"
  },
  {
    "name": "Ярса Гумба Форте таблетки 1,5 г, 5 шт.",
    "producer": "Растительные Ресурсы НПК, Россия",
    "active_component": "",
    "qrcode": [
      4610007620239
    ],
    "url": "https://www.eapteka.ru/goods/id266700/"
  },
  {
    "name": "Глюренорм, таблетки 30 мг, 60 шт.",
    "producer": "Берингер Ингельхайм Эллас А.Е., Греция",
    "active_component": "Гликвидон",
    "qrcode": [
      9006968000091
    ],
    "url": "https://www.eapteka.ru/goods/id26589/"
  },
  {
    "name": "Валз Комби, таблетки покрыт.плен.об. 5 мг+80 мг 28 шт",
    "producer": "Балканфарма - Дупница АД, Болгария",
    "active_component": "Амлодипин, Валсартан",
    "qrcode": [
      4630013791013
    ],
    "url": "https://www.eapteka.ru/goods/id504041/"
  },
  {
    "name": "Авелокс, таблетки покрыт.плен.об. 400 мг, 5 шт.",
    "producer": "Байер Биттерфельд ГмбХ, Германия",
    "active_component": "Моксифлоксацин",
    "qrcode": [
      4008500128275
    ],
    "url": "https://www.eapteka.ru/goods/id203481/"
  },
  {
    "name": "Кестин, таблетки 20 мг 10 шт",
    "producer": "Алмирал С.А., Испания",
    "active_component": "Эбастин",
    "qrcode": [
      5450557010291,
      8430308065647
    ],
    "url": "https://www.eapteka.ru/goods/id208670/"
  },
  {
    "name": "Клиндацин, крем вагинальный 20 мг/г 20 г",
    "producer": "Акрихин ХФК АО, Россия",
    "active_component": "Клиндамицин",
    "qrcode": [
      4601969003796,
      4601969009330
    ],
    "url": "https://www.eapteka.ru/goods/id207113/"
  },
  {
    "name": "Кимокс таблетки покрыт.плен.об. 400 мг, 7 шт.",
    "producer": "Алкалоид АД Скопье, Республика Северная Македония",
    "active_component": "Моксифлоксацин",
    "qrcode": [
      5310001261351
    ],
    "url": "https://www.eapteka.ru/goods/id494253/"
  },
  {
    "name": "Микосист, капсулы 150 мг   4 шт",
    "producer": "Гедеон Рихтер, Венгрия",
    "active_component": "Флуконазол",
    "qrcode": [
      4605469003027,
      "-"
    ],
    "url": "https://www.eapteka.ru/goods/id204245/"
  },
  {
    "name": "Конкор АМ, таблетки 5 мг+5 мг 30 шт.",
    "producer": "ЭГИС, Венгрия",
    "active_component": "",
    "qrcode": [
      4027269303167
    ],
    "url": "https://www.eapteka.ru/goods/id221219/"
  },
  {
    "name": "Риксия, таблетки покрыт.плен.об. 60 мг 14 шт",
    "producer": "Сан Фармасьютикал Индастриз Лтд, Индия",
    "active_component": "Эторикоксиб",
    "qrcode": [
      8901296048252
    ],
    "url": "https://www.eapteka.ru/goods/id492599/"
  },
  {
    "name": "Фосфомицин, порошок д/приг р-ра для инъекций 1 г 1 шт",
    "producer": "Красфарма ПАО, Россия",
    "active_component": "Фосфомицин",
    "qrcode": [
      4602521008075
    ],
    "url": "https://www.eapteka.ru/goods/id235327/"
  }
]