[
  {
    "name": "Гастал, таблетки для рассасывания 60 шт.",
    "producer": "Тева Оперейшнс Поланд Сп. з о.о., Польша",
    "active_component": "Гидроталцит, Магния гидроксид",
    "qrcode": [
      3850114224017,
      5900004074371,
      5900004074838
    ],
    "url": "https://www.eapteka.ru/goods/id103614/"
  },
  {
    "name": "Альфа Д3, капсулы 0,25 г мкг 60 шт",
    "producer": "Каталент Джермани Эбербах ГмбХ, Германия",
    "active_component": "Альфакальцидол",
    "qrcode": [
      7290008095044,
      5350586005025
    ],
    "url": "https://www.eapteka.ru/goods/id123674/"
  },
  {
    "name": "Пропанорм, таблетки 300 мг 50 шт",
    "producer": "ПРО.МЕД.ЦС Прага, Чешская Республика",
    "active_component": "Пропафенон",
    "qrcode": [
      8595026442351
    ],
    "url": "https://www.eapteka.ru/goods/id210996/"
  },
  {
    "name": "Суматриптан Канон, таблетки покрыт.плен.об. 50 мг 10 шт",
    "producer": "Канонфарма продакшн ЗАО, Россия",
    "active_component": "Суматриптан",
    "qrcode": [
      4606486027799
    ],
    "url": "https://www.eapteka.ru/goods/id469473/"
  },
  {
    "name": "Мидокалм-Рихтер, раствор для в/в и в/м введ.100 мг+2,5 мг/мл 1 мл 5 шт",
    "producer": "Гедеон Рихтер, Венгрия",
    "active_component": "Толперизон, Лидокаин",
    "qrcode": [
      5997001391228,
      4605469000811,
      5997001371992
    ],
    "url": "https://www.eapteka.ru/goods/id22077/"
  },
  {
    "name": "Леволет Р, таблетки покрыт.плен.об. 750 мг 10 шт",
    "producer": "Д-р Редди`с, Индия",
    "active_component": "Левофлоксацин",
    "qrcode": [
      8901148235533,
      "-",
      8901148228938
    ],
    "url": "https://www.eapteka.ru/goods/id269827/"
  },
  {
    "name": "Офтолик БК, капли глазные 0,4 мл   20 шт",
    "producer": "Сентисс Фарма Пвт.Лтд, Индия",
    "active_component": "Повидон, Поливиниловый спирт",
    "qrcode": [
      8901236018383,
      8901236018380
    ],
    "url": "https://www.eapteka.ru/goods/id226948/"
  },
  {
    "name": "Флебодиа для ног, крем-гель     1 шт",
    "producer": "Дзинтарс АО, Латвия",
    "active_component": "Диосмин",
    "qrcode": [
      4751019610082,
      "-",
      4751019610143
    ],
    "url": "https://www.eapteka.ru/goods/id288216/"
  },
  {
    "name": "Ксизал, капли для приема внутрь 5 мг/мл 10 мл",
    "producer": "UCB Farma, Бельгия",
    "active_component": "Левоцетиризин",
    "qrcode": [
      4603149000533,
      5413787104628
    ],
    "url": "https://www.eapteka.ru/goods/id210920/"
  },
  {
    "name": "Фитолизин, паста д/приг суспензии для приема внутрь   100 г 1 шт",
    "producer": "Гербаполь, Польша",
    "active_component": "Препарат растительного происхождения",
    "qrcode": [
      5902614103014,
      5903060616882
    ],
    "url": "https://www.eapteka.ru/goods/id34392/"
  },
  {
    "name": "Пульмикорт турбухалер, порошок для ингаляций дозированный 100 мкг/доза 200 доз 1 шт",
    "producer": "АстраЗенека АБ, Швеция",
    "active_component": "Будесонид",
    "qrcode": [
      5000456022453,
      7321838730925
    ],
    "url": "https://www.eapteka.ru/goods/id105039/"
  },
  {
    "name": "Флюдитек, сироп     1 шт",
    "producer": "Иннотек Интернасиональ, Франция",
    "active_component": "Карбоцистеин",
    "qrcode": [
      3400970000685,
      "*",
      3614250000443,
      "-"
    ],
    "url": "https://www.eapteka.ru/goods/id102703/"
  },
  {
    "name": "Торвакард, таблетки покрыт.плен.об. 10 мг 90 шт",
    "producer": "Санека Фармасьютикалс а.с., Словакия",
    "active_component": "Аторвастатин",
    "qrcode": [
      8594739049451,
      "-",
      3582910091196
    ],
    "url": "https://www.eapteka.ru/goods/id210992/"
  },
  {
    "name": "Траваксал, капли глазные 0,04 мг/мл 2,5 мл 1 шт",
    "producer": "Гротекс ООО, Россия",
    "active_component": "Травопрост",
    "qrcode": [
      4670028229132
    ],
    "url": "https://www.eapteka.ru/goods/id502842/"
  },
  {
    "name": "Кетонал, крем для наружного применения 5 % 50 г 1 шт",
    "producer": "Салютас Фарма ГмбХ, Германия",
    "active_component": "Кетопрофен",
    "qrcode": [
      4030855492435
    ],
    "url": "https://www.eapteka.ru/goods/id212638/"
  },
  {
    "name": "Элефлокс, таблетки покрыт.плен.об. 500 мг 10 шт",
    "producer": "Сан Фармасьютикал Индастриз Лтд, Индия",
    "active_component": "Левофлоксацин",
    "qrcode": [
      4601764002284
    ],
    "url": "https://www.eapteka.ru/goods/id207891/"
  },
  {
    "name": "Ренни мятные без сахара, таблетки жевательные 680 мг+80 мг  48 шт",
    "producer": "Байер Биттерфельд ГмбХ, Германия",
    "active_component": "Кальция карбонат, Магния карбонат",
    "qrcode": [
      4250369504312
    ],
    "url": "https://www.eapteka.ru/goods/id215380/"
  },
  {
    "name": "Эдарби таблетки 20 мг, таблетки 20 мг 28 шт",
    "producer": "Такеда Айлэнд Лимитед, Ирландия",
    "active_component": "Азилсартана медоксомил",
    "qrcode": [
      5702589309547,
      4601026309687
    ],
    "url": "https://www.eapteka.ru/goods/id338629/"
  },
  {
    "name": "Костарокс, таблетки покрыт.плен.об. 120 мг 7 шт",
    "producer": "Кадила Фармасьютикалз Лтд, Индия",
    "active_component": "Эторикоксиб",
    "qrcode": [
      4030855509515
    ],
    "url": "https://www.eapteka.ru/goods/id299218/"
  },
  {
    "name": "Амбробене Стоптуссин капли для приема внутрь, 50 мл",
    "producer": "Тева Чешские Предприятия с.р.о., Чешская Республика",
    "active_component": "Бутамират, Гвайфенезин",
    "qrcode": [
      8594737249112
    ],
    "url": "https://www.eapteka.ru/goods/id326286/"
  }
]