[
  {
    "name": "Сорбифер дурулес, таблетки покрыт.об.     50 шт",
    "producer": "ЭГИС, Венгрия",
    "active_component": "Железа сульфат, Аскорбиновая кислота",
    "qrcode": [
      5995327274089
    ],
    "url": "https://www.eapteka.ru/goods/id106696/"
  },
  {
    "name": "Бетоптик С, капли глазные 0,25 % 5 мл",
    "producer": "Alcon-Couvreur, Бельгия",
    "active_component": "Бетаксолол",
    "qrcode": [
      5413895090486,
      7613421035730
    ],
    "url": "https://www.eapteka.ru/goods/id123965/"
  },
  {
    "name": "Скиноклир, гель для наружного применения 15 % 30 г 1 шт",
    "producer": "Озон, Россия",
    "active_component": "Азелаиновая кислота",
    "qrcode": [
      4607027768942
    ],
    "url": "https://www.eapteka.ru/goods/id294598/"
  },
  {
    "name": "Пантогам, сироп 10 % 100 мл 1 шт",
    "producer": "Пик-Фарма, Россия",
    "active_component": "Гопантеновая кислота",
    "qrcode": [
      4603761001048,
      "-",
      4630016120292,
      4650057490239
    ],
    "url": "https://www.eapteka.ru/goods/id233775/"
  },
  {
    "name": "Реаферон-ЕС-Липинт, флаконы 250000 ме, 5 шт.",
    "producer": "Вектор-Медика АО, Россия",
    "active_component": "Интерферон альфа-2b",
    "qrcode": [
      4605635003196
    ],
    "url": "https://www.eapteka.ru/goods/id209860/"
  },
  {
    "name": "Гепабене, капсулы 30 шт",
    "producer": "Меркле ГмбХ, Германия",
    "active_component": "",
    "qrcode": [
      4030096255967
    ],
    "url": "https://www.eapteka.ru/goods/id17963/"
  },
  {
    "name": "Фенофибрат Канон, таблетки покрыт.плен.об. 145 мг 30 шт",
    "producer": "Канонфарма продакшн ЗАО, Россия",
    "active_component": "Фенофибрат",
    "qrcode": [
      4606486023203
    ],
    "url": "https://www.eapteka.ru/goods/id255987/"
  },
  {
    "name": "Белосалик, мазь для наружного применения 30 г 1 шт",
    "producer": "Белупо,лекарства и косметика д.д, Хорватия",
    "active_component": "Бетаметазон, Салициловая кислота",
    "qrcode": [
      3850343060288
    ],
    "url": "https://www.eapteka.ru/goods/id123893/"
  },
  {
    "name": "Адвантан, эмульсия для наружного применения 0,1 % 20 г",
    "producer": "ЛЕО Фарма Мануфэкчуринг Итали С.р.л, Италия",
    "active_component": "Метилпреднизолона ацепонат",
    "qrcode": [
      4260085520275,
      "-",
      5702191023404
    ],
    "url": "https://www.eapteka.ru/goods/id204226/"
  },
  {
    "name": "Арифам таблетки с модифиц высвобож покрыт.плен.об. 5 мг+1,5 мг, 30 шт.",
    "producer": "Сервье Рус ООО, Россия",
    "active_component": "Амлодипин, Индапамид",
    "qrcode": [
      3594458800222
    ],
    "url": "https://www.eapteka.ru/goods/id336333/"
  },
  {
    "name": "Триметазидин-Биоком МВ, таблетки с пролонг.высвобож покрыт.об 35 мг   120 шт",
    "producer": "Биоком ЗАО, Россия",
    "active_component": "Триметазидин",
    "qrcode": [
      4605949001925
    ],
    "url": "https://www.eapteka.ru/goods/id506789/"
  },
  {
    "name": "Фемилекс, суппозитории вагинальные     5 шт",
    "producer": "Нижфарм АО, Россия",
    "active_component": "Молочная кислота",
    "qrcode": [
      4601026306068
    ],
    "url": "https://www.eapteka.ru/goods/id294683/"
  },
  {
    "name": "Перинева, таблетки 8 мг 90 шт",
    "producer": "КРКА-РУС, Россия",
    "active_component": "Периндоприл",
    "qrcode": [
      4607055133101
    ],
    "url": "https://www.eapteka.ru/goods/id214746/"
  },
  {
    "name": "Ультоп, капсулы кишечнорастворимые 40 мг   28 шт",
    "producer": "КРКА дд Ново место, Словения",
    "active_component": "Омепразол",
    "qrcode": [
      4607055136652
    ],
    "url": "https://www.eapteka.ru/goods/id208688/"
  },
  {
    "name": "Золофт таблетки покрыт.плен.об.100 мг, 28 шт.",
    "producer": "Пфайзер Мэнюфэкчуринг Дойчленд ГмбХ, Германия",
    "active_component": "Сертралин",
    "qrcode": [
      5413973173216,
      1210001155220,
      4607131044567
    ],
    "url": "https://www.eapteka.ru/goods/id204854/"
  },
  {
    "name": "Фулл маркс, раствор, 100 мл",
    "producer": "CCЛ Интернэшнл ПиЭлСи, Великобритания",
    "active_component": "",
    "qrcode": [
      5038483679326
    ],
    "url": "https://www.eapteka.ru/goods/id224974/"
  },
  {
    "name": "Линекс Форте, капсулы 14 шт",
    "producer": "Лек д.д., Словения",
    "active_component": "Лактобактерии ацидофиллус, Бифидобактерии ВВ12",
    "qrcode": [
      3838957068050
    ],
    "url": "https://www.eapteka.ru/goods/id238760/"
  },
  {
    "name": "Флуомизин, таблетки вагинальные 10 мг 6 шт",
    "producer": "Мединова АГ, Швейцария",
    "active_component": "Деквалиния хлорид",
    "qrcode": [
      5997001306741,
      7640135180104
    ],
    "url": "https://www.eapteka.ru/goods/id215423/"
  },
  {
    "name": "Трентал, таблетки покрыт.кишечнораств.об. 100 мг   60 шт",
    "producer": "Зентива Прайвет Лимитед, Индия",
    "active_component": "Пентоксифиллин",
    "qrcode": [
      3582910074694,
      "-",
      3664798035414,
      8901083200238
    ],
    "url": "https://www.eapteka.ru/goods/id28174/"
  },
  {
    "name": "Венлафаксин-АЛСИ таблетки 75 мг, 30 шт.",
    "producer": "Алси Фарма, Россия",
    "active_component": "Венлафаксин",
    "qrcode": [
      4607011634437
    ],
    "url": "https://www.eapteka.ru/goods/id329911/"
  }
]