[
  {
    "name": "Аркоксиа, таблетки покрыт.плен.об. 90 мг 7 шт",
    "producer": "Рови Фарма Индастриал Сервисиз С.А., Испания",
    "active_component": "Эторикоксиб",
    "qrcode": [
      8711141828546,
      4602210003381
    ],
    "url": "https://www.eapteka.ru/goods/id211279/"
  },
  {
    "name": "Ретровир раствор для приема внутрь 50 мг/5 мл флаконы, 200 мл",
    "producer": "ГлаксоСмитКляйн Инк, Канада",
    "active_component": "Зидовудин",
    "qrcode": [
      4620020910088,
      4607008130256,
      4607008133738
    ],
    "url": "https://www.eapteka.ru/goods/id21026/"
  },
  {
    "name": "Эссливер форте, капсулы     30 шт",
    "producer": "Наброс Фарма, Индия",
    "active_component": "Поливитамины, Фосфолипиды",
    "qrcode": [
      8901135010174,
      8901135010171,
      4601026304613
    ],
    "url": "https://www.eapteka.ru/goods/id209695/"
  },
  {
    "name": "Назаваль Плюс спрей, 500 мг 200 доз",
    "producer": "Назалезе, Великобритания",
    "active_component": "",
    "qrcode": [
      5060045001528
    ],
    "url": "https://www.eapteka.ru/goods/id211968/"
  },
  {
    "name": "Дипиридамол-ФПО, таблетки покрыт.плен.об. 25 мг 120 шт",
    "producer": "Алиум АО, Россия",
    "active_component": "Дипиридамол",
    "qrcode": [
      4605077011629,
      4605077014859
    ],
    "url": "https://www.eapteka.ru/goods/id334488/"
  },
  {
    "name": "Тержинан, таблетки вагинальные     6 шт",
    "producer": "Лаборатории Бушара-Рекордати, Франция",
    "active_component": "Тернидазол, Неомицина сульфат, Нистатин, Преднизолона натрия метасульфобензоат",
    "qrcode": [
      3592751842147,
      5391519923658,
      842147
    ],
    "url": "https://www.eapteka.ru/goods/id119122/"
  },
  {
    "name": "Лерканидипин-СЗ таблетки покрыт. плен. об. 20 мг, 20 шт.",
    "producer": "Северная Звезда, Россия",
    "active_component": "Лерканидипин",
    "qrcode": [
      4690655017278
    ],
    "url": "https://www.eapteka.ru/goods/id296133/"
  },
  {
    "name": "Заласта Ку-таб таблетки, диспергируемые в полости рта 5 мг, 28 шт.",
    "producer": "Словения",
    "active_component": "Оланзапин",
    "qrcode": [
      3838989562731,
      3838989734084
    ],
    "url": "https://www.eapteka.ru/goods/id216821/"
  },
  {
    "name": "Термикон, таблетки 250 мг 14 шт",
    "producer": "Фармстандарт-Лексредства, Россия",
    "active_component": "Тербинафин",
    "qrcode": [
      4601669003973
    ],
    "url": "https://www.eapteka.ru/goods/id208050/"
  },
  {
    "name": "Залаин, суппозитории вагинальные 300 мг 1 шт.",
    "producer": "ЭГИС, Венгрия",
    "active_component": "Сертаконазол",
    "qrcode": [
      5995327115412
    ],
    "url": "https://www.eapteka.ru/goods/id208546/"
  },
  {
    "name": "Хило-Комод, капли глазные     1 шт",
    "producer": "Хемомонт Д.О.О, Черногория",
    "active_component": "Натрия гиалуронат",
    "qrcode": [
      5037696710369,
      4031626710369
    ],
    "url": "https://www.eapteka.ru/goods/id208029/"
  },
  {
    "name": "Комфодерм К, крем для наружного применения 0,1 % 15 г 1 шт",
    "producer": "Акрихин ХФК АО, Россия",
    "active_component": "Метилпреднизолона ацепонат",
    "qrcode": [
      4601969007572
    ],
    "url": "https://www.eapteka.ru/goods/id294402/"
  },
  {
    "name": "Бетасерк таблетки 16 мг, 30 шт.",
    "producer": "Верофарм АО, Россия",
    "active_component": "Бетагистин",
    "qrcode": [
      8002660026279,
      4620011583826,
      3760008320193,
      4620011584410
    ],
    "url": "https://www.eapteka.ru/goods/id204968/"
  },
  {
    "name": "Ко-Диротон, таблетки 10 мг+12,5 мг, 30 шт.",
    "producer": "Гедеон Рихтер Польша, Польша",
    "active_component": "Лизиноприл, Гидрохлоротиазид",
    "qrcode": [
      5997001304266
    ],
    "url": "https://www.eapteka.ru/goods/id212066/"
  },
  {
    "name": "Бравадин таблетки покрыт.плен.об. 7,5 мг 28 шт., упак.",
    "producer": "КРКА дд Ново место, Словения",
    "active_component": "Ивабрадин",
    "qrcode": [
      4607055137871
    ],
    "url": "https://www.eapteka.ru/goods/id250414/"
  },
  {
    "name": "Реглисам, гранулы     30 шт",
    "producer": "Вифитех, Россия",
    "active_component": "Аммония Глицирризинат",
    "qrcode": [
      4605180006949
    ],
    "url": "https://www.eapteka.ru/goods/id321617/"
  },
  {
    "name": "Альфа Д3, капсулы 0,5 мкг 30 шт",
    "producer": "Каталент Джермани Эбербах ГмбХ, Германия",
    "active_component": "Альфакальцидол",
    "qrcode": [
      7290102064809,
      5350586005049
    ],
    "url": "https://www.eapteka.ru/goods/id212899/"
  },
  {
    "name": "А-Церумен Плюс капли ушные 2 мл фл-кап, 5 шт",
    "producer": "Лаборатории Жильбер, Франция",
    "active_component": "ТЕА-кокоилгидролизированный коллаген, Кокобетаин, ПЭГ 120-метилглюкозодиолеат",
    "qrcode": [
      3518646050138
    ],
    "url": "https://www.eapteka.ru/goods/id291998/"
  },
  {
    "name": "Метформин Лонг Канон, таблетки пролонгированного действия 1000 мг   60 шт",
    "producer": "Канонфарма продакшн ЗАО, Россия",
    "active_component": "Метформин",
    "qrcode": [
      4606486026990,
      4606486039358
    ],
    "url": "https://www.eapteka.ru/goods/id299353/"
  },
  {
    "name": "Диротон, таблетки 20 мг, 56 шт.",
    "producer": "Гедеон Рихтер-Рус, Россия",
    "active_component": "Лизиноприл",
    "qrcode": [
      4605469003010,
      4605469002570
    ],
    "url": "https://www.eapteka.ru/goods/id212673/"
  }
]