[
  {
    "name": "Стопдиар, суспензия для приема внутрь 220 мг/5 мл  90 мл 1 шт",
    "producer": "Гедеон Рихтер, Венгрия",
    "active_component": "Нифуроксазид",
    "qrcode": [
      5909990110810,
      5997001327128
    ],
    "url": "https://www.eapteka.ru/goods/id227275/"
  },
  {
    "name": "Транексам, таблетки покрыт.плен.об. 250 мг 30 шт",
    "producer": "Обнинская ХФК, Россия",
    "active_component": "Транексамовая кислота",
    "qrcode": [
      4607024942345
    ],
    "url": "https://www.eapteka.ru/goods/id234324/"
  },
  {
    "name": "Акридерм ГК, мазь для наружного применения   15 г 1 шт",
    "producer": "Акрихин ХФК АО, Россия",
    "active_component": "Бетаметазон, Гентамицин, Клотримазол",
    "qrcode": [
      4601969005585
    ],
    "url": "https://www.eapteka.ru/goods/id212697/"
  },
  {
    "name": "Вамлосет, таблетки покрыт.плен.об. 5 мг+160 мг 30 шт",
    "producer": "КРКА-РУС, Россия",
    "active_component": "Амлодипин, Валсартан",
    "qrcode": [
      4610017700716
    ],
    "url": "https://www.eapteka.ru/goods/id294104/"
  },
  {
    "name": "Мемантин-Вертекс таблетки покрыт.плен.об. 10 мг, 30 шт.",
    "producer": "Вертекс, Россия",
    "active_component": "Мемантин",
    "qrcode": [
      4607003248550,
      4607003332216,
      4670033322163
    ],
    "url": "https://www.eapteka.ru/goods/id294447/"
  },
  {
    "name": "Аэртал, порошок д/приг суспензии для приема внутрь 3г 20шт",
    "producer": "Индустриас Фармасеутикас Альмиралль С.А, Испания",
    "active_component": "Ацеклофенак",
    "qrcode": [
      5997001304396,
      "-"
    ],
    "url": "https://www.eapteka.ru/goods/id205917/"
  },
  {
    "name": "Компливит Кальций Д3 форте, таблетки жевательные мятные, 100 шт.",
    "producer": "Фармстандарт-УфаВИТА, Россия",
    "active_component": "Кальция карбонат, Колекальциферол",
    "qrcode": [
      4601808008180
    ],
    "url": "https://www.eapteka.ru/goods/id213432/"
  },
  {
    "name": "Элькар, гранулы шипучие д/приг р-ра д/приема внутрь   1000 мг 10 шт",
    "producer": "Е-Фарма Тренто, Италия",
    "active_component": "Левокарнитин",
    "qrcode": [
      4620013730051,
      4620013730129
    ],
    "url": "https://www.eapteka.ru/goods/id268697/"
  },
  {
    "name": "Лирта таблетки покрыт.плен.об. 75 мг, 30 шт.",
    "producer": "Алкалоид АД Скопье, Республика Северная Македония",
    "active_component": "Клопидогрел",
    "qrcode": [
      5310001214326
    ],
    "url": "https://www.eapteka.ru/goods/id359238/"
  },
  {
    "name": "Релиф Про крем ректальный 20 мг+1 мг/г, крем ректальный 20 мг+1 мг/г  10 г 1 шт",
    "producer": "Байер Биттерфельд ГмбХ, Германия",
    "active_component": "Лидокаин, Флуокортолон",
    "qrcode": [
      4250369505128,
      4250369508501
    ],
    "url": "https://www.eapteka.ru/goods/id274454/"
  },
  {
    "name": "Примаксетин, таблетки покрыт.плен.об. 30 мг 6 шт",
    "producer": "Алиум АО, Россия",
    "active_component": "Дапоксетин",
    "qrcode": [
      4605077012190,
      4605077015801
    ],
    "url": "https://www.eapteka.ru/goods/id280604/"
  },
  {
    "name": "Лориста, таблетки покрыт.плен.об. 100 мг 90 шт",
    "producer": "КРКА-РУС, Россия",
    "active_component": "Лозартан",
    "qrcode": [
      4607055131398
    ],
    "url": "https://www.eapteka.ru/goods/id221020/"
  },
  {
    "name": "Гутталакс, таблетки 5 мг 50 шт",
    "producer": "Дельфарм Реймс, Франция",
    "active_component": "Натрия пикосульфат",
    "qrcode": [
      9006968008073,
      3582910082569,
      3582910008256
    ],
    "url": "https://www.eapteka.ru/goods/id227536/"
  },
  {
    "name": "Динамико, таблетки покрыт.плен.об. 50 мг 1 шт.",
    "producer": "Плива Хрватска д.о.о., Хорватия",
    "active_component": "Силденафил",
    "qrcode": [
      3850114226776
    ],
    "url": "https://www.eapteka.ru/goods/id213408/"
  },
  {
    "name": "Бетаксолол таблетки покрыт. плен. об. 20 мг, 30 шт.",
    "producer": "МЭЗ, Россия",
    "active_component": "Бетаксолол",
    "qrcode": [
      4602676008258
    ],
    "url": "https://www.eapteka.ru/goods/id240953/"
  },
  {
    "name": "Экофурил, капсулы 200 мг   30 шт",
    "producer": "Авва Рус, Россия",
    "active_component": "Нифуроксазид",
    "qrcode": [
      4607003668808,
      4680020232528,
      4680020232375,
      4680020231644
    ],
    "url": "https://www.eapteka.ru/goods/id238244/"
  },
  {
    "name": "Хофитол, раствор для приема внутрь     1 шт",
    "producer": "Лаборатории МАЙОЛИ СПИНДЛЕР, Франция",
    "active_component": "Артишока листьев экстракт",
    "qrcode": [
      3760001050028
    ],
    "url": "https://www.eapteka.ru/goods/id125819/"
  },
  {
    "name": "Нимесил гранулы для пригот. сусп. для приема внутрь 100 мг пакетики 2 г, 9 шт.",
    "producer": "Лабораториос Менарини С.А., Испания",
    "active_component": "Нимесулид",
    "qrcode": [
      4013054003305
    ],
    "url": "https://www.eapteka.ru/goods/id205122/"
  },
  {
    "name": "Клиндацин, суппозитории вагинальные 100 мг 3 шт.",
    "producer": "Фармаприм, Молдова",
    "active_component": "Клиндамицин",
    "qrcode": [
      4601969005622,
      4840456002212,
      4601969009521
    ],
    "url": "https://www.eapteka.ru/goods/id207114/"
  },
  {
    "name": "Визаллергол, капли глазные 0,2 % 2,5 мл",
    "producer": "Сентисс Фарма Пвт.Лтд, Индия",
    "active_component": "Олопатадин",
    "qrcode": [
      8901236020102,
      8901236020109
    ],
    "url": "https://www.eapteka.ru/goods/id294295/"
  }
]