[
  {
    "name": "Омарон, таблетки   90 шт",
    "producer": "Нижфарм АО, Россия",
    "active_component": "Пирацетам, Циннаризин",
    "qrcode": [
      4607143560987,
      4601026302824
    ],
    "url": "https://www.eapteka.ru/goods/id210119/"
  },
  {
    "name": "Санпраз, таблетки 40 мг 10 шт",
    "producer": "Сан Фармасьютикал Индастриз Лтд, Индия",
    "active_component": "Пантопразол",
    "qrcode": [
      8901127010427
    ],
    "url": "https://www.eapteka.ru/goods/id217239/"
  },
  {
    "name": "Кестин, таблетки 10 мг 10 шт",
    "producer": "Алмирал С.А., Испания",
    "active_component": "Эбастин",
    "qrcode": [
      5450557010284,
      8430308587491
    ],
    "url": "https://www.eapteka.ru/goods/id204152/"
  },
  {
    "name": "Мизол Эвалар раствор для наружного применения 1 %, 20 мл",
    "producer": "Эвалар, Россия",
    "active_component": "Нафтифин",
    "qrcode": [
      4602242010043
    ],
    "url": "https://www.eapteka.ru/goods/id330135/"
  },
  {
    "name": "Лизоретик, таблетки 10 мг+12,5 мг, 28 шт.",
    "producer": "Ипка Лабораториз Лимитед, Индия",
    "active_component": "",
    "qrcode": [
      8901079004901
    ],
    "url": "https://www.eapteka.ru/goods/id226904/"
  },
  {
    "name": "Габапентин-СЗ капсулы 300 мг, 50 шт.",
    "producer": "Северная Звезда, Россия",
    "active_component": "Габапентин",
    "qrcode": [
      4690655025280
    ],
    "url": "https://www.eapteka.ru/goods/id514410/"
  },
  {
    "name": "Weleda бальзам для десен с шалфеем, 30 мл",
    "producer": "Веледа, Германия",
    "active_component": "",
    "qrcode": [
      4001638088060
    ],
    "url": "https://www.eapteka.ru/goods/id220419/"
  },
  {
    "name": "Адвантан, крем для наружного применения 0,1 % 15 г 1 шт",
    "producer": "ЛЕО Фарма Мануфэкчуринг Итали С.р.л, Италия",
    "active_component": "Метилпреднизолона ацепонат",
    "qrcode": [
      4260085520282,
      "-",
      5702191023442
    ],
    "url": "https://www.eapteka.ru/goods/id204225/"
  },
  {
    "name": "Эскейп, таблетки покрыт.плен.об. 120 мг 112 шт",
    "producer": "Фармстандарт-Лексредства, Россия",
    "active_component": "Висмута трикалия дицитрат",
    "qrcode": [
      4601669009838
    ],
    "url": "https://www.eapteka.ru/goods/id269320/"
  },
  {
    "name": "Тыквеол, капсулы     84 шт",
    "producer": "Европа-Биофарм, Россия",
    "active_component": "Тыквы обыкновенной семян масло",
    "qrcode": [
      4602932004789
    ],
    "url": "https://www.eapteka.ru/goods/id115142/"
  },
  {
    "name": "Небиволол, таблетки 5 мг 28 шт",
    "producer": "Изварино Фарма, Россия",
    "active_component": "Небиволол",
    "qrcode": [
      4660007702954
    ],
    "url": "https://www.eapteka.ru/goods/id266679/"
  },
  {
    "name": "Кавинтон Комфорте, таблетки диспергир. 10 мг 90 шт.",
    "producer": "Гедеон Рихтер, Венгрия",
    "active_component": "Винпоцетин",
    "qrcode": [
      5997001363782
    ],
    "url": "https://www.eapteka.ru/goods/id244662/"
  },
  {
    "name": "Кетоконазол, суппозитории вагинальные 400 мг 10 шт",
    "producer": "Авексима Сибирь, Россия",
    "active_component": "Кетоконазол",
    "qrcode": [
      4607100622208
    ],
    "url": "https://www.eapteka.ru/goods/id275732/"
  },
  {
    "name": "Исмиген, таблетки подъязычные 7 мг, 10 шт.",
    "producer": "Брускеттини, Италия",
    "active_component": "",
    "qrcode": [
      7640149723014,
      7640149720075,
      4601026307584
    ],
    "url": "https://www.eapteka.ru/goods/id227543/"
  },
  {
    "name": "Элькар, раствор для приема внутрь 100 мг/мл 5 10 шт",
    "producer": "Эллара, Россия",
    "active_component": "Левокарнитин",
    "qrcode": [
      4670008162343
    ],
    "url": "https://www.eapteka.ru/goods/id212504/"
  },
  {
    "name": "Ламолеп, таблетки 25 мг, 30 шт.",
    "producer": "Гедеон Рихтер, Венгрия",
    "active_component": "Ламотриджин",
    "qrcode": [
      5997001360491
    ],
    "url": "https://www.eapteka.ru/goods/id208690/"
  },
  {
    "name": "Нурофен Экспресс Форте, капсулы 400 мг 30 шт",
    "producer": "Рекитт Бенкизер Хелскер, Великобритания",
    "active_component": "Ибупрофен",
    "qrcode": [
      5000158107403
    ],
    "url": "https://www.eapteka.ru/goods/id512819/"
  },
  {
    "name": "Румикоз, капсулы 100 мг   6 шт",
    "producer": "Валента Фарм, Россия",
    "active_component": "Итраконазол",
    "qrcode": [
      4602193007598
    ],
    "url": "https://www.eapteka.ru/goods/id207292/"
  },
  {
    "name": "Аторис, таблетки покрыт.плен.об. 10 мг 90",
    "producer": "КРКА дд Ново место, Словения",
    "active_component": "Аторвастатин",
    "qrcode": [
      3838989596453
    ],
    "url": "https://www.eapteka.ru/goods/id206709/"
  },
  {
    "name": "Белогент, мазь для наружного применения 30 г   1 шт",
    "producer": "Белупо,лекарства и косметика д.д, Хорватия",
    "active_component": "Бетаметазон, Гентамицин",
    "qrcode": [
      3850343053617
    ],
    "url": "https://www.eapteka.ru/goods/id123889/"
  }
]