[
  {
    "name": "Ролитен, таблетки покрыт.плен.об. 2 мг 30 шт",
    "producer": "Сан Фармасьютикал Индастриз Лтд, Индия",
    "active_component": "Толтеродин",
    "qrcode": [
      4601764003243
    ],
    "url": "https://www.eapteka.ru/goods/id213325/"
  },
  {
    "name": "Телзап АМ, таблетки 10 мг+40 мг 28 шт",
    "producer": "Зентива к.с, Чешская Республика",
    "active_component": "Амлодипин, Телмисартан",
    "qrcode": [
      3664798012705
    ],
    "url": "https://www.eapteka.ru/goods/id354489/"
  },
  {
    "name": "Тромблесс, гель для наружного применения 50 г   1 шт",
    "producer": "Нижфарм АО, Россия",
    "active_component": "Гепарин натрия",
    "qrcode": [
      4601026305238
    ],
    "url": "https://www.eapteka.ru/goods/id211387/"
  },
  {
    "name": "Вимпат, таблетки покрыт.плен.об. 50 мг 14 шт",
    "producer": "Эйсика Фармасьютикалс ГмбХ, Германия",
    "active_component": "Лакосамид",
    "qrcode": [
      5413787006441
    ],
    "url": "https://www.eapteka.ru/goods/id212422/"
  },
  {
    "name": "Сермион, таблетки покрыт.об. 5 мг   30 шт",
    "producer": "Пфайзер Италия С.р.Л., Италия",
    "active_component": "Ницерголин",
    "qrcode": [
      4310030016,
      4607131045014,
      4601955000068,
      "-"
    ],
    "url": "https://www.eapteka.ru/goods/id30051/"
  },
  {
    "name": "Холитилин, капсулы 400 мг   14 шт",
    "producer": "Артлайф ООО, Россия",
    "active_component": "Холина альфосцерат",
    "qrcode": [
      4606492011942,
      4606486023234,
      4606492015490,
      4606486041603
    ],
    "url": "https://www.eapteka.ru/goods/id255988/"
  },
  {
    "name": "Налгезин форте, таблетки 550 мг 20 шт",
    "producer": "КРКА дд Ново место, Словения",
    "active_component": "Напроксен",
    "qrcode": [
      3838989665883,
      3838989736637
    ],
    "url": "https://www.eapteka.ru/goods/id327988/"
  },
  {
    "name": "Амиксин, таблетки 60 мг 10 шт",
    "producer": "Фармстандарт-Лексредства, Россия",
    "active_component": "Тилорон",
    "qrcode": [
      4601669009548,
      4602196002682
    ],
    "url": "https://www.eapteka.ru/goods/id205650/"
  },
  {
    "name": "Релиф, суппозитории ректальные     10 шт",
    "producer": "Институт де Ангели С.р.Л, Италия",
    "active_component": "Фенилэфрин",
    "qrcode": [
      4250369509034
    ],
    "url": "https://www.eapteka.ru/goods/id513276/"
  },
  {
    "name": "Тадалафил-СЗ, таблетки покрыт.плен.об. 20 мг 8 шт",
    "producer": "Северная Звезда, Россия",
    "active_component": "Тадалафил",
    "qrcode": [
      4690655018121
    ],
    "url": "https://www.eapteka.ru/goods/id314779/"
  },
  {
    "name": "Тромблесс Плюс, гель для наружного применения     1 шт",
    "producer": "Нижфарм АО, Россия",
    "active_component": "",
    "qrcode": [
      4601026306594
    ],
    "url": "https://www.eapteka.ru/goods/id266728/"
  },
  {
    "name": "Аторика табс таблетки покрыт.плен.об. 60 мг, 28 шт.",
    "producer": "Канонфарма продакшн ЗАО, Россия",
    "active_component": "Эторикоксиб",
    "qrcode": [
      4606486035329
    ],
    "url": "https://www.eapteka.ru/goods/id484582/"
  },
  {
    "name": "Тилорон-СЗ, таблетки покрыт.плен.об. 125 мг 10 шт",
    "producer": "Северная Звезда, Россия",
    "active_component": "Тилорон",
    "qrcode": [
      4690655019241
    ],
    "url": "https://www.eapteka.ru/goods/id355918/"
  },
  {
    "name": "Кармолис фитогель, детский для зубов и десен 20 г",
    "producer": "Др Шмидгалл, Австрия",
    "active_component": "",
    "qrcode": [
      9021600562225
    ],
    "url": "https://www.eapteka.ru/goods/id227035/"
  },
  {
    "name": "Кандидерм, крем для наружного применения 15 г 1 шт",
    "producer": "Гленмарк Фармасьютикалз Лтд, Индия",
    "active_component": "",
    "qrcode": [
      8904091100316
    ],
    "url": "https://www.eapteka.ru/goods/id220319/"
  },
  {
    "name": "Пумпан, капли для приема внутрь     1 шт",
    "producer": "Рихард Биттнер АГ, Австрия",
    "active_component": "Гомеопатический состав",
    "qrcode": [
      5350586000327,
      9005441075137
    ],
    "url": "https://www.eapteka.ru/goods/id18337/"
  },
  {
    "name": "Церетон, капсулы 400 мг   14 шт",
    "producer": "ФармФирма Сотекс, Россия",
    "active_component": "Холина альфосцерат",
    "qrcode": [
      4605964003102
    ],
    "url": "https://www.eapteka.ru/goods/id217962/"
  },
  {
    "name": "Бупивакаин Гриндекс Спинал р-р для интратекального введ. 5 мг/мл 4 мл амп, 5 шт.",
    "producer": "Гриндекс АО, Латвия",
    "active_component": "Бупивакаин",
    "qrcode": [
      4750232007426,
      4750232007440,
      "-"
    ],
    "url": "https://www.eapteka.ru/goods/id263116/"
  },
  {
    "name": "Бепантен, крем для наружного применения 5 % 30 г 1 шт",
    "producer": "ГП Гренцах Продукционс, Германия",
    "active_component": "Декспантенол",
    "qrcode": [
      4250369506651,
      4601907000054
    ],
    "url": "https://www.eapteka.ru/goods/id24047/"
  },
  {
    "name": "Ретасол, раствор для наружного применения 50 мл   1 шт",
    "producer": "Ретиноиды АО, Россия",
    "active_component": "Изотретиноин",
    "qrcode": [
      4601607000675
    ],
    "url": "https://www.eapteka.ru/goods/id209638/"
  }
]