[
  {
    "name": "Цель Т, таблетки   50 шт",
    "producer": "Biologische Heilmittel Heel, Германия",
    "active_component": "Гомеопатический состав",
    "qrcode": [
      4601654000369,
      4047642015012
    ],
    "url": "https://www.eapteka.ru/goods/id22986/"
  },
  {
    "name": "Клацид СР таблетки с пролонг.высвобож покрыт.плен.об 500 мг, 7 шт.",
    "producer": "ЭббВи С.р.Л., Италия",
    "active_component": "Кларитромицин",
    "qrcode": [
      8002660027054,
      8002660020062,
      5013158773684
    ],
    "url": "https://www.eapteka.ru/goods/id208182/"
  },
  {
    "name": "Де-Нол, таблетки   56 шт",
    "producer": "ФКП Армавирская биофабрика, Россия",
    "active_component": "Висмута трикалия дицитрат",
    "qrcode": [
      4606556001872,
      4606556002190,
      4670012460541,
      4607098451705
    ],
    "url": "https://www.eapteka.ru/goods/id34191/"
  },
  {
    "name": "Ко-Перинева, таблетки 1,25+4 мг, 30 шт",
    "producer": "КРКА-РУС, Россия",
    "active_component": "Индапамид, Периндоприл",
    "qrcode": [
      4607055133330
    ],
    "url": "https://www.eapteka.ru/goods/id212651/"
  },
  {
    "name": "Хилак форте, капли для приема внутрь 100 мл 1 шт",
    "producer": "Меркле ГмбХ, Германия",
    "active_component": "",
    "qrcode": [
      4030096119641,
      4030096123747
    ],
    "url": "https://www.eapteka.ru/goods/id300020/"
  },
  {
    "name": "Лоринден С, мазь 15 г",
    "producer": "Ельфа Фармзавод, Польша",
    "active_component": "Клиохинол, Флуметазон",
    "qrcode": [
      5904398427027
    ],
    "url": "https://www.eapteka.ru/goods/id34653/"
  },
  {
    "name": "Глибомет, таблетки покрыт.плен.об. 2,5 мг+400 мг 40 шт",
    "producer": "Берлин-Хеми АГ, Германия",
    "active_component": "Глибенкламид, Метформин",
    "qrcode": [
      4013054001912
    ],
    "url": "https://www.eapteka.ru/goods/id203948/"
  },
  {
    "name": "Детрагель гель для наружного применения, 40 г",
    "producer": "Босналек, Босния и Герцеговина",
    "active_component": "Гепарин натрия, Фосфолипиды, Эсцин",
    "qrcode": [
      3870010006456
    ],
    "url": "https://www.eapteka.ru/goods/id335896/"
  },
  {
    "name": "Фенистил Эмульсия от зуда и раздражения кожи, эмульсия для наружного применения 0,1 % 8 мл 1 шт",
    "producer": "ГСК Консьюмер Хелскер С.А., Швейцария",
    "active_component": "Диметинден",
    "qrcode": [
      4607045192064,
      4602233007335
    ],
    "url": "https://www.eapteka.ru/goods/id219617/"
  },
  {
    "name": "Клостилбегит, таблетки 50 мг, 10 шт.",
    "producer": "ЭГИС, Венгрия",
    "active_component": "Кломифен",
    "qrcode": [
      5995327177014
    ],
    "url": "https://www.eapteka.ru/goods/id21806/"
  },
  {
    "name": "Феназалгин таблетки покрыт. плен. об. 100 мг, таблетки покрыт.плен.об. 100 мг 12 шт",
    "producer": "Обнинская ХФК, Россия",
    "active_component": "Феназопиридин",
    "qrcode": [
      4607024946381
    ],
    "url": "https://www.eapteka.ru/goods/id496812/"
  },
  {
    "name": "Лоринден А, мазь 15 г",
    "producer": "Ельфа Фармзавод, Польша",
    "active_component": "Салициловая кислота, Флуметазон",
    "qrcode": [
      5904398425023
    ],
    "url": "https://www.eapteka.ru/goods/id34444/"
  },
  {
    "name": "Аргосульфан, крем для наружного применения 2 % 40 г 1 шт",
    "producer": "Ельфа Фармзавод, Польша",
    "active_component": "Сульфатиазол серебра",
    "qrcode": [
      5904398401027
    ],
    "url": "https://www.eapteka.ru/goods/id34628/"
  },
  {
    "name": "Триметазидин МВ, таблетки пролонгированного действия 35 мг   60 шт",
    "producer": "Изварино Фарма, Россия",
    "active_component": "Триметазидин",
    "qrcode": [
      4660007703562
    ],
    "url": "https://www.eapteka.ru/goods/id297055/"
  },
  {
    "name": "Ницерголин, таблетки покрыт.об. 10 мг   30 шт",
    "producer": "Авва Рус, Россия",
    "active_component": "Ницерголин",
    "qrcode": [
      4680020232061
    ],
    "url": "https://www.eapteka.ru/goods/id506534/"
  },
  {
    "name": "Эспа-Бастин, таблетки покрыт.плен.об.   10 шт",
    "producer": "Эдванс Фарма ГмбХ, Германия",
    "active_component": "Эбастин",
    "qrcode": [
      4029438020158
    ],
    "url": "https://www.eapteka.ru/goods/id330077/"
  },
  {
    "name": "Тулип, таблетки покрыт.плен.об. 10 мг 90 шт",
    "producer": "Лек д.д., Словения",
    "active_component": "Аторвастатин",
    "qrcode": [
      4630009510222
    ],
    "url": "https://www.eapteka.ru/goods/id214955/"
  },
  {
    "name": "Депантол, суппозитории вагинальные, 10 шт.",
    "producer": "Нижфарм АО, Россия",
    "active_component": "Декспантенол, Хлоргексидин",
    "qrcode": [
      4601026308918,
      4601026305412
    ],
    "url": "https://www.eapteka.ru/goods/id210037/"
  },
  {
    "name": "Ивинак-СОЛОфарм, капли глазные 0,09 % 5 мл",
    "producer": "Гротекс ООО, Россия",
    "active_component": "Бромфенак",
    "qrcode": [
      4630098000598
    ],
    "url": "https://www.eapteka.ru/goods/id502838/"
  },
  {
    "name": "Трубекс гель от рубцов для наружного применения туба, 50 мл",
    "producer": "Эско-Фарм, Армения",
    "active_component": "",
    "qrcode": [
      4850006882096
    ],
    "url": "https://www.eapteka.ru/goods/id506019/"
  }
]