[
  {
    "name": "Эспа-Бастин, таблетки покрыт.плен.об.   10 шт",
    "producer": "Эдванс Фарма ГмбХ, Германия",
    "active_component": "Эбастин",
    "qrcode": [
      4029438020158
    ],
    "url": "https://www.eapteka.ru/goods/id330077/"
  },
  {
    "name": "Тулип, таблетки покрыт.плен.об. 10 мг 90 шт",
    "producer": "Лек д.д., Словения",
    "active_component": "Аторвастатин",
    "qrcode": [
      4630009510222
    ],
    "url": "https://www.eapteka.ru/goods/id214955/"
  },
  {
    "name": "Депантол, суппозитории вагинальные, 10 шт.",
    "producer": "Нижфарм АО, Россия",
    "active_component": "Декспантенол, Хлоргексидин",
    "qrcode": [
      4601026308918,
      4601026305412
    ],
    "url": "https://www.eapteka.ru/goods/id210037/"
  },
  {
    "name": "Ивинак-СОЛОфарм, капли глазные 0,09 % 5 мл",
    "producer": "Гротекс ООО, Россия",
    "active_component": "Бромфенак",
    "qrcode": [
      4630098000598
    ],
    "url": "https://www.eapteka.ru/goods/id502838/"
  },
  {
    "name": "Трубекс гель от рубцов для наружного применения туба, 50 мл",
    "producer": "Эско-Фарм, Армения",
    "active_component": "",
    "qrcode": [
      4850006882096
    ],
    "url": "https://www.eapteka.ru/goods/id506019/"
  },
  {
    "name": "Ницерголин, таблетки покрыт.об. 10 мг   30 шт",
    "producer": "Оболенское ФП АО, Россия",
    "active_component": "Ницерголин",
    "qrcode": [
      4605077000999,
      4605077014996
    ],
    "url": "https://www.eapteka.ru/goods/id229515/"
  },
  {
    "name": "Диосмин+Гесперидин Вертекс таблетки покрыт.плен.об. 500 мг, 30 шт.",
    "producer": "Вертекс, Россия",
    "active_component": "Очищенная микронизированная флавоноидная фракция (диосмин ,  флавоноиды в пересчете на гесперидин)",
    "qrcode": [
      4670033321616
    ],
    "url": "https://www.eapteka.ru/goods/id513569/"
  },
  {
    "name": "Фромилид уно, таблетки пролонгированного действия 500 мг   14 шт",
    "producer": "КРКА дд Ново место, Словения",
    "active_component": "Кларитромицин",
    "qrcode": [
      3838989622732
    ],
    "url": "https://www.eapteka.ru/goods/id208356/"
  },
  {
    "name": "Тербинафин-Тева, таблетки 250 мг 14 шт",
    "producer": "Тева Фармацевтические Предприятия Лтд, Израиль",
    "active_component": "Тербинафин",
    "qrcode": [
      7290102065424
    ],
    "url": "https://www.eapteka.ru/goods/id213448/"
  },
  {
    "name": "Ренни апельсин, таблетки жевательные 680 мг+80 мг  48 шт",
    "producer": "Байер Биттерфельд ГмбХ, Германия",
    "active_component": "Кальция карбонат, Магния карбонат",
    "qrcode": [
      4250369504329
    ],
    "url": "https://www.eapteka.ru/goods/id224846/"
  },
  {
    "name": "Белосалик лосьон р-р для наружного применения фл-кап, 50 мл",
    "producer": "Белупо,лекарства и косметика д.д, Хорватия",
    "active_component": "Бетаметазон, Салициловая кислота",
    "qrcode": [
      3850343060271
    ],
    "url": "https://www.eapteka.ru/goods/id123892/"
  },
  {
    "name": "Креон 25000, капсулы кишечнорастворимые 25000 ед 20 шт",
    "producer": "Эбботт Лэбораториз ГмбХ, Германия",
    "active_component": "Панкреатин",
    "qrcode": [
      4032128011343,
      4620011583611,
      8002660019387,
      "-"
    ],
    "url": "https://www.eapteka.ru/goods/id203731/"
  },
  {
    "name": "Ингавирин, капсулы 60 мг 10 шт",
    "producer": "Валента Фарм, Россия",
    "active_component": "Имидазолилэтанамид пентандиовой кислоты",
    "qrcode": [
      4602193012547
    ],
    "url": "https://www.eapteka.ru/goods/id336664/"
  },
  {
    "name": "Афлодерм, мазь для наружного применения 0,05 % 20 г 1 шт",
    "producer": "Белупо,лекарства и косметика д.д, Хорватия",
    "active_component": "Алклометазон",
    "qrcode": [
      3850343035422
    ],
    "url": "https://www.eapteka.ru/goods/id204450/"
  },
  {
    "name": "Телзап, таблетки 80 мг 30 шт",
    "producer": "Санофи Илач Санайи ве Тиджарет А.Ш., Турция",
    "active_component": "Телмисартан",
    "qrcode": [
      3582910078555,
      3664798038811,
      3582910091158
    ],
    "url": "https://www.eapteka.ru/goods/id294613/"
  },
  {
    "name": "Берлитион 300 концентрат д/приг р-ра для инфузий 25 мг/мл 12 мл амп, 5 шт.",
    "producer": "ЭВЕР Фарма Йена ГмбХ, Германия",
    "active_component": "Тиоктовая кислота",
    "qrcode": [
      4013054008669
    ],
    "url": "https://www.eapteka.ru/goods/id22380/"
  },
  {
    "name": "Итраконазол капсулы 100 мг, 14 шт.",
    "producer": "Биоком ЗАО, Россия",
    "active_component": "Итраконазол",
    "qrcode": [
      4605949001482
    ],
    "url": "https://www.eapteka.ru/goods/id218727/"
  },
  {
    "name": "Кандид, раствор наружный 1% , 20 мл",
    "producer": "Гленмарк Фармасьютикалз Лтд, Индия",
    "active_component": "Клотримазол",
    "qrcode": [
      8904091112012
    ],
    "url": "https://www.eapteka.ru/goods/id124670/"
  },
  {
    "name": "Бускопан, таблетки 10 мг 20 шт",
    "producer": "Дельфарм Реймс, Франция",
    "active_component": "Гиосцина бутилбромид",
    "qrcode": [
      3582910082491,
      9006968001692
    ],
    "url": "https://www.eapteka.ru/goods/id102481/"
  },
  {
    "name": "Эрсефурил, капсулы 200 мг   14 шт",
    "producer": "Делфарм Дижон, Франция",
    "active_component": "Нифуроксазид",
    "qrcode": [
      3582910046257
    ],
    "url": "https://www.eapteka.ru/goods/id103552/"
  }
]