[
  {
    "name": "Циннаризин, таблетки 25 мг 50 шт",
    "producer": "Биосинтез, Россия",
    "active_component": "Циннаризин",
    "qrcode": [
      4602884005568,
      4602884010401
    ],
    "url": "https://www.eapteka.ru/goods/id44322/"
  },
  {
    "name": "Ципрофлоксацин, таблетки покрыт.плен.об. 500 мг 10 шт",
    "producer": "Рафарма АО, Россия",
    "active_component": "Ципрофлоксацин",
    "qrcode": [
      4660007814732
    ],
    "url": "https://www.eapteka.ru/goods/id512610/"
  },
  {
    "name": "Дентагуттал, капли зубные 10 мл 1 шт",
    "producer": "Московская ФФ, Россия",
    "active_component": "",
    "qrcode": [
      4601429004059
    ],
    "url": "https://www.eapteka.ru/goods/id222165/"
  },
  {
    "name": "Камфорное масло, раствор для наружного применения 30 мл 1 шт",
    "producer": "Йодные технологии и маркетинг, Россия",
    "active_component": "Камфора",
    "qrcode": [
      4605404001774,
      4605404003464
    ],
    "url": "https://www.eapteka.ru/goods/id234393/"
  },
  {
    "name": "Лизиноприл-АЛСИ таблетки 10 мг, 20 шт.",
    "producer": "Алси Фарма, Россия",
    "active_component": "Лизиноприл",
    "qrcode": [
      4607011634208
    ],
    "url": "https://www.eapteka.ru/goods/id329898/"
  },
  {
    "name": "Индапамид ретард-АЛСИ таблетки с пролонг.высвобож покрыт.плен.об 1,5 мг, 30 шт.",
    "producer": "Алси Фарма, Россия",
    "active_component": "Индапамид",
    "qrcode": [
      4607011634574
    ],
    "url": "https://www.eapteka.ru/goods/id329897/"
  },
  {
    "name": "Пустырник, настойка     1 шт",
    "producer": "Гиппократ, Россия",
    "active_component": "Пустырника трава",
    "qrcode": [
      4607007360050
    ],
    "url": "https://www.eapteka.ru/goods/id233528/"
  },
  {
    "name": "Диклофенак, суппозитории ректальные 50 мг 10 шт",
    "producer": "Биосинтез, Россия",
    "active_component": "Диклофенак",
    "qrcode": [
      4602884008798
    ],
    "url": "https://www.eapteka.ru/goods/id234063/"
  },
  {
    "name": "Фаспик, таблетки покрыт.об. 400 мг 6 шт",
    "producer": "Zambon SpA Italia, Италия",
    "active_component": "Ибупрофен",
    "qrcode": [
      4603619000513
    ],
    "url": "https://www.eapteka.ru/goods/id210529/"
  },
  {
    "name": "Цефтриаксон-АКОС, порошок д/приг.р-ра для в/в и в/м введ. 2 г фл 50 шт",
    "producer": "Синтез ОАО, Россия",
    "active_component": "Цефтриаксон",
    "qrcode": [
      4602565014230,
      104602565031,
      4602565031633,
      "-",
      "*",
      4602565031602
    ],
    "url": "https://www.eapteka.ru/goods/id219722/"
  },
  {
    "name": "Бифидумбактерин, капсулы 5 доз 10 шт",
    "producer": "Экополис, Россия",
    "active_component": "Бифидобактерии бифидум",
    "qrcode": [
      4607007170246
    ],
    "url": "https://www.eapteka.ru/goods/id235213/"
  },
  {
    "name": "Звездочка Ноз, спрей назальный 0,1 % 15 мл 1 шт",
    "producer": "Данафа Фармасьютикал Джойнт, Вьетнам",
    "active_component": "Ксилометазолин",
    "qrcode": [
      8934901810289
    ],
    "url": "https://www.eapteka.ru/goods/id221647/"
  },
  {
    "name": "Варфарин Канон таблетки 2,5 мг, 50 шт.",
    "producer": "Канонфарма продакшн ЗАО, Россия",
    "active_component": "Варфарин",
    "qrcode": [
      4606486003984,
      4606486026785
    ],
    "url": "https://www.eapteka.ru/goods/id212340/"
  },
  {
    "name": "Линимент бальзамический (по Вишневскому), линимент 30 г   1 шт",
    "producer": "Тульская фармфабрика, Россия",
    "active_component": "Деготь, Трибромфенолята висмута и Висмута оксида комплекс",
    "qrcode": [
      4603905002696
    ],
    "url": "https://www.eapteka.ru/goods/id234014/"
  },
  {
    "name": "Фукорцин, раствор для наружного применения   25 мл 1 шт",
    "producer": "Самарамедпром, Россия",
    "active_component": "",
    "qrcode": [
      4603933000695,
      4603933007212,
      "-"
    ],
    "url": "https://www.eapteka.ru/goods/id241837/"
  },
  {
    "name": "Декарис, таблетки 150 мг, 1 шт.",
    "producer": "Гедеон Рихтер, Венгрия",
    "active_component": "Левамизол",
    "qrcode": [
      5997001380369,
      5997001326800
    ],
    "url": "https://www.eapteka.ru/goods/id21906/"
  },
  {
    "name": "Омепразол-Тева, капсулы кишечнорастворимые 10 мг 28 шт",
    "producer": "Тева Фарма, С.Л.У., Испания",
    "active_component": "Омепразол",
    "qrcode": [
      3850114230841
    ],
    "url": "https://www.eapteka.ru/goods/id229088/"
  },
  {
    "name": "Натрия тиосульфат, раствор для инъекций 30 % 10 мл 10 шт",
    "producer": "Дальхимфарм, Россия",
    "active_component": "Натрия тиосульфат",
    "qrcode": [
      4602824023591,
      4602824023614
    ],
    "url": "https://www.eapteka.ru/goods/id52944/"
  },
  {
    "name": "Хлоргексидин Renewal, раствор для местного применения 0,05 % 10 мл 10 шт",
    "producer": "Обновление ПФК АО, Россия",
    "active_component": "Хлоргексидин",
    "qrcode": [
      4603988016412
    ],
    "url": "https://www.eapteka.ru/goods/id494982/"
  },
  {
    "name": "Амлодипин-АЛСИ, таблетки 10 мг, 30 шт.",
    "producer": "Алси Фарма, Россия",
    "active_component": "Амлодипин",
    "qrcode": [
      4607011634826
    ],
    "url": "https://www.eapteka.ru/goods/id329892/"
  }
]