[
  {
    "name": "Липримар, таблетки покрыт.плен.об. 10 мг 100 шт",
    "producer": "Пфайзер, Пуэрто-Рико",
    "active_component": "Аторвастатин",
    "qrcode": [
      4607131042327
    ],
    "url": "https://www.eapteka.ru/goods/id23602/"
  },
  {
    "name": "Эстровэл, капсулы 520 мг 30 шт.",
    "producer": "ВТФ ООО, Россия",
    "active_component": "",
    "qrcode": [
      4607013589247,
      4630039903094
    ],
    "url": "https://www.eapteka.ru/goods/id267814/"
  },
  {
    "name": "Акридерм ГК, крем для наружного применения 0,05%+0,1%+1% 15 г",
    "producer": "Акрихин ХФК АО, Россия",
    "active_component": "Бетаметазон, Гентамицин, Клотримазол",
    "qrcode": [
      4601969004441
    ],
    "url": "https://www.eapteka.ru/goods/id206193/"
  },
  {
    "name": "Траумель С, капли для приема внутрь     1 шт",
    "producer": "Biologische Heilmittel Heel, Германия",
    "active_component": "Гомеопатический состав",
    "qrcode": [
      4601654000086,
      4047642014879
    ],
    "url": "https://www.eapteka.ru/goods/id22963/"
  },
  {
    "name": "Фелодипин, таблетки пролонгированного действия 10 мг   30 шт",
    "producer": "Озон, Россия",
    "active_component": "Фелодипин",
    "qrcode": [
      "-",
      4680020181604,
      4680020185466
    ],
    "url": "https://www.eapteka.ru/goods/id484706/"
  },
  {
    "name": "Лориста НД, таблетки покрыт.плен.об. 100 мг+25 мг 30 шт",
    "producer": "КРКА-РУС, Россия",
    "active_component": "Гидрохлоротиазид, Лозартан",
    "qrcode": [
      3838989541361,
      4607055135822
    ],
    "url": "https://www.eapteka.ru/goods/id210617/"
  },
  {
    "name": "Кординик, таблетки 10 мг 60 шт",
    "producer": "Пик-Фарма, Россия",
    "active_component": "Никорандил",
    "qrcode": [
      4650057490352,
      4630016120070
    ],
    "url": "https://www.eapteka.ru/goods/id220961/"
  },
  {
    "name": "Висмута трикалия дицитрат таблетки покрыт.плен.об. 120 мг, 120 шт.",
    "producer": "Озон, Россия",
    "active_component": "Висмута трикалия дицитрат",
    "qrcode": [
      4680020184056
    ],
    "url": "https://www.eapteka.ru/goods/id484673/"
  },
  {
    "name": "Эрмиталь, капсулы 25000 ед   50 шт",
    "producer": "Нордмарк Фарма ГмбХ, Германия",
    "active_component": "Панкреатин",
    "qrcode": [
      4260142420067,
      4260142420364
    ],
    "url": "https://www.eapteka.ru/goods/id210654/"
  },
  {
    "name": "Гепатрин, капсулы 330 мг, 60 шт.",
    "producer": "Эвалар, Россия",
    "active_component": "",
    "qrcode": [
      4602242003359
    ],
    "url": "https://www.eapteka.ru/goods/id217930/"
  },
  {
    "name": "Имунофан раствор для в/м и п/к введ. 45 мкг/мл 1 мл амп, 5 шт.",
    "producer": "МЭЗ, Россия",
    "active_component": "Аргинил-альфа-аспартил-лизил-валил-тирозил-аргинин",
    "qrcode": [
      4602186000117,
      4602186000223,
      4602186000018
    ],
    "url": "https://www.eapteka.ru/goods/id124607/"
  },
  {
    "name": "Постеризан-форте, мазь для наружного применения 25 г   1 шт",
    "producer": "Др Каде, Германия",
    "active_component": "Кишечные палочки",
    "qrcode": [
      4043027240024
    ],
    "url": "https://www.eapteka.ru/goods/id23354/"
  },
  {
    "name": "Лозап таблетки покрыт.плен.об 100 мг, 90 шт.",
    "producer": "Санека Фармасьютикалс а.с., Словакия",
    "active_component": "Лозартан",
    "qrcode": [
      8584005033499,
      3582910090717,
      3664798046731
    ],
    "url": "https://www.eapteka.ru/goods/id212617/"
  },
  {
    "name": "Эспумизан Бэби, капли для приема внутрь 100 мг/мл 30 мл 1 шт",
    "producer": "Берлин-Хеми АГ, Германия",
    "active_component": "Симетикон",
    "qrcode": [
      4013054017487
    ],
    "url": "https://www.eapteka.ru/goods/id249356/"
  },
  {
    "name": "Л-Карнитин Ромфарм раствор для в/в введ. 200 мг/мл 5 мл амп, 5 шт.",
    "producer": "К.О.Ромфарм Компани С.Р.Л., Румыния",
    "active_component": "Левокарнитин",
    "qrcode": [
      5944728001855
    ],
    "url": "https://www.eapteka.ru/goods/id504284/"
  },
  {
    "name": "Бетагистин таблетки 24 мг, 60 шт.",
    "producer": "Рафарма АО, Россия",
    "active_component": "Бетагистин",
    "qrcode": [
      4660007812547
    ],
    "url": "https://www.eapteka.ru/goods/id512592/"
  },
  {
    "name": "Калгель, гель стоматологический 10 г",
    "producer": "ГлаксоСмитКляйн Фармасьютикалз С.А., Польша",
    "active_component": "Лидокаин, Цетилпиридиния хлорид",
    "qrcode": [
      5900008011358,
      4607008133417
    ],
    "url": "https://www.eapteka.ru/goods/id21084/"
  },
  {
    "name": "Адвантан, мазь для наружного применения 0,1 % 15 г 1 шт",
    "producer": "ЛЕО Фарма Мануфэкчуринг Итали С.р.л, Италия",
    "active_component": "Метилпреднизолона ацепонат",
    "qrcode": [
      4260085520268,
      "-",
      5702191023428
    ],
    "url": "https://www.eapteka.ru/goods/id25326/"
  },
  {
    "name": "Аллапинин, таблетки 25 мг, 30 шт.",
    "producer": "Фармцентр ВИЛАР АО, Россия",
    "active_component": "Лаппаконитина гидробромид",
    "qrcode": [
      4602329000608,
      4602329001643
    ],
    "url": "https://www.eapteka.ru/goods/id47420/"
  },
  {
    "name": "Труксал, таблетки покрыт.плен.об. 50 мг 50 шт",
    "producer": "Х. Лундбек А/О, Дания",
    "active_component": "Хлорпротиксен",
    "qrcode": [
      5702157177301
    ],
    "url": "https://www.eapteka.ru/goods/id204004/"
  }
]