[
  {
    "name": "Экзодерил, раствор для наружного применения 1 % 10 мл 1 шт",
    "producer": "Глобофарм фармацойтише Продуктьонс, Австралия",
    "active_component": "Нафтифин",
    "qrcode": [
      9002260012091,
      "-",
      7613421039226
    ],
    "url": "https://www.eapteka.ru/goods/id17652/"
  },
  {
    "name": "Амиксин, таблетки   6 шт",
    "producer": "Фармстандарт-Лексредства, Россия",
    "active_component": "Тилорон",
    "qrcode": [
      4602196002699,
      4601669009562
    ],
    "url": "https://www.eapteka.ru/goods/id54172/"
  },
  {
    "name": "Риалтрис Моно спрей назальный дозированный 50 мкг/доза 120 доз, спрей назальный 50 мкг/доза 120 доз 1 шт",
    "producer": "Гленмарк Фармасьютикалз Лтд, Индия",
    "active_component": "Мометазон",
    "qrcode": [
      7640223730051
    ],
    "url": "https://www.eapteka.ru/goods/id513715/"
  },
  {
    "name": "Хиломакс-Комод, капли глазные     1 шт",
    "producer": "Хемомонт Д.О.О, Черногория",
    "active_component": "Натрия гиалуронат",
    "qrcode": [
      4031626710789
    ],
    "url": "https://www.eapteka.ru/goods/id213621/"
  },
  {
    "name": "Релиф, мазь для наружного применения 28,4 г 1 шт",
    "producer": "Байер Биттерфельд ГмбХ, Германия",
    "active_component": "Фенилэфрин",
    "qrcode": [
      4250369503025,
      4250369508518
    ],
    "url": "https://www.eapteka.ru/goods/id205116/"
  },
  {
    "name": "Спазмекс, таблетки 5 мг 30 шт",
    "producer": "Др Пфлегер, Германия",
    "active_component": "Троспия хлорид",
    "qrcode": [
      4028305000064
    ],
    "url": "https://www.eapteka.ru/goods/id125545/"
  },
  {
    "name": "Эголанза, таблетки покрыт.плен.об. 5 мг 28 шт",
    "producer": "ЭГИС, Венгрия",
    "active_component": "Оланзапин",
    "qrcode": [
      5995327134406
    ],
    "url": "https://www.eapteka.ru/goods/id215032/"
  },
  {
    "name": "Вольтарен Эмульгель, гель для наружного применения 2 % 50 г",
    "producer": "ГСК Консьюмер Хелскер С.А., Швейцария",
    "active_component": "Диклофенак",
    "qrcode": [
      4607045192125
    ],
    "url": "https://www.eapteka.ru/goods/id226910/"
  },
  {
    "name": "Рабиет, капсулы кишечнорастворимые 20 мг   28 шт",
    "producer": "Оболенское ФП АО, Россия",
    "active_component": "Рабепразол",
    "qrcode": [
      4605077010271,
      4605077015047
    ],
    "url": "https://www.eapteka.ru/goods/id274723/"
  },
  {
    "name": "Зодак экспресс таблетки покрыт.плен.об. 5 мг 28 шт, 28 шт.",
    "producer": "Зентива к.с, Чешская Республика",
    "active_component": "Левоцетиризин",
    "qrcode": [
      3582910068525,
      8594739224629
    ],
    "url": "https://www.eapteka.ru/goods/id226942/"
  },
  {
    "name": "Паклитаксел-Эбеве, концентрат д/приг р-ра для инфузий 6 мг/мл 5 мл 1 шт",
    "producer": "Эбеве Фарма, Австрия",
    "active_component": "Паклитаксел",
    "qrcode": [
      9088881320722,
      7613421038441
    ],
    "url": "https://www.eapteka.ru/goods/id17752/"
  },
  {
    "name": "Тамсулозин-OBL, капсулы с модифицированным высвобождением 0,4 мг   30 шт",
    "producer": "Оболенское ФП АО, Россия",
    "active_component": "Тамсулозин",
    "qrcode": [
      4605077007820,
      4605077014781
    ],
    "url": "https://www.eapteka.ru/goods/id243457/"
  },
  {
    "name": "Эгаллохит крем восстанавливающий, 30 г",
    "producer": "ГлобалКос, Россия",
    "active_component": "",
    "qrcode": [
      4620038430059
    ],
    "url": "https://www.eapteka.ru/goods/id513745/"
  },
  {
    "name": "Амприлан, таблетки 10 мг, 30 шт.",
    "producer": "КРКА дд Ново место, Словения",
    "active_component": "Рамиприл",
    "qrcode": [
      3838989515270
    ],
    "url": "https://www.eapteka.ru/goods/id209735/"
  },
  {
    "name": "Сейзар, таблетки 25 мг 30 шт",
    "producer": "Алкалоид АД Скопье, Республика Северная Македония",
    "active_component": "Ламотриджин",
    "qrcode": [
      5310001155261
    ],
    "url": "https://www.eapteka.ru/goods/id212324/"
  },
  {
    "name": "Ламитор, таблетки 50 мг, 30 шт.",
    "producer": "Торрент Фармасьютикалс Лтд, Индия",
    "active_component": "Ламотриджин",
    "qrcode": [
      4602656001156,
      8903855028873
    ],
    "url": "https://www.eapteka.ru/goods/id227857/"
  },
  {
    "name": "Омнитроп Пен 10 ручка-инжектор, 1 шт.",
    "producer": "Сандоз ГмбХ, Австрия",
    "active_component": "",
    "qrcode": [
      9002260020287
    ],
    "url": "https://www.eapteka.ru/goods/id269333/"
  },
  {
    "name": "Розувастатин-СЗ, таблетки покрыт.плен.об. 5 мг 90 шт",
    "producer": "Северная Звезда, Россия",
    "active_component": "Розувастатин",
    "qrcode": [
      4690655014697
    ],
    "url": "https://www.eapteka.ru/goods/id512568/"
  },
  {
    "name": "Цитозар НоваМедика лиофилизат для пригот. р-ра для иньекций 500 мг, флаконы 1шт.+р-ль ампулы",
    "producer": "Актавис Италия С.п.А., Италия",
    "active_component": "Цитарабин",
    "qrcode": [
      4680043210022
    ],
    "url": "https://www.eapteka.ru/goods/id490247/"
  },
  {
    "name": "Дермовейт, крем для наружного применения 0,05% 25 г",
    "producer": "ГлаксоСмитКляйн Фармасьютикалз С.А., Польша",
    "active_component": "Клобетазол",
    "qrcode": [
      4607008133264,
      5900008011242
    ],
    "url": "https://www.eapteka.ru/goods/id21049/"
  }
]