[
  {
    "name": "Афлубин, капли для приема внутрь , 50 мл",
    "producer": "Рихард Биттнер АГ, Австрия",
    "active_component": "Гомеопатический состав",
    "qrcode": [
      5350586000228,
      9005441075014
    ],
    "url": "https://www.eapteka.ru/goods/id18297/"
  },
  {
    "name": "Бетасерк таблетки 24 мг, 20 шт.",
    "producer": "Верофарм АО, Россия",
    "active_component": "Бетагистин",
    "qrcode": [
      8002660026286,
      4620011583840,
      3760008320216,
      4620011584366
    ],
    "url": "https://www.eapteka.ru/goods/id204970/"
  },
  {
    "name": "Найз Активгель гель для наружного применения 1%, 100 г",
    "producer": "Д-р Редди`с, Индия",
    "active_component": "Нимесулид",
    "qrcode": [
      8901148255715,
      8901148324159
    ],
    "url": "https://www.eapteka.ru/goods/id511521/"
  },
  {
    "name": "Ксизал, таблетки 5 мг 10 шт",
    "producer": "ЮСБ Фаршим С.А., Швейцария",
    "active_component": "Левоцетиризин",
    "qrcode": [
      4603149000472,
      5413787104642
    ],
    "url": "https://www.eapteka.ru/goods/id207763/"
  },
  {
    "name": "Лостерин Цинко-нафталановая паста, 50 мл",
    "producer": "АС-КОМ НПК, Россия",
    "active_component": "",
    "qrcode": [
      4607041293161,
      4607041292447
    ],
    "url": "https://www.eapteka.ru/goods/id509585/"
  },
  {
    "name": "Октреотид, ампулы 0.01%, 1 мл, 5 шт.",
    "producer": "Фарм-Синтез, Россия",
    "active_component": "Октреотид",
    "qrcode": [
      4603469000053
    ],
    "url": "https://www.eapteka.ru/goods/id204205/"
  },
  {
    "name": "Бронхипрет ТП, таблетки покрыт.плен.об. 20 шт",
    "producer": "Роттендорф Фарма ГмбХ, Германия",
    "active_component": "",
    "qrcode": [
      4029799131753
    ],
    "url": "https://www.eapteka.ru/goods/id209974/"
  },
  {
    "name": "Сувардио, таблетки покрыт.плен.об. 10 мг 28 шт",
    "producer": "Лек д.д., Словения",
    "active_component": "Розувастатин",
    "qrcode": [
      3838957078158,
      3838957099368
    ],
    "url": "https://www.eapteka.ru/goods/id268815/"
  },
  {
    "name": "Клацид гранулы для пригот.суспензии 125 мг/5 мл 70,7 г фл, 100 мл",
    "producer": "ЭббВи С.р.Л., Италия",
    "active_component": "Кларитромицин",
    "qrcode": [
      8002660028372,
      8002660032140
    ],
    "url": "https://www.eapteka.ru/goods/id321280/"
  },
  {
    "name": "Пимафуцин, крем для наружного применения 30 г   1 шт",
    "producer": "Теммлер Италиа С.р.Л., Италия",
    "active_component": "Натамицин",
    "qrcode": [
      5702191012613,
      4607098450470
    ],
    "url": "https://www.eapteka.ru/goods/id34207/"
  },
  {
    "name": "Валацикловир-АКОС таблетки покрыт.плен.об. 500 мг, 10 шт.",
    "producer": "Синтез ОАО, Россия",
    "active_component": "Ванкомицин",
    "qrcode": [
      4602565029425
    ],
    "url": "https://www.eapteka.ru/goods/id506778/"
  },
  {
    "name": "Соликса-Ксантис, таблетки покрыт.плен.об. 10 мг 30 шт",
    "producer": "Санека Фармасьютикалс а.с., Словакия",
    "active_component": "Солифенацин",
    "qrcode": [
      4650069651710
    ],
    "url": "https://www.eapteka.ru/goods/id500964/"
  },
  {
    "name": "Манорен шипучие таблетки 4г, 20 шт.",
    "producer": "Глобал Хэлфкеар ООО, Россия",
    "active_component": "",
    "qrcode": [
      4640033070111
    ],
    "url": "https://www.eapteka.ru/goods/id499800/"
  },
  {
    "name": "Оциллококцинум, гранулы гомеопатические 6 шт",
    "producer": "Лаборатория Буарон, Франция",
    "active_component": "Anas barbariaelium, hepatic et cordis extractum 200К-0,01мл",
    "qrcode": [
      3352712001859
    ],
    "url": "https://www.eapteka.ru/goods/id116864/"
  },
  {
    "name": "Ламотриджин таблетки 50 мг, 30 шт.",
    "producer": "Озон, Россия",
    "active_component": "Ламотриджин",
    "qrcode": [
      4680020180638
    ],
    "url": "https://www.eapteka.ru/goods/id504052/"
  },
  {
    "name": "Ирбесартан, таблетки покрыт.плен.об. 300 мг 28 шт",
    "producer": "Озон, Россия",
    "active_component": "Ирбесартан",
    "qrcode": [
      4680020180454
    ],
    "url": "https://www.eapteka.ru/goods/id484687/"
  },
  {
    "name": "Кардиолип таблетки покрыт.плен.об. 40 мг, 30 шт.",
    "producer": "Алси Фарма, Россия",
    "active_component": "Розувастатин",
    "qrcode": [
      4607011636219
    ],
    "url": "https://www.eapteka.ru/goods/id510497/"
  },
  {
    "name": "Лорноксикам, лиофилизат д/приг.р-ра для в/в.и в/м введ.8мг 5 шт",
    "producer": "МЭЗ, Россия",
    "active_component": "Лорноксикам",
    "qrcode": [
      4602676009170
    ],
    "url": "https://www.eapteka.ru/goods/id335219/"
  },
  {
    "name": "Траумель С, мазь для наружного применения 50 г 1 шт",
    "producer": "Biologische Heilmittel Heel, Германия",
    "active_component": "Гомеопатический состав",
    "qrcode": [
      4601654000109,
      4047642014909,
      4047642019072
    ],
    "url": "https://www.eapteka.ru/goods/id22966/"
  },
  {
    "name": "Ко-Дальнева таблетки 5 мг+1,25мг+4 мг 30 шт, упак.",
    "producer": "КРКА-РУС, Россия",
    "active_component": "Амлодипин, Индапамид, Периндоприл",
    "qrcode": [
      4607055139943
    ],
    "url": "https://www.eapteka.ru/goods/id247490/"
  }
]