[
  {
    "name": "Нооклерин, раствор для приема внутрь 200 мг/мл 100 мл 1 шт",
    "producer": "Пик-Фарма, Россия",
    "active_component": "Деанола ацеглумат",
    "qrcode": [
      4607077040470,
      4607077040227
    ],
    "url": "https://www.eapteka.ru/goods/id206794/"
  },
  {
    "name": "Туберкулин ППД-Л Биолек р-Туберкулин ППД-Л Биолек р-р для в/кожн. введ. 10 доз по 2 ТЕ в 0.1 мл, флак 1мл 1шт.+шприц 5 шт. с иглами",
    "producer": "Фармстандарт-УфаВИТА, Россия",
    "active_component": "Аллергены бактерий",
    "qrcode": [
      4603671003194
    ],
    "url": "https://www.eapteka.ru/goods/id292079/"
  },
  {
    "name": "Терафлекс Хондрокрем Форте, крем для наружного применения 100 г 1 шт",
    "producer": "Нижфарм АО, Россия",
    "active_component": "Мелоксикам, Хондроитина сульфат",
    "qrcode": [
      4250369507740
    ],
    "url": "https://www.eapteka.ru/goods/id326216/"
  },
  {
    "name": "Афлубин, таблетки   48 шт",
    "producer": "Рихард Биттнер АГ, Австрия",
    "active_component": "Гомеопатический состав",
    "qrcode": [
      9005441704815,
      5350586000518
    ],
    "url": "https://www.eapteka.ru/goods/id210354/"
  },
  {
    "name": "Детравенол, таблетки покрыт.плен.об. 500 мг 30 шт",
    "producer": "Озон, Россия",
    "active_component": "Очищенная микронизированная флавоноидная фракция (диосмин ,  флавоноиды в пересчете на гесперидин)",
    "qrcode": [
      4680020181130
    ],
    "url": "https://www.eapteka.ru/goods/id352721/"
  },
  {
    "name": "Сумамигрен, таблетки покрыт.плен.об. 100 мг 2 шт",
    "producer": "Польфарма АО, Польша",
    "active_component": "Суматриптан",
    "qrcode": [
      5903060005136
    ],
    "url": "https://www.eapteka.ru/goods/id208684/"
  },
  {
    "name": "Сумамед форте, порошок д/приг суспензии для приема внутрь 200 мг/5 мл  37,5 мл 1 шт",
    "producer": "Плива Хрватска д.о.о., Хорватия",
    "active_component": "Азитромицин",
    "qrcode": [
      3850114216456
    ],
    "url": "https://www.eapteka.ru/goods/id231175/"
  },
  {
    "name": "Юнидокс Солютаб, таблетки диспергируемые 100 мг   20 шт",
    "producer": "ФКП Армавирская биофабрика, Россия",
    "active_component": "Доксициклин",
    "qrcode": [
      4607098451736
    ],
    "url": "https://www.eapteka.ru/goods/id350674/"
  },
  {
    "name": "Номидес, капсулы 75 мг   10 шт",
    "producer": "Фармасинтез АО, Россия",
    "active_component": "Осельтамивир",
    "qrcode": [
      4605310014387,
      "-",
      4605310022825
    ],
    "url": "https://www.eapteka.ru/goods/id270697/"
  },
  {
    "name": "Травалза Дуо, капли глазные 5 мг/мл+0,04 мг/мл  2,5 мл 1 шт",
    "producer": "Фармстандарт-УфаВИТА, Россия",
    "active_component": "Травопрост, Тимолол",
    "qrcode": [
      4601808014518
    ],
    "url": "https://www.eapteka.ru/goods/id514119/"
  },
  {
    "name": "Небиватор, таблетки 5 мг 28 шт",
    "producer": "Торрент Фармасьютикалс Лтд, Индия",
    "active_component": "Небиволол",
    "qrcode": [
      4602656002269,
      8903855059358,
      "-"
    ],
    "url": "https://www.eapteka.ru/goods/id244716/"
  },
  {
    "name": "Ко-ренитек, таблетки 20 мг+12,5 мг 28 шт",
    "producer": "Органон Фарма (ЮКей) Лимитед, Великобритания",
    "active_component": "Гидрохлоротиазид, Эналаприл",
    "qrcode": [
      4602210003312,
      8711141285820
    ],
    "url": "https://www.eapteka.ru/goods/id34060/"
  },
  {
    "name": "Вальсакор Н160, таблетки покрыт.плен.об.160 мг+12,5 мг 30 шт",
    "producer": "КРКА-РУС, Россия",
    "active_component": "Валсартан, Гидрохлоротиазид",
    "qrcode": [
      3838989644499,
      4610017700846
    ],
    "url": "https://www.eapteka.ru/goods/id235301/"
  },
  {
    "name": "Заласта, таблетки 5 мг 28 шт",
    "producer": "Словения",
    "active_component": "Оланзапин",
    "qrcode": [
      3838989562434,
      3838989734206
    ],
    "url": "https://www.eapteka.ru/goods/id213403/"
  },
  {
    "name": "Левофлоксацин-Вертекс таблетки покрыт.плен.об. 500 мг, 10 шт.",
    "producer": "Вертекс, Россия",
    "active_component": "Левофлоксацин",
    "qrcode": [
      4607003242503,
      4670033320091
    ],
    "url": "https://www.eapteka.ru/goods/id215671/"
  },
  {
    "name": "Ирунин, капсулы 100 мг, 6 шт.",
    "producer": "Верофарм АО, Россия",
    "active_component": "Итраконазол",
    "qrcode": [
      4602930007799,
      4620011583925
    ],
    "url": "https://www.eapteka.ru/goods/id207081/"
  },
  {
    "name": "Бифиформ, капсулы кишечнорастворимые 30 шт",
    "producer": "Пфайзер Консьюмер Мэнюфэкчуринг Италия С.Р.Л., Италия",
    "active_component": "Бифидобактерии лонгум, Энтерококкус фециум",
    "qrcode": [
      5700666022907,
      4620017180036,
      4602233007328
    ],
    "url": "https://www.eapteka.ru/goods/id26726/"
  },
  {
    "name": "Кленбутерол, таблетки 20 мкг, 50 шт.",
    "producer": "Софарма, Болгария",
    "active_component": "Кленбутерол",
    "qrcode": [
      3800010629768
    ],
    "url": "https://www.eapteka.ru/goods/id111491/"
  },
  {
    "name": "Кагоцел, таблетки   30 шт",
    "producer": "Ниармедик Фарма, Россия",
    "active_component": "Кагоцел",
    "qrcode": [
      4610020540033
    ],
    "url": "https://www.eapteka.ru/goods/id500804/"
  },
  {
    "name": "Визмед мульти, 0,18% 10 мл",
    "producer": "ТРБ Чемедика АГ, Германия",
    "active_component": "Натрия гиалуронат",
    "qrcode": [
      4028694000256,
      4028694000812
    ],
    "url": "https://www.eapteka.ru/goods/id221199/"
  }
]