[
  {
    "name": "Новинет, таблетки покрыт.плен.об.   21 шт",
    "producer": "Гедеон Рихтер, Венгрия",
    "active_component": "Дезогестрел, Этинилэстрадиол",
    "qrcode": [
      5997001357781,
      5997001371015
    ],
    "url": "https://www.eapteka.ru/goods/id117455/"
  },
  {
    "name": "Клиндамицин, раствор для в/в и в/м введ. 150 мг/мл 2 мл 10 шт",
    "producer": "Хемофарм А.Д., Сербия",
    "active_component": "Клиндамицин",
    "qrcode": [
      8600097300735
    ],
    "url": "https://www.eapteka.ru/goods/id105274/"
  },
  {
    "name": "Клиндацин Б пролонг, крем вагинальный 2%+2% 20 г",
    "producer": "Акрихин ХФК АО, Россия",
    "active_component": "Бутоконазол, Клиндамицин",
    "qrcode": [
      4601969007817
    ],
    "url": "https://www.eapteka.ru/goods/id323372/"
  },
  {
    "name": "Троксерутин Санофи, капсулы     60 шт",
    "producer": "Зентива к.с, Чешская Республика",
    "active_component": "Троксерутин",
    "qrcode": [
      8594739225046
    ],
    "url": "https://www.eapteka.ru/goods/id345617/"
  },
  {
    "name": "Гепарин-Акрихин 1000 гель для наружнего применения 1 тыс.МЕ/г, 50 г",
    "producer": "Акрихин ХФК АО, Россия",
    "active_component": "Гепарин натрия",
    "qrcode": [
      4601969007763,
      4601969009170
    ],
    "url": "https://www.eapteka.ru/goods/id295379/"
  },
  {
    "name": "Фибралакс, порошок д/приг суспензии для приема внутрь 5 г   20 шт",
    "producer": "Эвалар, Россия",
    "active_component": "Подорожника овального семян оболочка",
    "qrcode": [
      4602242000389
    ],
    "url": "https://www.eapteka.ru/goods/id236968/"
  },
  {
    "name": "Глицин Д3 таблетки быстрорастворимые 600 мг+400 МЕ, 12 шт.",
    "producer": "Малкут НП ЗАО, Беларусь",
    "active_component": "",
    "qrcode": [
      4810910003314
    ],
    "url": "https://www.eapteka.ru/goods/id280976/"
  },
  {
    "name": "Тилорам, таблетки покрыт.плен.об. 125 мг 6 шт",
    "producer": "Озон, Россия",
    "active_component": "Тилорон",
    "qrcode": [
      4680020180379
    ],
    "url": "https://www.eapteka.ru/goods/id294623/"
  },
  {
    "name": "Клопидогрел таблетки покрыт.плен.об. 75 мг, 30 шт.",
    "producer": "Изварино Фарма, Россия",
    "active_component": "Клопидогрел",
    "qrcode": [
      4660007702817,
      4660007700448
    ],
    "url": "https://www.eapteka.ru/goods/id350503/"
  },
  {
    "name": "Диувер, таблетки 10 мг 20 шт",
    "producer": "Тева ООО, Россия",
    "active_component": "Торасемид",
    "qrcode": [
      3850114213196,
      4670016770073
    ],
    "url": "https://www.eapteka.ru/goods/id208513/"
  },
  {
    "name": "Тиолепта, таблетки покрыт.плен.об. 600 мг 30 шт",
    "producer": "Канонфарма продакшн ЗАО, Россия",
    "active_component": "Тиоктовая кислота",
    "qrcode": [
      4606486005223
    ],
    "url": "https://www.eapteka.ru/goods/id212321/"
  },
  {
    "name": "Быструмгель, гель 2.5%, 100 г",
    "producer": "Акрихин ХФК АО, Россия",
    "active_component": "Кетопрофен",
    "qrcode": [
      4601969006193
    ],
    "url": "https://www.eapteka.ru/goods/id215394/"
  },
  {
    "name": "Целестодерм В с гарамицином, крем 0,1 % 15 г 1 шт",
    "producer": "Шеринг-Плау Лабо Н.В., Бельгия",
    "active_component": "Бетаметазон, Гентамицин",
    "qrcode": [
      4602210000687,
      4250369508082,
      4250369506293
    ],
    "url": "https://www.eapteka.ru/goods/id203987/"
  },
  {
    "name": "Бримайза Дуо капли глазные 2 мг/мл+5 мг/мл фл-кап, 5 мл",
    "producer": "Фармстандарт-УфаВИТА, Россия",
    "active_component": "Бримонидин, Тимолол",
    "qrcode": [
      4601808014150
    ],
    "url": "https://www.eapteka.ru/goods/id514115/"
  },
  {
    "name": "Фреймитус, таблетки покрыт.плен.об. 20 мг 4 шт",
    "producer": "Озон, Россия",
    "active_component": "Тадалафил",
    "qrcode": [
      4680020182595
    ],
    "url": "https://www.eapteka.ru/goods/id352717/"
  },
  {
    "name": "Кардиолип таблетки покрыт.плен.об. 5 мг, 60 шт.",
    "producer": "Алси Фарма, Россия",
    "active_component": "Розувастатин",
    "qrcode": [
      4607011634062
    ],
    "url": "https://www.eapteka.ru/goods/id312363/"
  },
  {
    "name": "Залаин, крем для наружного применения 2 % 20 г 1 шт",
    "producer": "ЭГИС, Венгрия",
    "active_component": "Сертаконазол",
    "qrcode": [
      5995327115214,
      5995327164717
    ],
    "url": "https://www.eapteka.ru/goods/id207048/"
  },
  {
    "name": "Бак-Сет форте капсулы 0,21мг, 20 шт",
    "producer": "ADM Protexing Ltd, Великобритания",
    "active_component": "",
    "qrcode": [
      5017034541114,
      4640107280170
    ],
    "url": "https://www.eapteka.ru/goods/id240033/"
  },
  {
    "name": "Фурагин-Актифур, капсулы 50 мг   30 шт",
    "producer": "Алиум АО, Россия",
    "active_component": "Фуразидин",
    "qrcode": [
      4605077008803,
      4605077015245
    ],
    "url": "https://www.eapteka.ru/goods/id274727/"
  },
  {
    "name": "Одестон, таблетки   50 шт",
    "producer": "Адамед Фарма, Польша",
    "active_component": "Гимекромон",
    "qrcode": [
      5904374001586
    ],
    "url": "https://www.eapteka.ru/goods/id34699/"
  }
]