[
  {
    "name": "Канефрон Н таблетки покрыт.об., 60 шт.",
    "producer": "Роттендорф Фарма ГмбХ, Германия",
    "active_component": "",
    "qrcode": [
      4029799125554,
      "-",
      4029799160241
    ],
    "url": "https://www.eapteka.ru/goods/id23020/"
  },
  {
    "name": "Нафтадерм, мазь для наружного применения 35 г   35 г шт",
    "producer": "Ретиноиды АО, Россия",
    "active_component": "Нафталанская нефть",
    "qrcode": [
      4601607000514
    ],
    "url": "https://www.eapteka.ru/goods/id206111/"
  },
  {
    "name": "Пантокальцин, таблетки 250 мг 50 шт",
    "producer": "Валента Фарм, Россия",
    "active_component": "Гопантеновая кислота",
    "qrcode": [
      4602193009448
    ],
    "url": "https://www.eapteka.ru/goods/id206094/"
  },
  {
    "name": "Нутрини Энергия бутылочка, 500 мл",
    "producer": "Истра-Нутриция ДП АО, Россия",
    "active_component": "",
    "qrcode": [
      8716900574061
    ],
    "url": "https://www.eapteka.ru/goods/id326677/"
  },
  {
    "name": "Гайро, таблетки покрыт.плен.об. 500 мг 10 шт",
    "producer": "Панацея Биотек, Индия",
    "active_component": "Орнидазол",
    "qrcode": [
      8901168228010
    ],
    "url": "https://www.eapteka.ru/goods/id210071/"
  },
  {
    "name": "Микрогинон, драже     21 шт",
    "producer": "Байер Биттерфельд ГмбХ, Германия",
    "active_component": "",
    "qrcode": [
      5450557010208,
      5450557010628,
      4013742022427
    ],
    "url": "https://www.eapteka.ru/goods/id25349/"
  },
  {
    "name": "Леркамен 10, таблетки покрыт.плен.об. 10 мг 28 шт",
    "producer": "Берлин-Хеми АГ, Германия",
    "active_component": "Лерканидипин",
    "qrcode": [
      4013054010389,
      3054010389
    ],
    "url": "https://www.eapteka.ru/goods/id212660/"
  },
  {
    "name": "Дюфастон таблетки покрыт. плен. об.10 мг, 20 шт.",
    "producer": "Верофарм АО, Россия",
    "active_component": "Дидрогестерон",
    "qrcode": [
      4620011583147,
      4620011581686
    ],
    "url": "https://www.eapteka.ru/goods/id110259/"
  },
  {
    "name": "Дальнева, таблетки 5 мг+8 мг, 30 шт.",
    "producer": "КРКА-РУС, Россия",
    "active_component": "Амлодипин, Периндоприл",
    "qrcode": [
      4607055134573
    ],
    "url": "https://www.eapteka.ru/goods/id230984/"
  },
  {
    "name": "Липобон таблетки 10 мг, 30 шт.",
    "producer": "ЭГИС, Венгрия",
    "active_component": "Эзетимиб",
    "qrcode": [
      5995327152479
    ],
    "url": "https://www.eapteka.ru/goods/id513047/"
  },
  {
    "name": "Глутаргин алкоклин, со вкусом лимона 1г пакетики 10 шт.",
    "producer": "Здоровье, Украина",
    "active_component": "Аргинина глутамат",
    "qrcode": [
      4820135583812
    ],
    "url": "https://www.eapteka.ru/goods/id233399/"
  },
  {
    "name": "Фарматекс, суппозитории вагинальные     10 шт",
    "producer": "Иннотек Интернасиональ, Франция",
    "active_component": "Бензалкония хлорид",
    "qrcode": [
      3400970001088,
      3614250000429
    ],
    "url": "https://www.eapteka.ru/goods/id102717/"
  },
  {
    "name": "Нормоспектрум Бэби, для детей от 1,5 до 7 лет капсулы 400 мг 30 шт.",
    "producer": "Амфита, Россия",
    "active_component": "",
    "qrcode": [
      4612742620161
    ],
    "url": "https://www.eapteka.ru/goods/id241042/"
  },
  {
    "name": "Торасемид Канон, таблетки 10 мг 60 шт",
    "producer": "Канонфарма продакшн ЗАО, Россия",
    "active_component": "Торасемид",
    "qrcode": [
      4606486020905,
      4606486020912
    ],
    "url": "https://www.eapteka.ru/goods/id227711/"
  },
  {
    "name": "Ракстан-Сановель, таблетки 100 мг 30 шт",
    "producer": "Сановель Фармако-индустриальная торговая компания, Турция",
    "active_component": "Флурбипрофен",
    "qrcode": [
      8699536090122
    ],
    "url": "https://www.eapteka.ru/goods/id512146/"
  },
  {
    "name": "Контролок, таблетки кишечнораст.покрыт.плен.об. 40 мг 14 шт",
    "producer": "Такеда ГмбХ, Германия",
    "active_component": "Пантопразол",
    "qrcode": [
      4031083002670
    ],
    "url": "https://www.eapteka.ru/goods/id23251/"
  },
  {
    "name": "Фенистил Гель от зуда и раздражения кожи, гель для наружного применения 50 г   1 шт",
    "producer": "ГСК Консьюмер Хелскер С.А., Швейцария",
    "active_component": "Диметинден",
    "qrcode": [
      4607045191708
    ],
    "url": "https://www.eapteka.ru/goods/id104830/"
  },
  {
    "name": "Отрио, таблетки 10 мг 30 шт",
    "producer": "Акрихин ХФК АО, Россия",
    "active_component": "Эзетимиб",
    "qrcode": [
      4601969008746
    ],
    "url": "https://www.eapteka.ru/goods/id338788/"
  },
  {
    "name": "Систейн ультра, капли глазные     1 шт",
    "producer": "Alcon-Couvreur, Бельгия",
    "active_component": "Полиэтиленгликоль, Пропиленгликоль, Гидроксипропилгуар",
    "qrcode": [
      8427324890346,
      300651439403,
      300651439403
    ],
    "url": "https://www.eapteka.ru/goods/id219237/"
  },
  {
    "name": "Кестин, таблетки-лиофилизат 20 мг 10 шт",
    "producer": "Алмирал С.А., Испания",
    "active_component": "Эбастин",
    "qrcode": [
      5450557011984,
      8430308024217
    ],
    "url": "https://www.eapteka.ru/goods/id224163/"
  }
]