[
  {
    "name": "Лосьон от папиллом и бородавок Бороксил, 15 мл",
    "producer": "Империал ПК ООО, Россия",
    "active_component": "",
    "qrcode": [
      2780201379621
    ],
    "url": "https://www.eapteka.ru/goods/id500578/"
  },
  {
    "name": "Тримедат, таблетки   30 шт",
    "producer": "Валента Фарм, Россия",
    "active_component": "Тримебутин",
    "qrcode": [
      4602193012790,
      4602193010659
    ],
    "url": "https://www.eapteka.ru/goods/id212054/"
  },
  {
    "name": "Адаклин, крем для наружного применения 1 мг/г 30 г 1 шт",
    "producer": "Сан Фармасьютикал Индастриз Лтд, Индия",
    "active_component": "Адапален",
    "qrcode": [
      4601764003977
    ],
    "url": "https://www.eapteka.ru/goods/id227021/"
  },
  {
    "name": "Дип Рилиф, гель, 100 г",
    "producer": "Ментолатум, Великобритания",
    "active_component": "Ибупрофен, Левоментол",
    "qrcode": [
      5011501011353
    ],
    "url": "https://www.eapteka.ru/goods/id209889/"
  },
  {
    "name": "Макропен гранулы д/приг суспензии для приема внутрь 175 мг/5 мл фл, 20 г",
    "producer": "КРКА дд Ново место, Словения",
    "active_component": "Мидекамицин",
    "qrcode": [
      3838989503130
    ],
    "url": "https://www.eapteka.ru/goods/id98875/"
  },
  {
    "name": "Эксхол, капсулы 250 мг   50 шт",
    "producer": "Канонфарма продакшн ЗАО, Россия",
    "active_component": "Урсодезоксихолевая кислота",
    "qrcode": [
      4606486012689,
      4606486038399
    ],
    "url": "https://www.eapteka.ru/goods/id250734/"
  },
  {
    "name": "Бетадин, суппозитории вагинальные 200 мг 14 шт.",
    "producer": "ЭГИС, Венгрия",
    "active_component": "Повидон-Йод",
    "qrcode": [
      5995327165370
    ],
    "url": "https://www.eapteka.ru/goods/id21798/"
  },
  {
    "name": "Остеохель С, таблетки   50 шт",
    "producer": "Biologische Heilmittel Heel, Германия",
    "active_component": "Гомеопатический состав",
    "qrcode": [
      4601654000574,
      4047642014640
    ],
    "url": "https://www.eapteka.ru/goods/id23002/"
  },
  {
    "name": "Телпрес, таблетки 40 мг 56 шт",
    "producer": "Лабораториос Ликонса С.А., Испания",
    "active_component": "Телмисартан",
    "qrcode": [
      4650069651550
    ],
    "url": "https://www.eapteka.ru/goods/id469484/"
  },
  {
    "name": "Зипрекса Зидис, таблетки, диспергируемые в полости рта 5 мг 28 шт",
    "producer": "Лилли дель Карибе Инк., Пуэрто-Рико",
    "active_component": "Оланзапин",
    "qrcode": [
      4602103002705
    ],
    "url": "https://www.eapteka.ru/goods/id208602/"
  },
  {
    "name": "Вальпарин ХР таблетки пролонг действия покрыт.плен.об. 500 мг, 100 шт.",
    "producer": "Торрент Фармасьютикалс Лтд, Индия",
    "active_component": "Вальпроевая кислота",
    "qrcode": [
      4602656000876,
      8903855002736,
      "-"
    ],
    "url": "https://www.eapteka.ru/goods/id207015/"
  },
  {
    "name": "Целебрекс, капсулы 200 мг   10 шт",
    "producer": "Пфайзер, Пуэрто-Рико",
    "active_component": "Целекоксиб",
    "qrcode": [
      4607131042495,
      4607131041283
    ],
    "url": "https://www.eapteka.ru/goods/id117499/"
  },
  {
    "name": "Бикалутамид-Тева таблетки покрыт.плен.об. 50 мг, 28 шт.",
    "producer": "Тева Фармацевтические Предприятия Лтд, Израиль",
    "active_component": "Бикалутамид",
    "qrcode": [
      7290102062829
    ],
    "url": "https://www.eapteka.ru/goods/id212334/"
  },
  {
    "name": "Нукс Вомика-Гомаккорд, капли для приема внутрь 30 мл 1 шт",
    "producer": "Biologische Heilmittel Heel, Германия",
    "active_component": "Гомеопатический состав",
    "qrcode": [
      4601654000437,
      4047642014626
    ],
    "url": "https://www.eapteka.ru/goods/id22942/"
  },
  {
    "name": "Вильпрафен солютаб таблетки диспергируемые 1000 мг, 10 шт.",
    "producer": "ФКП Армавирская биофабрика, Россия",
    "active_component": "Джозамицин",
    "qrcode": [
      4607098451453,
      4607098452122,
      4606556002961
    ],
    "url": "https://www.eapteka.ru/goods/id208475/"
  },
  {
    "name": "Розарт, таблетки покрыт.плен.об. 5 мг 30 шт",
    "producer": "Актавис Лтд, Мальта",
    "active_component": "Розувастатин",
    "qrcode": [
      4607141997594,
      4630013790566
    ],
    "url": "https://www.eapteka.ru/goods/id250655/"
  },
  {
    "name": "Магнерот, таблетки 500 мг 50 шт",
    "producer": "Пик-Фарма Лек, Россия",
    "active_component": "Магния оротат",
    "qrcode": [
      4030674000194,
      4630016120230
    ],
    "url": "https://www.eapteka.ru/goods/id204081/"
  },
  {
    "name": "Накван капли глазные 0,09% 5 мл, капли глазные 0,09 % 5 мл 1 шт",
    "producer": "Сэндзю Фармацевтикал, Япония",
    "active_component": "Бромфенак",
    "qrcode": [
      4987866400907
    ],
    "url": "https://www.eapteka.ru/goods/id336691/"
  },
  {
    "name": "Санпраз, таблетки 40 мг 30 шт",
    "producer": "Сан Фармасьютикал Индастриз Лтд, Индия",
    "active_component": "Пантопразол",
    "qrcode": [
      8901127009438,
      8901127033249
    ],
    "url": "https://www.eapteka.ru/goods/id209831/"
  },
  {
    "name": "АнвиМакс Малина, пакетики 5 г, 24 шт.",
    "producer": "ФармВилар НПО, Россия",
    "active_component": "Парацетамол, Аскорбиновая кислота, Римантадин, Рутозид, Лоратадин, Кальция глюконат",
    "qrcode": [
      4605964003966
    ],
    "url": "https://www.eapteka.ru/goods/id221503/"
  }
]