[
  {
    "name": "Фулл маркс, спрей-раствор для уничтожения вшей, 150 мл+гребень",
    "producer": "Рекитт Бенкизер Хелскер, Великобритания",
    "active_component": "",
    "qrcode": [
      5038483953129
    ],
    "url": "https://www.eapteka.ru/goods/id229659/"
  },
  {
    "name": "Лея таблетки покрыт.плен.об. 3 мг+0,02 мг, 28 шт.",
    "producer": "Синдеа Фарма С.Л., Испания",
    "active_component": "Дроспиренон, Этинилэстрадиол",
    "qrcode": [
      3582910090809,
      8594739221543
    ],
    "url": "https://www.eapteka.ru/goods/id281721/"
  },
  {
    "name": "Раеном, таблетки покрыт.плен.об. 5 мг 56 шт",
    "producer": "Гедеон Рихтер, Венгрия",
    "active_component": "Ивабрадин",
    "qrcode": [
      5997001307496
    ],
    "url": "https://www.eapteka.ru/goods/id263276/"
  },
  {
    "name": "Гинкоум, капсулы 120 мг 30 шт",
    "producer": "Эвалар, Россия",
    "active_component": "Гинкго двулопастного листьев экстракт",
    "qrcode": [
      4602242010128
    ],
    "url": "https://www.eapteka.ru/goods/id507144/"
  },
  {
    "name": "Бинафин, таблетки 250 мг, 14 шт.",
    "producer": "Шрея Лайф Саенсиз Пвт.Лтд, Индия",
    "active_component": "Тербинафин",
    "qrcode": [
      8906000570746
    ],
    "url": "https://www.eapteka.ru/goods/id206514/"
  },
  {
    "name": "Хилак форте, капли для приема внутрь 100 мл 1 шт",
    "producer": "Меркле ГмбХ, Германия",
    "active_component": "",
    "qrcode": [
      4030096245173,
      "-",
      4030096123761
    ],
    "url": "https://www.eapteka.ru/goods/id24545/"
  },
  {
    "name": "Телзап Плюс, таблетки 12,5 мг+80 мг 30 шт",
    "producer": "Санофи Илач Санайи ве Тиджарет А.Ш., Турция",
    "active_component": "Гидрохлоротиазид, Телмисартан",
    "qrcode": [
      8699502820630,
      8699502820876,
      3664798038798
    ],
    "url": "https://www.eapteka.ru/goods/id298273/"
  },
  {
    "name": "Эквакард, таблетки 5 мг+10 мг  30 шт",
    "producer": "Микро Лабс Лтд, Индия",
    "active_component": "Амлодипин, Лизиноприл",
    "qrcode": [
      8901302096994,
      8901302166762
    ],
    "url": "https://www.eapteka.ru/goods/id219622/"
  },
  {
    "name": "Троксевазин, капсулы     50 шт",
    "producer": "Балканфарма - Троян АД, Болгария",
    "active_component": "Троксерутин",
    "qrcode": [
      3800714202045,
      4630013791037,
      4630013791150
    ],
    "url": "https://www.eapteka.ru/goods/id108642/"
  },
  {
    "name": "Индометацин 100 Берлин-Хеми, суппозитории ректальные 100 мг 10 шт",
    "producer": "Берлин-Хеми АГ, Германия",
    "active_component": "Индометацин",
    "qrcode": [
      4013054000724,
      4013054027851
    ],
    "url": "https://www.eapteka.ru/goods/id22388/"
  },
  {
    "name": "Целестодерм В с гарамицином, мазь 0,1 % 15 г 1 шт",
    "producer": "Шеринг-Плау Лабо Н.В., Бельгия",
    "active_component": "Бетаметазон, Гентамицин",
    "qrcode": [
      4602210000809,
      4250369508099,
      4250369506316
    ],
    "url": "https://www.eapteka.ru/goods/id203986/"
  },
  {
    "name": "Контрактубекс, гель для наружного применения 20 г",
    "producer": "Мерц Фарма ГмбХ и Ко.КГаА, Германия",
    "active_component": "Аллантоин, Гепарин натрия, Лука репчатого луковиц экстракт",
    "qrcode": [
      4008491309790,
      4046222309794,
      4059821309799
    ],
    "url": "https://www.eapteka.ru/goods/id24831/"
  },
  {
    "name": "Кардиолип таблетки покрыт.плен.об. 20 мг, 30 шт.",
    "producer": "Алси Фарма, Россия",
    "active_component": "Розувастатин",
    "qrcode": [
      4607011634116
    ],
    "url": "https://www.eapteka.ru/goods/id312366/"
  },
  {
    "name": "Флексавен таблетки 1000 мг, 30 шт.",
    "producer": "Фармацевтическая фабрика ООО, Россия",
    "active_component": "",
    "qrcode": [
      4603726175821
    ],
    "url": "https://www.eapteka.ru/goods/id506286/"
  },
  {
    "name": "Энзистал, таблетки кишечнораст.покрыт.плен.об.   80 шт",
    "producer": "Торрент Фармасьютикалс Лтд, Индия",
    "active_component": "Гемицеллюлаза, Желчи компоненты, Панкреатин",
    "qrcode": [
      4602656000913,
      8903855002828
    ],
    "url": "https://www.eapteka.ru/goods/id29718/"
  },
  {
    "name": "Амикацин, раствор для в/в и в/м введ. 250 мг/мл 2 мл 10 шт",
    "producer": "Синтез ОАО, Россия",
    "active_component": "Амикацин",
    "qrcode": [
      4602565016401
    ],
    "url": "https://www.eapteka.ru/goods/id265690/"
  },
  {
    "name": "Лопирел, таблетки покрыт.плен.об. 75 мг 28 шт.",
    "producer": "Актавис Лтд, Мальта",
    "active_component": "Клопидогрел",
    "qrcode": [
      4607141994258,
      4630013790498
    ],
    "url": "https://www.eapteka.ru/goods/id211422/"
  },
  {
    "name": "Ринорин, спрей, 50 мл",
    "producer": "Орион Корпорейшн, Финляндия",
    "active_component": "Натрия хлорид, Калия хлорид, Кальция хлорид, Бензалкония хлорид",
    "qrcode": [
      6432100011695
    ],
    "url": "https://www.eapteka.ru/goods/id216445/"
  },
  {
    "name": "Белосалик, мазь для наружного применения 40 г 1 шт",
    "producer": "Белупо,лекарства и косметика д.д, Хорватия",
    "active_component": "Бетаметазон, Салициловая кислота",
    "qrcode": [
      3850343001472
    ],
    "url": "https://www.eapteka.ru/goods/id218343/"
  },
  {
    "name": "Монурал, гранулы д/приг р-ра д/приема внутрь 3 г 1 шт",
    "producer": "Zambon SpA Italia, Италия",
    "active_component": "Фосфомицин",
    "qrcode": [
      4603619000155
    ],
    "url": "https://www.eapteka.ru/goods/id205124/"
  }
]