[
  {
    "name": "БиоГая таблетки 20 шт., упак.",
    "producer": "БиоГая Продакшн АБ, Винделваген, Швеция",
    "active_component": "",
    "qrcode": [
      7350012550615,
      7350012553548
    ],
    "url": "https://www.eapteka.ru/goods/id254087/"
  },
  {
    "name": "Капозид, таблетки 50 мг+25 мг 28 шт.",
    "producer": "Акрихин ХФК АО, Россия",
    "active_component": "Гидрохлоротиазид, Каптоприл",
    "qrcode": [
      4601969001891,
      4601969008883
    ],
    "url": "https://www.eapteka.ru/goods/id38198/"
  },
  {
    "name": "Зонегран, капсулы 25 мг, 14 шт.",
    "producer": "Эйсай Мануфэкчуринг Лимитед, Великобритания",
    "active_component": "Зонисамид",
    "qrcode": [
      5036519002209,
      5036519001011
    ],
    "url": "https://www.eapteka.ru/goods/id227894/"
  },
  {
    "name": "Девирс, крем для наружного применения 7,5 % 15 г",
    "producer": "Вертекс, Россия",
    "active_component": "Рибавирин",
    "qrcode": [
      4607003244170
    ],
    "url": "https://www.eapteka.ru/goods/id213920/"
  },
  {
    "name": "Люффель Н, таблетки гомеопатические   50 шт",
    "producer": "Biologische Heilmittel Heel, Германия",
    "active_component": "Гомеопатический состав",
    "qrcode": [
      4601654002240,
      4047642014534
    ],
    "url": "https://www.eapteka.ru/goods/id206790/"
  },
  {
    "name": "Хартил, таблетки 10 мг 28 шт",
    "producer": "ЭГИС, Венгрия",
    "active_component": "Рамиприл",
    "qrcode": [
      5995327155524,
      5995327117386
    ],
    "url": "https://www.eapteka.ru/goods/id208176/"
  },
  {
    "name": "Вамлосет, таблетки покрыт.плен.об. 10 мг+160 мг 30 шт",
    "producer": "КРКА-РУС, Россия",
    "active_component": "Амлодипин, Валсартан",
    "qrcode": [
      4610017700709
    ],
    "url": "https://www.eapteka.ru/goods/id294105/"
  },
  {
    "name": "Ланцид, капсулы 30 мг, 30 шт.",
    "producer": "Микро Лабс Лимитед, Индия",
    "active_component": "Лансопразол",
    "qrcode": [
      8901302057438,
      8901302137250
    ],
    "url": "https://www.eapteka.ru/goods/id206782/"
  },
  {
    "name": "Мотилиум Экспресс, таблетки для рассасывания 10 мг 10 шт",
    "producer": "Каталент ЮК Суиндон Зайдис Лимитед /Янссен-Силаг, Великобритания",
    "active_component": "Домперидон",
    "qrcode": [
      3574661047355
    ],
    "url": "https://www.eapteka.ru/goods/id281712/"
  },
  {
    "name": "Colief Vitamin D3 Drops Колиф витамин Д3 капли, 20 мл",
    "producer": "Кросскеа Лтд, Ирландия",
    "active_component": "",
    "qrcode": [
      5391510234180,
      5014302000342
    ],
    "url": "https://www.eapteka.ru/goods/id296099/"
  },
  {
    "name": "Пронтосан раствор, раствор для наружного применения   350 мл 1 шт",
    "producer": "Б.Браун Мельзунген АГ, Швейцария",
    "active_component": "Ундициленовый Амидопропил-Бетаин",
    "qrcode": [
      4046963423896,
      4046963423902
    ],
    "url": "https://www.eapteka.ru/goods/id212535/"
  },
  {
    "name": "Love Botanica Гинкго Билоба для памяти и работы мозга капсулы, 60 шт",
    "producer": "Фармакор Продакшн, Россия",
    "active_component": "",
    "qrcode": [
      4603569001011
    ],
    "url": "https://www.eapteka.ru/goods/id514731/"
  },
  {
    "name": "Доктор Тайсс Сироп от кашля с подорожником, 250 мл",
    "producer": "Доктор Тайсс Натурварен ГмбХ, Германия",
    "active_component": "Подорожника ланцетовидного экстракт",
    "qrcode": [
      4016369663417
    ],
    "url": "https://www.eapteka.ru/goods/id216236/"
  },
  {
    "name": "Love Botanica Комплекс Свободное дыхание поддержка при симптомах ринита, синусита капсулы, 60 шт",
    "producer": "Фармакор Продакшн, Россия",
    "active_component": "",
    "qrcode": [
      4603569001097
    ],
    "url": "https://www.eapteka.ru/goods/id514728/"
  },
  {
    "name": "Спарекс, капсулы пролонгированного действия 200 мг 60 шт",
    "producer": "Канонфарма продакшн ЗАО, Россия",
    "active_component": "Мебеверин",
    "qrcode": [
      4606486002895
    ],
    "url": "https://www.eapteka.ru/goods/id294668/"
  },
  {
    "name": "Гевискон, таблетки жевательные мятные 48 шт",
    "producer": "Рекитт Бенкизер Хелскер, Великобритания",
    "active_component": "",
    "qrcode": [
      5000158071469
    ],
    "url": "https://www.eapteka.ru/goods/id287352/"
  },
  {
    "name": "РиоФлора капсулы 40 шт., упак.",
    "producer": "Винклов Био, Нидерланды",
    "active_component": "",
    "qrcode": [
      5702589308229
    ],
    "url": "https://www.eapteka.ru/goods/id249049/"
  },
  {
    "name": "Фликсоназе, спрей назальный дозированный 50 мкг/доза 60 доз 1 шт",
    "producer": "Глаксо Вэллком С.А., Испания",
    "active_component": "Флутиказон",
    "qrcode": [
      4602233006871
    ],
    "url": "https://www.eapteka.ru/goods/id30537/"
  },
  {
    "name": "Нотта, капли, 50 мл",
    "producer": "Рихард Биттнер АГ, Австрия",
    "active_component": "Гомеопатический состав",
    "qrcode": [
      5350586000297,
      9005441075229
    ],
    "url": "https://www.eapteka.ru/goods/id204594/"
  },
  {
    "name": "Бондерм, мазь 2 % 15 г",
    "producer": "Белупо,лекарства и косметика д.д, Хорватия",
    "active_component": "Мупироцин",
    "qrcode": [
      3850343027946,
      "-"
    ],
    "url": "https://www.eapteka.ru/goods/id265294/"
  }
]