[
  {
    "name": "Эгипрес, капсулы 5 мг+5 мг    30 шт",
    "producer": "ЭГИС, Венгрия",
    "active_component": "Амлодипин, Рамиприл",
    "qrcode": [
      5995327143736
    ],
    "url": "https://www.eapteka.ru/goods/id228036/"
  },
  {
    "name": "Леветирацетам Канон таблетки покрыт.плен.об. 500 мг, 30 шт",
    "producer": "Канонфарма продакшн ЗАО, Россия",
    "active_component": "Леветирацетам",
    "qrcode": [
      4606486013082,
      4606486009849
    ],
    "url": "https://www.eapteka.ru/goods/id227708/"
  },
  {
    "name": "Церетон раствор для в/в и в/м введ.250 мг/мл 4 мл ампулы, 5 шт.",
    "producer": "ФармФирма Сотекс, Россия",
    "active_component": "Холина альфосцерат",
    "qrcode": [
      4605964002211
    ],
    "url": "https://www.eapteka.ru/goods/id210432/"
  },
  {
    "name": "Кетонал, гель для наружного применения 2,5 % 100 г",
    "producer": "Салютас Фарма ГмбХ, Германия",
    "active_component": "Кетопрофен",
    "qrcode": [
      4030855501250
    ],
    "url": "https://www.eapteka.ru/goods/id227075/"
  },
  {
    "name": "Генитрон раствор для в/м введ. 10 мг/мл 1,5 мл ампулы, 5 шт.",
    "producer": "Велфарм, Россия",
    "active_component": "Мелоксикам",
    "qrcode": [
      4650099787274
    ],
    "url": "https://www.eapteka.ru/goods/id502204/"
  },
  {
    "name": "Хайрабезол, таблетки покрыт.кишечнораств.об. 20 мг   15 шт",
    "producer": "Хайгланс Лабораториз Пвт. Лтд, Индия",
    "active_component": "Рабепразол",
    "qrcode": [
      8904102205320,
      8904102205327,
      8904102203685,
      "-"
    ],
    "url": "https://www.eapteka.ru/goods/id216633/"
  },
  {
    "name": "Бифилар, капсулы, 30 шт.",
    "producer": "Эвалар, Россия",
    "active_component": "",
    "qrcode": [
      4602242005964
    ],
    "url": "https://www.eapteka.ru/goods/id224695/"
  },
  {
    "name": "Фенкарол, таблетки   20 шт",
    "producer": "Олайнфарм, Латвия",
    "active_component": "Хифенадин",
    "qrcode": [
      4750258110124,
      4750258314171
    ],
    "url": "https://www.eapteka.ru/goods/id33460/"
  },
  {
    "name": "Сабаль-гомаккорд, капли для приема внутрь     1 шт",
    "producer": "Biologische Heilmittel Heel, Германия",
    "active_component": "Гомеопатический состав",
    "qrcode": [
      4601654000529,
      4047642014756
    ],
    "url": "https://www.eapteka.ru/goods/id22951/"
  },
  {
    "name": "Физиотенз, таблетки покрыт.плен.об. 0,2 мг 28 шт",
    "producer": "Верофарм АО, Россия",
    "active_component": "Моксонидин",
    "qrcode": [
      4620011584267
    ],
    "url": "https://www.eapteka.ru/goods/id514019/"
  },
  {
    "name": "Ламиктал, таблетки жевательные/диспергируемые 5 мг 30 шт",
    "producer": "ГлаксоСмитКляйн Фармасьютикалз С.А., Польша",
    "active_component": "Ламотриджин",
    "qrcode": [
      5900008028035,
      4607008133479,
      4607008133783
    ],
    "url": "https://www.eapteka.ru/goods/id21053/"
  },
  {
    "name": "Мемантин таблетки покрыт.плен.об. 10 мг, 28 шт.",
    "producer": "Польфарма АО, Польша",
    "active_component": "Мемантин",
    "qrcode": [
      5903060615496,
      5903060612815
    ],
    "url": "https://www.eapteka.ru/goods/id294452/"
  },
  {
    "name": "Улькавис, таблетки покрыт.плен.об. 120 мг 112 шт",
    "producer": "КРКА дд Ново место, Словения",
    "active_component": "Висмута трикалия дицитрат",
    "qrcode": [
      3838989656263
    ],
    "url": "https://www.eapteka.ru/goods/id255797/"
  },
  {
    "name": "Белогент, мазь для наружного применения 40 г   1 шт",
    "producer": "Белупо,лекарства и косметика д.д, Хорватия",
    "active_component": "Бетаметазон, Гентамицин",
    "qrcode": [
      3850343001410
    ],
    "url": "https://www.eapteka.ru/goods/id217908/"
  },
  {
    "name": "АнгиоНорм таблетки покрыт.об. 100 мг, 100 шт.",
    "producer": "ФармВилар НПО, Россия",
    "active_component": "Боярышника плоды, Солодки корни, Каштана конского семена, Шиповника плоды",
    "qrcode": [
      4610017501016
    ],
    "url": "https://www.eapteka.ru/goods/id286951/"
  },
  {
    "name": "Сервитель, таблетки 25 мг 60 шт",
    "producer": "Белупо,лекарства и косметика д.д, Хорватия",
    "active_component": "Кветиапин",
    "qrcode": [
      3850343061674
    ],
    "url": "https://www.eapteka.ru/goods/id215267/"
  },
  {
    "name": "Амигренин таблетки покрыт.плен.об. 50 мг 6 шт., упак.",
    "producer": "Верофарм АО, Россия",
    "active_component": "Суматриптан",
    "qrcode": [
      4620011581419
    ],
    "url": "https://www.eapteka.ru/goods/id263751/"
  },
  {
    "name": "Флексид, таблетки покрыт.плен.об. 500 мг 14 шт",
    "producer": "Лек д.д., Словения",
    "active_component": "Левофлоксацин",
    "qrcode": [
      3838957040988
    ],
    "url": "https://www.eapteka.ru/goods/id213188/"
  },
  {
    "name": "Дальнева, таблетки 10 мг+8 мг, 30 шт.",
    "producer": "КРКА-РУС, Россия",
    "active_component": "Амлодипин, Периндоприл",
    "qrcode": [
      4607055134832
    ],
    "url": "https://www.eapteka.ru/goods/id230985/"
  },
  {
    "name": "Осельтамивир-Акрихин, капсулы 75 мг   10 шт",
    "producer": "Акрихин ХФК АО, Россия",
    "active_component": "Осельтамивир",
    "qrcode": [
      4601969008630
    ],
    "url": "https://www.eapteka.ru/goods/id485842/"
  }
]