[
  {
    "name": "Пустырник, настойка     1 шт",
    "producer": "Бэгриф, Россия",
    "active_component": "",
    "qrcode": [
      4606683000137,
      4606683001998
    ],
    "url": "https://www.eapteka.ru/goods/id233137/"
  },
  {
    "name": "Ибупрофен гель 5%, 50 г",
    "producer": "Озон, Россия",
    "active_component": "Ибупрофен",
    "qrcode": [
      4607027768591
    ],
    "url": "https://www.eapteka.ru/goods/id294379/"
  },
  {
    "name": "Ибупрофен суспензия для приема внутрь для детей 100 мг/5 мл клубника, 100 г",
    "producer": "Фармстандарт-Лексредства, Россия",
    "active_component": "Ибупрофен",
    "qrcode": [
      4601669014726
    ],
    "url": "https://www.eapteka.ru/goods/id497500/"
  },
  {
    "name": "Грудной эликсир, флакон 25 мл",
    "producer": "Тульская фармфабрика, Россия",
    "active_component": "Аммиак, Аниса обыкновенного семян масло, Солодки корней экстр.",
    "qrcode": [
      4603905004300
    ],
    "url": "https://www.eapteka.ru/goods/id234879/"
  },
  {
    "name": "Лоратадин-Вертекс, таблетки 10 мг 30 шт",
    "producer": "Вертекс, Россия",
    "active_component": "Лоратадин",
    "qrcode": [
      4607003246150,
      7003246150,
      "-",
      4607003249724
    ],
    "url": "https://www.eapteka.ru/goods/id228808/"
  },
  {
    "name": "Средство противоожоговое и ранозаживляющее Эверс Лайф-Гель 18 х 13 см, 1 шт.",
    "producer": "Эвтекс, Россия",
    "active_component": "",
    "qrcode": [
      4640000905316
    ],
    "url": "https://www.eapteka.ru/goods/id288305/"
  },
  {
    "name": "Эналаприл Гексал, таблетки 20 мг 20 шт",
    "producer": "Салютас Фарма ГмбХ, Германия",
    "active_component": "Эналаприл",
    "qrcode": [
      4030855038046,
      7613421046903
    ],
    "url": "https://www.eapteka.ru/goods/id209686/"
  },
  {
    "name": "Соталол, таблетки 80 мг 20 шт",
    "producer": "Озон, Россия",
    "active_component": "Соталол",
    "qrcode": [
      4680020181185
    ],
    "url": "https://www.eapteka.ru/goods/id504178/"
  },
  {
    "name": "Амлодипин-Вертекс таблетки 10 мг, 30 шт.",
    "producer": "Вертекс, Россия",
    "active_component": "Амлодипин",
    "qrcode": [
      4670033320114,
      4607003243609
    ],
    "url": "https://www.eapteka.ru/goods/id223442/"
  },
  {
    "name": "Лефлобакт таблетки покрыт.плен.об. 250 мг, 10 шт.",
    "producer": "Синтез ОАО, Россия",
    "active_component": "Левофлоксацин",
    "qrcode": [
      4602565015145
    ],
    "url": "https://www.eapteka.ru/goods/id219231/"
  },
  {
    "name": "Мяты перечной, листья измельченные 50 г 1 шт",
    "producer": "ПКФ Фитофарм ООО, Россия",
    "active_component": "",
    "qrcode": [
      4603762000750
    ],
    "url": "https://www.eapteka.ru/goods/id295056/"
  },
  {
    "name": "Мяты перечной, настойка 25 мл",
    "producer": "Ивановская фармфабрика, Россия",
    "active_component": "",
    "qrcode": [
      4603184002424
    ],
    "url": "https://www.eapteka.ru/goods/id234071/"
  },
  {
    "name": "Кальция хлорид раствор для в/в введ.100 мг/мл 10 мл амп, 10 шт.",
    "producer": "Славянская аптека, Россия",
    "active_component": "Кальция хлорид",
    "qrcode": [
      4607005933904
    ],
    "url": "https://www.eapteka.ru/goods/id293281/"
  },
  {
    "name": "Ринорус, спрей назальный 0,05 % 10 мл 1 шт",
    "producer": "Синтез ОАО, Россия",
    "active_component": "Ксилометазолин",
    "qrcode": [
      4602565019587
    ],
    "url": "https://www.eapteka.ru/goods/id233841/"
  },
  {
    "name": "Арутимол, капли глазные 5 мг/мл 5 мл",
    "producer": "Др. Герхард Манн ХФП, Германия",
    "active_component": "Тимолол",
    "qrcode": [
      4029835000098,
      4030571006244
    ],
    "url": "https://www.eapteka.ru/goods/id22424/"
  },
  {
    "name": "Теймурова, паста 30 г 1 шт",
    "producer": "Тульская фармфабрика, Россия",
    "active_component": "Борная кислота, Метенамин, Тальк, Натрия тетраборат, Салициловая кислота, Свинца ацетат, Формальдегид, Цинк",
    "qrcode": [
      4603905004119
    ],
    "url": "https://www.eapteka.ru/goods/id228783/"
  },
  {
    "name": "Индапамид, таблетки покрыт.плен.об. 2,5 мг 30 шт",
    "producer": "Озон, Россия",
    "active_component": "Индапамид",
    "qrcode": [
      4680020180263,
      4607027763206,
      4630015110218
    ],
    "url": "https://www.eapteka.ru/goods/id229508/"
  },
  {
    "name": "Бисопролол-Вертекс таблетки покрыт.плен.об. 2,5 мг, 30 шт.",
    "producer": "Вертекс, Россия",
    "active_component": "Бисопролол",
    "qrcode": [
      4607003244644,
      4670033321821
    ],
    "url": "https://www.eapteka.ru/goods/id229423/"
  },
  {
    "name": "Пентоксифиллин-СОЛОфарм Политвист р-р для инъекций  2%, 5 мл ампулы пластик, 10 шт.",
    "producer": "Гротекс ООО, Россия",
    "active_component": "Пентоксифиллин",
    "qrcode": [
      4680013245467
    ],
    "url": "https://www.eapteka.ru/goods/id287696/"
  },
  {
    "name": "Амоксициллин+Клавулановая кислота порошок д/приг.р-ра для в/в введ.1 г+0,2г фл, 1 шт.",
    "producer": "Красфарма ПАО, Россия",
    "active_component": "Амоксициллин, Клавулановая кислота",
    "qrcode": [
      4602521007054
    ],
    "url": "https://www.eapteka.ru/goods/id336670/"
  }
]