[
  {
    "name": "Осельтамивир-Акрихин, капсулы 75 мг   10 шт",
    "producer": "Акрихин ХФК АО, Россия",
    "active_component": "Осельтамивир",
    "qrcode": [
      4601969008630
    ],
    "url": "https://www.eapteka.ru/goods/id485842/"
  },
  {
    "name": "Карнитина хлорид концентрат д/приг р-ра для инфузий 100 мг/мл 5 мл амп, 10 шт.",
    "producer": "ФГБУ НМИЦ кардиологии МР, Россия",
    "active_component": "Карнитин",
    "qrcode": [
      4601582000264
    ],
    "url": "https://www.eapteka.ru/goods/id228665/"
  },
  {
    "name": "Спигелон, таблетки   50 шт",
    "producer": "Biologische Heilmittel Heel, Германия",
    "active_component": "Гомеопатический состав",
    "qrcode": [
      4601654000321,
      4047642014800,
      "-"
    ],
    "url": "https://www.eapteka.ru/goods/id22954/"
  },
  {
    "name": "Дермовейт, мазь для наружного применения 0,05 % 25 г",
    "producer": "ГлаксоСмитКляйн Фармасьютикалз С.А., Польша",
    "active_component": "Клобетазол",
    "qrcode": [
      5900008011259,
      4607008133271
    ],
    "url": "https://www.eapteka.ru/goods/id21050/"
  },
  {
    "name": "Низорал, крем для наружного применения 2 % 15 г 1 шт",
    "producer": "Янссен Фармацевтика Н.В, Бельгия",
    "active_component": "Кетоконазол",
    "qrcode": [
      4602243000241
    ],
    "url": "https://www.eapteka.ru/goods/id108574/"
  },
  {
    "name": "Телзап АМ, таблетки 5 мг+80 мг  28 шт",
    "producer": "Зентива к.с, Чешская Республика",
    "active_component": "Амлодипин, Телмисартан",
    "qrcode": [
      3664798012651
    ],
    "url": "https://www.eapteka.ru/goods/id354491/"
  },
  {
    "name": "Тригрим, таблетки 10 мг 30 шт",
    "producer": "Акрихин ХФК АО, Россия",
    "active_component": "Торасемид",
    "qrcode": [
      4601969008623,
      5903060004566
    ],
    "url": "https://www.eapteka.ru/goods/id215443/"
  },
  {
    "name": "Дипромета суспензия для инъекций 7 мг/мл 1мл шприцы в комплекте с иглой, 1 шт",
    "producer": "К.О.Ромфарм Компани С.Р.Л., Румыния",
    "active_component": "Бетаметазон",
    "qrcode": [
      5944728005501
    ],
    "url": "https://www.eapteka.ru/goods/id505667/"
  },
  {
    "name": "Бупивакаин раствор для инъекций 5 мг/мл 4 мл ампулы, 5 шт.",
    "producer": "Озон, Россия",
    "active_component": "Бупивакаин",
    "qrcode": [
      4680020180171
    ],
    "url": "https://www.eapteka.ru/goods/id484666/"
  },
  {
    "name": "Дюспаталин, таблетки покрыт.плен.об. 135 мг 50 шт",
    "producer": "Верофарм АО, Россия",
    "active_component": "Мебеверин",
    "qrcode": [
      8002660017864,
      4620011583857
    ],
    "url": "https://www.eapteka.ru/goods/id113468/"
  },
  {
    "name": "Дипиридамол-ФПО таблетки покрыт.плен.об. 75 мг, 40 шт.",
    "producer": "Алиум АО, Россия",
    "active_component": "Дипиридамол",
    "qrcode": [
      4605077009251,
      4605077014866,
      4605077011667
    ],
    "url": "https://www.eapteka.ru/goods/id250465/"
  },
  {
    "name": "Афлодерм, крем для наружного применения 0,05 % 20 г 1 шт",
    "producer": "Белупо,лекарства и косметика д.д, Хорватия",
    "active_component": "Алклометазон",
    "qrcode": [
      3850343035408
    ],
    "url": "https://www.eapteka.ru/goods/id204449/"
  },
  {
    "name": "Тилорон-Вертекс, таблетки покрыт.плен.об. 125 мг 10 шт",
    "producer": "Вертекс, Россия",
    "active_component": "Тилорон",
    "qrcode": [
      4670033320633
    ],
    "url": "https://www.eapteka.ru/goods/id513604/"
  },
  {
    "name": "Систейн, капли глазные     1 шт",
    "producer": "Alcon-Couvreur, Бельгия",
    "active_component": "Полиэтиленгликоль, Пропиленгликоль, Гидроксипропилгуар",
    "qrcode": [
      8427324890353
    ],
    "url": "https://www.eapteka.ru/goods/id233517/"
  },
  {
    "name": "Просталь капсулы 300 мг, 60 шт.",
    "producer": "Глобал Хэлфкеар ООО, Россия",
    "active_component": "",
    "qrcode": [
      4640033071378,
      "-"
    ],
    "url": "https://www.eapteka.ru/goods/id499798/"
  },
  {
    "name": "Спазмалгон, ампулы , 5 мл, 10 шт.",
    "producer": "Софарма, Болгария",
    "active_component": "Метамизол натрия, Питофенон, Фенпивериния бромид",
    "qrcode": [
      3800010613781
    ],
    "url": "https://www.eapteka.ru/goods/id111497/"
  },
  {
    "name": "Ретч, таблетки 50 мг 70 шт",
    "producer": "Санека Фармасьютикалс а.с., Словакия",
    "active_component": "Итоприд",
    "qrcode": [
      4650069651758
    ],
    "url": "https://www.eapteka.ru/goods/id359644/"
  },
  {
    "name": "Кальций-Д3 Никомед таблетки жевательные апельсин, 120 шт.",
    "producer": "Такеда Фармасьютикалс ООО, Россия",
    "active_component": "Кальция карбонат, Колекальциферол",
    "qrcode": [
      4602156000444,
      104602156000,
      4601026310072,
      "-"
    ],
    "url": "https://www.eapteka.ru/goods/id286939/"
  },
  {
    "name": "Натрия хлорид, раствор для инфузий 0,9 % 200 мл 28 шт",
    "producer": "Мосфарм, Россия",
    "active_component": "Натрия хлорид",
    "qrcode": [
      4607116940013,
      "-",
      4607116940020
    ],
    "url": "https://www.eapteka.ru/goods/id223052/"
  },
  {
    "name": "Цистэль капсулы 580 мг, 60 шт.",
    "producer": "Глобал Хэлфкеар ООО, Россия",
    "active_component": "",
    "qrcode": [
      4640033071361
    ],
    "url": "https://www.eapteka.ru/goods/id499796/"
  }
]