[
  {
    "name": "Бепантен, крем для наружного применения 5 % 50 г 1 шт",
    "producer": "ГП Гренцах Продукционс, Германия",
    "active_component": "Декспантенол",
    "qrcode": [
      4250369506668
    ],
    "url": "https://www.eapteka.ru/goods/id274455/"
  },
  {
    "name": "Dentinale Natura Гель детский для десен, 20 мл",
    "producer": "Biokosmes S.r.l, Италия",
    "active_component": "",
    "qrcode": [
      8004995450859
    ],
    "url": "https://www.eapteka.ru/goods/id327751/"
  },
  {
    "name": "Релиф Адванс, мазь для наружного применения 28,4 г 1 шт",
    "producer": "Байер Биттерфельд ГмбХ, Германия",
    "active_component": "Бензокаин",
    "qrcode": [
      4250369503261,
      "-",
      4250369508525
    ],
    "url": "https://www.eapteka.ru/goods/id210309/"
  },
  {
    "name": "Гипосарт, таблетки 32 мг 28 шт.",
    "producer": "Польфарма АО, Польша",
    "active_component": "Кандесартан",
    "qrcode": [
      5903060607095
    ],
    "url": "https://www.eapteka.ru/goods/id294327/"
  },
  {
    "name": "Эритромицин, лиофилизат д/приг р-ра для в/в введ. 100 мг 1 шт",
    "producer": "Синтез ОАО, Россия",
    "active_component": "Эритромицин",
    "qrcode": [
      4602565013875,
      "-",
      280795,
      4602565018726
    ],
    "url": "https://www.eapteka.ru/goods/id37350/"
  },
  {
    "name": "Зульбекс, таблетки кишечнораст.покрыт.плен.об. 20 мг 14 шт",
    "producer": "КРКА дд Ново место, Словения",
    "active_component": "Рабепразол",
    "qrcode": [
      3838989582203,
      3838989732387
    ],
    "url": "https://www.eapteka.ru/goods/id216341/"
  },
  {
    "name": "Гастростат таблетки покрыт. плен. об.100 мг, 30 шт.",
    "producer": "Алиум АО, Россия",
    "active_component": "Ребамипид",
    "qrcode": [
      4605077014439,
      4605077015665
    ],
    "url": "https://www.eapteka.ru/goods/id504065/"
  },
  {
    "name": "Цистон, таблетки   100 шт",
    "producer": "Хималайя Драг Ко., Индия",
    "active_component": "Препарат растительного происхождения",
    "qrcode": [
      8901138030711,
      118901138003,
      8901138003378
    ],
    "url": "https://www.eapteka.ru/goods/id117434/"
  },
  {
    "name": "Ко-Вамлосет, таблетки покрыт.плен.об.10мг+160 мг+12,5 мг 30 шт",
    "producer": "КРКА-РУС, Россия",
    "active_component": "",
    "qrcode": [
      4610017700938
    ],
    "url": "https://www.eapteka.ru/goods/id439752/"
  },
  {
    "name": "Диувер, таблетки 10 мг 20 шт",
    "producer": "Р-Фарм Новоселки, Россия",
    "active_component": "Торасемид",
    "qrcode": [
      4670016770073,
      4630157810014
    ],
    "url": "https://www.eapteka.ru/goods/id514160/"
  },
  {
    "name": "Гевискон Двойное Действие, порошок д/приг суспензии для приема внутрь 300 мл 1 шт",
    "producer": "Рекитт Бенкизер Хелскер, Великобритания",
    "active_component": "Натрия алгинат, Натрия гидрокарбонат, Кальция карбонат",
    "qrcode": [
      4640018991592,
      5000158071773
    ],
    "url": "https://www.eapteka.ru/goods/id336445/"
  },
  {
    "name": "Тыквеол, суппозитории ректальные     10 шт",
    "producer": "Европа-Биофарм, Россия",
    "active_component": "Тыквы обыкновенной семян масло",
    "qrcode": [
      4602932000088
    ],
    "url": "https://www.eapteka.ru/goods/id207776/"
  },
  {
    "name": "Клензит, гель для наружного применения 0,1 % 15 г 1 шт",
    "producer": "Гленмарк Фармасьютикалз Лтд, Индия",
    "active_component": "Адапален",
    "qrcode": [
      8904091103102
    ],
    "url": "https://www.eapteka.ru/goods/id214235/"
  },
  {
    "name": "Моксонидин-СЗ, таблетки покрыт.плен.об. 0,4 мг 90 шт",
    "producer": "Северная Звезда, Россия",
    "active_component": "Моксонидин",
    "qrcode": [
      4690655021329,
      4690655014666
    ],
    "url": "https://www.eapteka.ru/goods/id327653/"
  },
  {
    "name": "Глиатилин раствор для приема внутрь 600 мг/7 мл 7 мл флаконы, 10 шт.",
    "producer": "Мифарм С.п.А., Италия",
    "active_component": "Холина альфосцерат",
    "qrcode": [
      8024790620097,
      8024790125035
    ],
    "url": "https://www.eapteka.ru/goods/id321034/"
  },
  {
    "name": "ТераФлю от гриппа и простуды, порошок д/приг р-ра д/приема внутрь     14 шт",
    "producer": "Делфарм Орлеан, Франция",
    "active_component": "Парацетамол, Фенилэфрин, Фенирамин, Аскорбиновая кислота",
    "qrcode": [
      4602233006895
    ],
    "url": "https://www.eapteka.ru/goods/id301450/"
  },
  {
    "name": "Бруфен СР таблетки с пролонг высвобож покрыт.плен.об. 800 мг, 28 шт.",
    "producer": "Фамар А.В.Е., Греция",
    "active_component": "Ибупрофен",
    "qrcode": [
      8002660031792
    ],
    "url": "https://www.eapteka.ru/goods/id484585/"
  },
  {
    "name": "Цитовир-3, капсулы 24 шт",
    "producer": "Цитомед МБНПК, Россия",
    "active_component": "",
    "qrcode": [
      4606603000346
    ],
    "url": "https://www.eapteka.ru/goods/id226975/"
  },
  {
    "name": "Роксера, таблетки покрыт.плен.об. 10 мг 30 шт",
    "producer": "КРКА-РУС, Россия",
    "active_component": "Розувастатин",
    "qrcode": [
      3838989582449,
      4610017701140
    ],
    "url": "https://www.eapteka.ru/goods/id215272/"
  },
  {
    "name": "Хондроитин сульфат, ампулы 100 мг, 10 шт",
    "producer": "Эллара, Россия",
    "active_component": "Хондроитина сульфат",
    "qrcode": [
      4670008160080
    ],
    "url": "https://www.eapteka.ru/goods/id211234/"
  }
]