[
  {
    "name": "Мастодинон, таблетки   60 шт",
    "producer": "Роттендорф Фарма ГмбХ, Германия",
    "active_component": "Гомеопатический состав",
    "qrcode": [
      4029799129934
    ],
    "url": "https://www.eapteka.ru/goods/id207160/"
  },
  {
    "name": "Минизистон 20 фем, драже 21 шт",
    "producer": "Байер Биттерфельд ГмбХ, Германия",
    "active_component": "",
    "qrcode": [
      4057598004862,
      4013742004423
    ],
    "url": "https://www.eapteka.ru/goods/id119194/"
  },
  {
    "name": "Октолипен, таблетки покрыт.плен.об. 600 мг 30 шт",
    "producer": "Фармстандарт-Лексредства, Россия",
    "active_component": "Тиоктовая кислота",
    "qrcode": [
      4601669009647,
      4602196002767
    ],
    "url": "https://www.eapteka.ru/goods/id218349/"
  },
  {
    "name": "Микозорал, таблетки 200 мг 30 шт",
    "producer": "Акрихин ХФК АО, Россия",
    "active_component": "Кетоконазол",
    "qrcode": [
      4601969004212
    ],
    "url": "https://www.eapteka.ru/goods/id207172/"
  },
  {
    "name": "Релцер, суспензия для приема внутрь 180 мл 1 шт",
    "producer": "Гленмарк Фармасьютикалз Лтд, Индия",
    "active_component": "Алюминия гидроксид, Магния гидроксид, Симетикон, Солодки голой корней порошок",
    "qrcode": [
      8904091117703
    ],
    "url": "https://www.eapteka.ru/goods/id210328/"
  },
  {
    "name": "Домизиа Дуо, капли глазные 20 мг/мл+5 мг/мл фл-кап 5 мл",
    "producer": "Фармстандарт-УфаВИТА, Россия",
    "active_component": "Дорзоламид, Тимолол",
    "qrcode": [
      4601808014334
    ],
    "url": "https://www.eapteka.ru/goods/id514116/"
  },
  {
    "name": "Нормоспектрум для взрослых капсулы, 30 шт.",
    "producer": "Амфита, Россия",
    "active_component": "",
    "qrcode": [
      4612742620062
    ],
    "url": "https://www.eapteka.ru/goods/id211701/"
  },
  {
    "name": "Брим Антиглау ЭКО, капли глазные 2 мг/мл 5 мл",
    "producer": "Польфа Варшавский фармацевтический завод, Польша",
    "active_component": "Бримонидин",
    "qrcode": [
      5903060615991
    ],
    "url": "https://www.eapteka.ru/goods/id513741/"
  },
  {
    "name": "Белосалик, лосьон р-р для наружю примю спрей 20 мл",
    "producer": "Белупо,лекарства и косметика д.д, Хорватия",
    "active_component": "Бетаметазон, Салициловая кислота",
    "qrcode": [
      3850343032278
    ],
    "url": "https://www.eapteka.ru/goods/id218834/"
  },
  {
    "name": "Ноурем, таблетки 0,1 мг 30 шт",
    "producer": "Канонфарма продакшн ЗАО, Россия",
    "active_component": "Десмопрессин",
    "qrcode": [
      4606486023432
    ],
    "url": "https://www.eapteka.ru/goods/id259277/"
  },
  {
    "name": "Персен Ночь, капсулы     40 шт",
    "producer": "Лек Фармасьютикалз д.д., Словения",
    "active_component": "",
    "qrcode": [
      3838957076758,
      3838957007462
    ],
    "url": "https://www.eapteka.ru/goods/id230411/"
  },
  {
    "name": "Левофлоксацин-Тева, таблетки покрыт.плен.об. 500 мг 14 шт.",
    "producer": "Тева Фармацевтические Предприятия Лтд, Израиль",
    "active_component": "Левофлоксацин",
    "qrcode": [
      7290102065394
    ],
    "url": "https://www.eapteka.ru/goods/id213634/"
  },
  {
    "name": "Ингавирин сироп 30 мг/5 мл, 90 мл",
    "producer": "АВС Фармацойтичи С.п.А, Италия",
    "active_component": "Имидазолилэтанамид пентандиовой кислоты",
    "qrcode": [
      4602193013209,
      4602193013193
    ],
    "url": "https://www.eapteka.ru/goods/id500902/"
  },
  {
    "name": "Тотема, раствор для приема внутрь 10 мл 20 шт",
    "producer": "Иннотек Интернасиональ, Франция",
    "active_component": "Железа глюконат, Марганца глюконат, Меди глюконат",
    "qrcode": [
      3400970000999,
      3614250000399
    ],
    "url": "https://www.eapteka.ru/goods/id102715/"
  },
  {
    "name": "Эльжина, таблетки вагинальные     9 шт",
    "producer": "Вертекс, Россия",
    "active_component": "",
    "qrcode": [
      4607003242619
    ],
    "url": "https://www.eapteka.ru/goods/id263222/"
  },
  {
    "name": "Ордисс, таблетки 8 мг 30 шт",
    "producer": "Плива Хрватска д.о.о., Хорватия",
    "active_component": "Кандесартан",
    "qrcode": [
      7290106064461,
      3850114243148
    ],
    "url": "https://www.eapteka.ru/goods/id265396/"
  },
  {
    "name": "Глиатилин раствор для в/в и в/м введ 1000 мг/3мл 3 мл амп, 3 шт.",
    "producer": "Италфармако С.п.А., Италия",
    "active_component": "Холина альфосцерат",
    "qrcode": [
      8024790620073,
      8024790125028
    ],
    "url": "https://www.eapteka.ru/goods/id321033/"
  },
  {
    "name": "Дипана, таблетки покрыт.плен.об.   48 шт",
    "producer": "Сентисс Фарма Пвт.Лтд, Индия",
    "active_component": "Препарат растительного происхождения",
    "qrcode": [
      8901236009121,
      8901236009128
    ],
    "url": "https://www.eapteka.ru/goods/id209982/"
  },
  {
    "name": "Исла Моос, пастилки, 30 шт.",
    "producer": "Энгельхард Арцнаймиттель Гмбх и Ко., Германия",
    "active_component": "",
    "qrcode": [
      4104480460081
    ],
    "url": "https://www.eapteka.ru/goods/id222629/"
  },
  {
    "name": "Моноприл, таблетки 20 мг 28 шт",
    "producer": "Ай Си Эн Польфа Жешув АО, Польша",
    "active_component": "Фозиноприл",
    "qrcode": [
      4602505001481,
      4607013581463
    ],
    "url": "https://www.eapteka.ru/goods/id30878/"
  }
]