[
  {
    "name": "Афобазол Ретард таблетки с пролонг.высвобож.покрыт.плен.об. 30 мг, таблетки с пролонг.высвобож покрыт.плен.об 30 мг 20 шт",
    "producer": "Фармстандарт-Лексредства, Россия",
    "active_component": "Фабомотизол",
    "qrcode": [
      4601669015150
    ],
    "url": "https://www.eapteka.ru/goods/id510483/"
  },
  {
    "name": "ГлюкаГен 1 мг ГипоКит, лиофилизат д/приг.р-ра для иньекций 1 мг фл 1 шт",
    "producer": "Ново Нордиск А/С, Дания",
    "active_component": "Глюкагон",
    "qrcode": [
      4602206000295,
      "-",
      5712249108151
    ],
    "url": "https://www.eapteka.ru/goods/id26865/"
  },
  {
    "name": "Детравенол, таблетки покрыт.плен.об. 1000 мг 18 шт",
    "producer": "Озон, Россия",
    "active_component": "Очищенная микронизированная флавоноидная фракция (диосмин ,  флавоноиды в пересчете на гесперидин)",
    "qrcode": [
      4680020187033
    ],
    "url": "https://www.eapteka.ru/goods/id511265/"
  },
  {
    "name": "Ко-Перинева, таблетки 2,5+8 мг, 30 шт",
    "producer": "КРКА-РУС, Россия",
    "active_component": "Индапамид, Периндоприл",
    "qrcode": [
      4607055133361
    ],
    "url": "https://www.eapteka.ru/goods/id212652/"
  },
  {
    "name": "Энзикс дуо форте, таблетки 2,5 мг+20 мг  45 шт",
    "producer": "Хемофарм ООО, Россия",
    "active_component": "Индапамид, Эналаприл",
    "qrcode": [
      4607143560215
    ],
    "url": "https://www.eapteka.ru/goods/id207730/"
  },
  {
    "name": "Спазмалин, таблетки   100 шт",
    "producer": "Торрент Фармасьютикалс Лтд, Индия",
    "active_component": "Метамизол натрия, Питофенон, Фенпивериния бромид",
    "qrcode": [
      4602656000319,
      8903855002088,
      108903855002
    ],
    "url": "https://www.eapteka.ru/goods/id29745/"
  },
  {
    "name": "Ксефокам, таблетки покрыт.плен.об. 8 мг 30 шт",
    "producer": "Такеда ГмбХ, Германия",
    "active_component": "Лорноксикам",
    "qrcode": [
      4009283000130,
      4605964004895
    ],
    "url": "https://www.eapteka.ru/goods/id217936/"
  },
  {
    "name": "Гроприносин-Рихтер, сироп 50 мг/мл 150 мл 1 шт",
    "producer": "Гедеон Рихтер Румыния А.О., Румыния",
    "active_component": "Инозин Пранобекс",
    "qrcode": [
      5997001364888
    ],
    "url": "https://www.eapteka.ru/goods/id505902/"
  },
  {
    "name": "Ирифрин, капли глазные 2,5 % 5 мл",
    "producer": "Сентисс Фарма Пвт.Лтд, Индия",
    "active_component": "Фенилэфрин",
    "qrcode": [
      8901236010806,
      118901236010,
      2519419296518,
      8901236010803,
      8901236003600
    ],
    "url": "https://www.eapteka.ru/goods/id233658/"
  },
  {
    "name": "Леркамен Дуо, таблетки покрыт.плен.об. 10 мг+10 мг 28 шт",
    "producer": "Рекордати химическая и фармацевтическая индустрия, Италия",
    "active_component": "Лерканидипин, Эналаприл",
    "qrcode": [
      5391519922156
    ],
    "url": "https://www.eapteka.ru/goods/id314533/"
  },
  {
    "name": "Синдранол, таблетки пролонгированного действия 2 мг   28 шт",
    "producer": "ЭГИС, Венгрия",
    "active_component": "Ропинирол",
    "qrcode": [
      5995327143217
    ],
    "url": "https://www.eapteka.ru/goods/id277729/"
  },
  {
    "name": "Аторика табс таблетки покрыт.плен.об. 90 мг, 28 шт.",
    "producer": "Канонфарма продакшн ЗАО, Россия",
    "active_component": "Эторикоксиб",
    "qrcode": [
      4606486035336
    ],
    "url": "https://www.eapteka.ru/goods/id484584/"
  },
  {
    "name": "Лавомакс, таблетки покрыт.об. 125 мг 10 шт",
    "producer": "Нижфарм АО, Россия",
    "active_component": "Тилорон",
    "qrcode": [
      4601026302626
    ],
    "url": "https://www.eapteka.ru/goods/id207993/"
  },
  {
    "name": "Кандид Б, крем для наружного применения 15 г",
    "producer": "Гленмарк Фармасьютикалз Лтд, Индия",
    "active_component": "Беклометазон, Клотримазол",
    "qrcode": [
      8904091100217,
      8901091000035
    ],
    "url": "https://www.eapteka.ru/goods/id124671/"
  },
  {
    "name": "Плендил, таблетки пролонгированного действия 5 мг   30 шт",
    "producer": "АстраЗенека Фармасьютикал Ко., Лтд., Китай",
    "active_component": "Фелодипин",
    "qrcode": [
      5000456022491,
      7321838740849
    ],
    "url": "https://www.eapteka.ru/goods/id105021/"
  },
  {
    "name": "Лозап таблетки покрыт.плен.об 50 мг, 90 шт.",
    "producer": "Санека Фармасьютикалс а.с., Словакия",
    "active_component": "Лозартан",
    "qrcode": [
      8584005033543,
      3582910090724,
      3664798046717
    ],
    "url": "https://www.eapteka.ru/goods/id212312/"
  },
  {
    "name": "Регидрон, порошок д/приг р-ра д/приема внутрь     20 шт",
    "producer": "Ресифарм Паретс С.Л., Испания",
    "active_component": "Декстроза, Калия хлорид, Натрия хлорид, Натрия цитрат",
    "qrcode": [
      6432100002525
    ],
    "url": "https://www.eapteka.ru/goods/id125459/"
  },
  {
    "name": "Афала, таблетки   100 шт",
    "producer": "Материа Медика Холдинг, Россия",
    "active_component": "Антитела",
    "qrcode": [
      4607009582290,
      4607009581309,
      "-"
    ],
    "url": "https://www.eapteka.ru/goods/id208736/"
  },
  {
    "name": "Тензотран, таблетки покрыт.плен.об. 0,4 мг 28 шт",
    "producer": "Меркле ГмбХ, Германия",
    "active_component": "Моксонидин",
    "qrcode": [
      4607141997426,
      4030096123150,
      "-"
    ],
    "url": "https://www.eapteka.ru/goods/id222696/"
  },
  {
    "name": "Роксатенз-инда, таблетки покрыт.плен.об. 1,25 мг+4 мг+10 мг  30 шт",
    "producer": "КРКА дд Ново место, Словения",
    "active_component": "Индапамид, Периндоприл, Розувастатин",
    "qrcode": [
      3838989721725
    ],
    "url": "https://www.eapteka.ru/goods/id484454/"
  }
]