[
  {
    "name": "Венарус 500, таблетки покрыт.плен.об. 500 мг 30 шт",
    "producer": "Оболенское ФП АО, Россия",
    "active_component": "Гесперидин, Диосмин",
    "qrcode": [
      4605077005147
    ],
    "url": "https://www.eapteka.ru/goods/id215324/"
  },
  {
    "name": "Мелатонин Эвалар, таблетки покрыт.плен.об. 3 мг 100 шт",
    "producer": "Эвалар, Россия",
    "active_component": "Мелатонин",
    "qrcode": [
      4602242010258
    ],
    "url": "https://www.eapteka.ru/goods/id512851/"
  },
  {
    "name": "Дицетел, таблетки покрыт.плен.об. 50 мг 20 шт.",
    "producer": "Эббот Биолоджикалз Б.В., Нидерланды",
    "active_component": "Пинаверия бромид",
    "qrcode": [
      3760008320018,
      8002660026644
    ],
    "url": "https://www.eapteka.ru/goods/id103522/"
  },
  {
    "name": "Постинор, таблетки 0,75 мг 2 шт",
    "producer": "Гедеон Рихтер, Венгрия",
    "active_component": "Левоноргестрел",
    "qrcode": [
      5997001360170
    ],
    "url": "https://www.eapteka.ru/goods/id21907/"
  },
  {
    "name": "Нутрикомп Энергия файбер ликвид, бутыль, 500 мл",
    "producer": "Б.Браун Мельзунген АГ, Швейцария",
    "active_component": "",
    "qrcode": [
      4030539184977
    ],
    "url": "https://www.eapteka.ru/goods/id213346/"
  },
  {
    "name": "Вилдегра таблетки пролонг. д-я покрыт.плен.об. 100 мг, 10 шт.",
    "producer": "Озон, Россия",
    "active_component": "Силденафил",
    "qrcode": [
      4680020180935
    ],
    "url": "https://www.eapteka.ru/goods/id294304/"
  },
  {
    "name": "Перхотал, шампунь 2%, 100 мл",
    "producer": "Джепак Интернейшенл, Индия",
    "active_component": "Кетоконазол",
    "qrcode": [
      8901278000193
    ],
    "url": "https://www.eapteka.ru/goods/id218082/"
  },
  {
    "name": "Престанс, таблетки 5 мг+5 мг  30 шт",
    "producer": "Сервье, Россия",
    "active_component": "",
    "qrcode": [
      4607159861771,
      4607159861054
    ],
    "url": "https://www.eapteka.ru/goods/id212620/"
  },
  {
    "name": "Клацид, таблетки покрыт.плен.об. 250 мг 10 шт",
    "producer": "ЭббВи С.р.Л., Италия",
    "active_component": "Кларитромицин",
    "qrcode": [
      8023813094426,
      8002660019714
    ],
    "url": "https://www.eapteka.ru/goods/id203449/"
  },
  {
    "name": "Дифлюкан, капсулы 150 мг 4 шт",
    "producer": "Пфайзер, Пуэрто-Рико",
    "active_component": "Флуконазол",
    "qrcode": [
      4607131041603
    ],
    "url": "https://www.eapteka.ru/goods/id103090/"
  },
  {
    "name": "Ливарол, суппозитории вагинальные 400 мг 5 шт",
    "producer": "Нижфарм АО, Россия",
    "active_component": "Кетоконазол",
    "qrcode": [
      4601026302060
    ],
    "url": "https://www.eapteka.ru/goods/id206783/"
  },
  {
    "name": "Сумамигрен, таблетки покрыт.плен.об. 50 мг 6 шт",
    "producer": "Польфарма АО, Польша",
    "active_component": "Суматриптан",
    "qrcode": [
      5903060005129
    ],
    "url": "https://www.eapteka.ru/goods/id216933/"
  },
  {
    "name": "Креон 25000, капсулы кишечнорастворимые 25000 ед 20 шт",
    "producer": "Верофарм АО, Россия",
    "active_component": "Панкреатин",
    "qrcode": [
      4620011583611
    ],
    "url": "https://www.eapteka.ru/goods/id512993/"
  },
  {
    "name": "Розувастатин-СЗ, таблетки покрыт.плен.об. 10 мг 60 шт",
    "producer": "Северная Звезда, Россия",
    "active_component": "Розувастатин",
    "qrcode": [
      4690655014710
    ],
    "url": "https://www.eapteka.ru/goods/id265902/"
  },
  {
    "name": "Тартефедрель, капли для приема внутрь     1 шт",
    "producer": "Biologische Heilmittel Heel, Германия",
    "active_component": "Гомеопатический состав",
    "qrcode": [
      4601654000888,
      4047642014824
    ],
    "url": "https://www.eapteka.ru/goods/id22958/"
  },
  {
    "name": "Фосфо-сода, раствор для приема внутрь     2 шт",
    "producer": "Лабораториос Касен Флит С.Л., Испания",
    "active_component": "Натрия дигидрофосфата дигидрат, Натрия гидрофосфата додекагидрат",
    "qrcode": [
      4603583000205,
      8430134000782
    ],
    "url": "https://www.eapteka.ru/goods/id211412/"
  },
  {
    "name": "Вертигохель, капли для приема внутрь , 30 мл",
    "producer": "Biologische Heilmittel Heel, Германия",
    "active_component": "Гомеопатический состав",
    "qrcode": [
      4601654000024,
      4047642014961
    ],
    "url": "https://www.eapteka.ru/goods/id22898/"
  },
  {
    "name": "Тидомет Форте, таблетки 250 мг+25 мг  100 шт",
    "producer": "Торрент Фармасьютикалс Лтд, Индия",
    "active_component": "Леводопа, Карбидопа",
    "qrcode": [
      4602656000616,
      8903855002200,
      "-"
    ],
    "url": "https://www.eapteka.ru/goods/id29631/"
  },
  {
    "name": "Валз Комби таблетки покрыт.плен.об. 10 мг+160 мг, таблетки покрыт.плен.об. 10 мг+160 мг 28 шт",
    "producer": "Балканфарма - Дупница АД, Болгария",
    "active_component": "Амлодипин, Валсартан",
    "qrcode": [
      4630013790979
    ],
    "url": "https://www.eapteka.ru/goods/id504042/"
  },
  {
    "name": "Ондансетрон-Альтфарм, суппозитории ректальные 16 мг   2 шт",
    "producer": "Альтфарм, Россия",
    "active_component": "Ондансетрон",
    "qrcode": [
      4607035440229
    ],
    "url": "https://www.eapteka.ru/goods/id212573/"
  }
]