[
  {
    "name": "Броксинак капли глазные 0.09% флаконы, 2,5 мл",
    "producer": "Сентисс Фарма Пвт.Лтд, Индия",
    "active_component": "Бромфенак",
    "qrcode": [
      8901236020539,
      890123602053,
      8901236020536
    ],
    "url": "https://www.eapteka.ru/goods/id359757/"
  },
  {
    "name": "Фенибут, таблетки 250 мг 20 шт",
    "producer": "Олайнфарм, Латвия",
    "active_component": "Аминофенилмасляная кислота",
    "qrcode": [
      4750258002023
    ],
    "url": "https://www.eapteka.ru/goods/id33204/"
  },
  {
    "name": "Артрозилен пена для наружного применения 15%, 25 мл",
    "producer": "Зельаэрозоль ГмбХ, Германия",
    "active_component": "Кетопрофен",
    "qrcode": [
      8024825000306,
      8024825000030
    ],
    "url": "https://www.eapteka.ru/goods/id110242/"
  },
  {
    "name": "Имунофан суппозитории ректальные 90 мкг, 5 шт.",
    "producer": "Бионокс, Россия",
    "active_component": "Аргинил-альфа-аспартил-лизил-валил-тирозил-аргинин",
    "qrcode": [
      4602186000063,
      4602186000131
    ],
    "url": "https://www.eapteka.ru/goods/id209786/"
  },
  {
    "name": "Спазмекс, таблетки 15 мг 30 шт",
    "producer": "Др Пфлегер, Германия",
    "active_component": "Троспия хлорид",
    "qrcode": [
      4028305000095
    ],
    "url": "https://www.eapteka.ru/goods/id125548/"
  },
  {
    "name": "Кветиапин таблетки покрыт.плен.об. 25 мг, 60 шт.",
    "producer": "Озон, Россия",
    "active_component": "Кветиапин",
    "qrcode": [
      4680020180980
    ],
    "url": "https://www.eapteka.ru/goods/id504038/"
  },
  {
    "name": "Цитофлавин, раствор для инъекций 10 мл 5 шт",
    "producer": "Полисан НТФФ ООО, Россия",
    "active_component": "Инозин, Никотинамид, Рибофлавин, Янтарная кислота",
    "qrcode": [
      4603191000857
    ],
    "url": "https://www.eapteka.ru/goods/id212257/"
  },
  {
    "name": "Розувастатин-СЗ, таблетки покрыт.плен.об. 40 мг 30 шт",
    "producer": "Северная Звезда, Россия",
    "active_component": "Розувастатин",
    "qrcode": [
      4690655008269,
      4690655021053
    ],
    "url": "https://www.eapteka.ru/goods/id265901/"
  },
  {
    "name": "Тауфон Табс Лютеин, таблетки покрыт.плен.об.   120 шт",
    "producer": "Фармстандарт-УфаВИТА, Россия",
    "active_component": "Поливитамины, Прочие препараты",
    "qrcode": [
      4601808013955
    ],
    "url": "https://www.eapteka.ru/goods/id497211/"
  },
  {
    "name": "Динамико, таблетки покрыт.плен.об. 100 мг 1 шт.",
    "producer": "Плива Хрватска д.о.о., Хорватия",
    "active_component": "Силденафил",
    "qrcode": [
      3850114226790
    ],
    "url": "https://www.eapteka.ru/goods/id213407/"
  },
  {
    "name": "Фелодип, таблетки с пролонг.высвобож покрыт.плен.об 2,5 мг 30 шт",
    "producer": "Клоке Фарма-Сервис ГмбХ, Германия",
    "active_component": "Фелодипин",
    "qrcode": [
      8594737221811,
      8594737246913
    ],
    "url": "https://www.eapteka.ru/goods/id205772/"
  },
  {
    "name": "Депренорм МВ таблетки с пролонг.высвобож покрыт.плен.об 35 мг, 60 шт",
    "producer": "Канонфарма продакшн ЗАО, Россия",
    "active_component": "Триметазидин",
    "qrcode": [
      4606486029953,
      4606486003526
    ],
    "url": "https://www.eapteka.ru/goods/id210500/"
  },
  {
    "name": "Рокона, таблетки покрыт.плен.об. 50 мг 15 шт",
    "producer": "Рафарма АО, Россия",
    "active_component": "Флувоксамин",
    "qrcode": [
      4605964007032,
      4660007813322
    ],
    "url": "https://www.eapteka.ru/goods/id331799/"
  },
  {
    "name": "Хофитол, таблетки   60 шт",
    "producer": "Лаборатория Роза-Фитофарма, Франция",
    "active_component": "Артишока листьев экстракт",
    "qrcode": [
      3760001050158
    ],
    "url": "https://www.eapteka.ru/goods/id125821/"
  },
  {
    "name": "Тетрадерм, крем   15 г 1 шт",
    "producer": "Вертекс, Россия",
    "active_component": "Гентамицин, Декспантенол, Мометазон, Эконазол",
    "qrcode": [
      4607003248833
    ],
    "url": "https://www.eapteka.ru/goods/id296999/"
  },
  {
    "name": "Телзап АМ, таблетки 10 мг+80 мг 28 шт",
    "producer": "Зентива к.с, Чешская Республика",
    "active_component": "Амлодипин, Телмисартан",
    "qrcode": [
      3664798012675
    ],
    "url": "https://www.eapteka.ru/goods/id354490/"
  },
  {
    "name": "Топамакс, капсулы 25 мг   60 шт",
    "producer": "Янссен Фармацевтика Н.В, Бельгия",
    "active_component": "Топирамат",
    "qrcode": [
      4605949001567,
      4602243002399
    ],
    "url": "https://www.eapteka.ru/goods/id119138/"
  },
  {
    "name": "Гинкоум, капсулы 40 мг 60 шт",
    "producer": "Эвалар, Россия",
    "active_component": "Ацетилсалициловая кислота",
    "qrcode": [
      4602242001461
    ],
    "url": "https://www.eapteka.ru/goods/id217229/"
  },
  {
    "name": "Глюкофаж Лонг, таблетки с пролонг высвобождением 1000 мг 60 шт",
    "producer": "Нанолек/Мерк, Россия",
    "active_component": "Метформин",
    "qrcode": [
      3596540150130,
      4640017590987
    ],
    "url": "https://www.eapteka.ru/goods/id279114/"
  },
  {
    "name": "Рутацид, таблетки жевательные 500 мг 60 шт",
    "producer": "КРКА дд Ново место, Словения",
    "active_component": "Гидроталцит",
    "qrcode": [
      3838989539627
    ],
    "url": "https://www.eapteka.ru/goods/id205517/"
  }
]