[
  {
    "name": "Амприлан НД таблетки 25 мг+5 мг, 30 шт.",
    "producer": "КРКА дд Ново место, Словения",
    "active_component": "Гидрохлоротиазид, Рамиприл",
    "qrcode": [
      3838989541187
    ],
    "url": "https://www.eapteka.ru/goods/id211444/"
  },
  {
    "name": "Эслидин, капсулы     30 шт",
    "producer": "Нижфарм АО, Россия",
    "active_component": "Метионин, Фосфолипиды",
    "qrcode": [
      4610011970429,
      4607143560864,
      4601026303326
    ],
    "url": "https://www.eapteka.ru/goods/id213340/"
  },
  {
    "name": "Дорзоламид+Тимолол капли глазные 20 мг/мл + 5 мг/мл фл-кап, 5 мл",
    "producer": "МЭЗ, Россия",
    "active_component": "Дорзоламид, Тимолол",
    "qrcode": [
      4602676012095
    ],
    "url": "https://www.eapteka.ru/goods/id510493/"
  },
  {
    "name": "Адвантан жирная, мазь для наружного применения 0,1 % 15 г 1 шт",
    "producer": "ЛЕО Фарма Мануфэкчуринг Итали С.р.л, Италия",
    "active_component": "Метилпреднизолона ацепонат",
    "qrcode": [
      4260085520251,
      "-",
      5702191023411
    ],
    "url": "https://www.eapteka.ru/goods/id204250/"
  },
  {
    "name": "Фуцидин, мазь 2 % 15 г 1 шт",
    "producer": "ЛЕО Лэбораторис Лимитед, Ирландия",
    "active_component": "Фузидовая кислота",
    "qrcode": [
      7046264310236,
      5702191009897
    ],
    "url": "https://www.eapteka.ru/goods/id204759/"
  },
  {
    "name": "Танакан, таблетки покрыт.плен.об. 40 мг 30 шт",
    "producer": "Бофур Ипсен Индастри, Франция",
    "active_component": "Гинкго двулопастного листьев экстракт",
    "qrcode": [
      3582182990401,
      3665585001230,
      4680010790090
    ],
    "url": "https://www.eapteka.ru/goods/id102463/"
  },
  {
    "name": "Нобазит, капсулы 250 мг 20 шт",
    "producer": "Ирбитский ХФЗ, Россия",
    "active_component": "Энисамия йодид",
    "qrcode": [
      4603276009218
    ],
    "url": "https://www.eapteka.ru/goods/id495545/"
  },
  {
    "name": "Зокардис 30, таблетки покрыт.плен.об. 30 мг 28 шт",
    "producer": "А.Менарини Мэнюфекчеринг Лоджистикс энд Сервисиз С, Италия",
    "active_component": "Зофеноприл",
    "qrcode": [
      4013054010570
    ],
    "url": "https://www.eapteka.ru/goods/id208368/"
  },
  {
    "name": "Дуоденохель, таблетки   50 шт",
    "producer": "Biologische Heilmittel Heel, Германия",
    "active_component": "Гомеопатический состав",
    "qrcode": [
      4601654000277,
      4047642014374
    ],
    "url": "https://www.eapteka.ru/goods/id22922/"
  },
  {
    "name": "Никсар, таблетки 20 мг 10 шт",
    "producer": "Фаес Фарма С.А., Испания",
    "active_component": "Биластин",
    "qrcode": [
      4013054022887
    ],
    "url": "https://www.eapteka.ru/goods/id276415/"
  },
  {
    "name": "Генферон суппозитории вагинальные и ректальные 55 мг+500 тыс.МЕ+10 мг, 10 шт.",
    "producer": "Биокад, Россия",
    "active_component": "Бензокаин, Интерферон альфа-2b, Таурин",
    "qrcode": [
      4607028390029
    ],
    "url": "https://www.eapteka.ru/goods/id207759/"
  },
  {
    "name": "Бепантен, мазь для наружного применения 5 % 50 г 1 шт",
    "producer": "ГП Гренцах Продукционс, Германия",
    "active_component": "Декспантенол",
    "qrcode": [
      4250369506637
    ],
    "url": "https://www.eapteka.ru/goods/id274456/"
  },
  {
    "name": "Лимфомиозот, капли для приема внутрь , 30 мл",
    "producer": "Biologische Heilmittel Heel, Германия",
    "active_component": "Гомеопатический состав",
    "qrcode": [
      4601654000062,
      4047642014541
    ],
    "url": "https://www.eapteka.ru/goods/id22934/"
  },
  {
    "name": "Ко-Вамлосет, таблетки покрыт.плен.об. 10 мг+160 мг+25 мг 30 шт",
    "producer": "КРКА-РУС, Россия",
    "active_component": "",
    "qrcode": [
      4610017700945
    ],
    "url": "https://www.eapteka.ru/goods/id439753/"
  },
  {
    "name": "Пенталгин экстра, гель для наружного применения 100 г   1 шт",
    "producer": "Лекко ЗАО, Россия",
    "active_component": "Кетопрофен",
    "qrcode": [
      4603671003187
    ],
    "url": "https://www.eapteka.ru/goods/id489819/"
  },
  {
    "name": "Зульбекс, таблетки кишечнораст.покрыт.плен.об. 10 мг 28 шт",
    "producer": "КРКА дд Ново место, Словения",
    "active_component": "Рабепразол",
    "qrcode": [
      3838989582166,
      3838989732363,
      3838989737894
    ],
    "url": "https://www.eapteka.ru/goods/id216294/"
  },
  {
    "name": "Эссливер форте, капсулы     50 шт",
    "producer": "Наброс Фарма, Индия",
    "active_component": "Поливитамины, Фосфолипиды",
    "qrcode": [
      8901135000779,
      8901135000776,
      4601026157486
    ],
    "url": "https://www.eapteka.ru/goods/id28942/"
  },
  {
    "name": "Офломикол, раствор для наружного применения 15 мл   1 шт",
    "producer": "Гленмарк Фармасьютикалз Лтд, Индия",
    "active_component": "Сертаконазол",
    "qrcode": [
      8904091135455
    ],
    "url": "https://www.eapteka.ru/goods/id496853/"
  },
  {
    "name": "Конвалис капсулы 300 мг, 50 шт.",
    "producer": "Фармстандарт-Лексредства, Россия",
    "active_component": "Габапентин",
    "qrcode": [
      4603671002302,
      4601669010711
    ],
    "url": "https://www.eapteka.ru/goods/id211691/"
  },
  {
    "name": "Таваник, таблетки покрыт.плен.об. 500 мг 10 шт",
    "producer": "Опелла Хелскеа Интернешнл САС, Франция",
    "active_component": "Левофлоксацин",
    "qrcode": [
      3582910059745
    ],
    "url": "https://www.eapteka.ru/goods/id204706/"
  }
]