[
  {
    "name": "Апилак Гриндекс, таблетки 10 мг 50 шт",
    "producer": "Гриндекс АО, Латвия",
    "active_component": "Маточное молочко",
    "qrcode": [
      4750232001639
    ],
    "url": "https://www.eapteka.ru/goods/id246247/"
  },
  {
    "name": "Мексидол ФОРТЕ 250, таблетки покрыт.плен.об. 250 мг 40 шт",
    "producer": "ФКП Армавирская биофабрика, Россия",
    "active_component": "Этилметилгидроксипиридина сукцинат",
    "qrcode": [
      4650075360156
    ],
    "url": "https://www.eapteka.ru/goods/id337345/"
  },
  {
    "name": "Релиф Ультра, свечи ректальные, 12 шт.",
    "producer": "Байер Биттерфельд ГмбХ, Германия",
    "active_component": "Гидрокортизона, Цинка сульфата",
    "qrcode": [
      4250369503360
    ],
    "url": "https://www.eapteka.ru/goods/id209773/"
  },
  {
    "name": "Простатилен, лиофилизат для р-ра для в/мыш введ 5 мг амп.10 шт.",
    "producer": "Цитомед МБНПК, Россия",
    "active_component": "Простаты экстракт",
    "qrcode": [
      4606603000063
    ],
    "url": "https://www.eapteka.ru/goods/id125435/"
  },
  {
    "name": "Гинкоум, капсулы 80 мг 60 шт",
    "producer": "Эвалар, Россия",
    "active_component": "Гинкго двулопастного листьев экстракт",
    "qrcode": [
      4602242000648
    ],
    "url": "https://www.eapteka.ru/goods/id229147/"
  },
  {
    "name": "Орвис Иммуно спрей для полости рта, 10 мл",
    "producer": "Эвалар, Россия",
    "active_component": "",
    "qrcode": [
      4602242021889
    ],
    "url": "https://www.eapteka.ru/goods/id494841/"
  },
  {
    "name": "Креон 10000, капсулы кишечнорастворимые 10000 ед 50 шт",
    "producer": "Верофарм АО, Россия",
    "active_component": "Панкреатин",
    "qrcode": [
      4620011583727
    ],
    "url": "https://www.eapteka.ru/goods/id512994/"
  },
  {
    "name": "Биматан капли глазные 0.03% флаконы, 2,5 мл",
    "producer": "Сентисс Фарма Пвт.Лтд, Индия",
    "active_component": "Биматопрост",
    "qrcode": [
      8901236017805,
      "890123601780*",
      8901236017802
    ],
    "url": "https://www.eapteka.ru/goods/id359647/"
  },
  {
    "name": "Гинекохель, капли для приема внутрь , 30 мл",
    "producer": "Biologische Heilmittel Heel, Германия",
    "active_component": "Гомеопатический состав",
    "qrcode": [
      4601654000048,
      4047642014459
    ],
    "url": "https://www.eapteka.ru/goods/id22912/"
  },
  {
    "name": "Регулон, таблетки покрыт.плен.об.   21 шт",
    "producer": "Гедеон Рихтер, Венгрия",
    "active_component": "",
    "qrcode": [
      5997001357767,
      5997001371046
    ],
    "url": "https://www.eapteka.ru/goods/id117453/"
  },
  {
    "name": "Вальсакор НД160, таблетки покрыт.плен.об. 160 мг+25 мг 30 шт",
    "producer": "КРКА-РУС, Россия",
    "active_component": "Валсартан, Гидрохлоротиазид",
    "qrcode": [
      3838989644468,
      4610017700884
    ],
    "url": "https://www.eapteka.ru/goods/id235300/"
  },
  {
    "name": "Аркоксиа, таблетки покрыт.плен.об. 60 мг 14 шт",
    "producer": "Рови Фарма Индастриал Сервисиз С.А., Испания",
    "active_component": "Эторикоксиб",
    "qrcode": [
      4602210002780
    ],
    "url": "https://www.eapteka.ru/goods/id262336/"
  },
  {
    "name": "Этопозид-Тева, концентрат д/приг р-ра для инфузий 20 мг/мл 10 мл 1 шт",
    "producer": "Фармахеми Б.В., Нидерланды",
    "active_component": "Этопозид",
    "qrcode": [
      8711218850005
    ],
    "url": "https://www.eapteka.ru/goods/id270531/"
  },
  {
    "name": "Бимоптик Ромфарм капли глазные 0,3 мг/мл флаконы, 3 мл",
    "producer": "К.О.Ромфарм Компани С.Р.Л., Румыния",
    "active_component": "Биматопрост",
    "qrcode": [
      5944728003033
    ],
    "url": "https://www.eapteka.ru/goods/id301597/"
  },
  {
    "name": "Стелфрин, капли глазные 2,5 % 10 мл 1 шт",
    "producer": "Гротекс ООО, Россия",
    "active_component": "Фенилэфрин",
    "qrcode": [
      4670028227862
    ],
    "url": "https://www.eapteka.ru/goods/id502840/"
  },
  {
    "name": "Силденафил-СЗ, таблетки покрыт.плен.об. 50 мг 20 шт",
    "producer": "Северная Звезда, Россия",
    "active_component": "Силденафил",
    "qrcode": [
      4690655014895
    ],
    "url": "https://www.eapteka.ru/goods/id265613/"
  },
  {
    "name": "Периндоприл ПЛЮС Индапамид, таблетки покрыт.плен.об. 1,25 мг+4 мг  30 шт",
    "producer": "Изварино Фарма, Россия",
    "active_component": "Индапамид, Периндоприл",
    "qrcode": [
      4660007701780
    ],
    "url": "https://www.eapteka.ru/goods/id266675/"
  },
  {
    "name": "Нюда, спрей, 50 мл",
    "producer": "Г.Поль- Боскамп ГмбХ и Ко.КГ, Германия",
    "active_component": "",
    "qrcode": [
      4029125060993,
      4029125074730
    ],
    "url": "https://www.eapteka.ru/goods/id212002/"
  },
  {
    "name": "Валацикловир Канон таблетки покрыт.плен.об. 1000 мг, 7 шт.",
    "producer": "Канонфарма продакшн ЗАО, Россия",
    "active_component": "Валацикловир",
    "qrcode": [
      4606486029632
    ],
    "url": "https://www.eapteka.ru/goods/id328507/"
  },
  {
    "name": "Арнебия Витамин В + Магний таблетки 60 шт., упак.",
    "producer": "Нутрио, Германия",
    "active_component": "",
    "qrcode": [
      4601654003148
    ],
    "url": "https://www.eapteka.ru/goods/id248396/"
  }
]