[
  {
    "name": "Цинокап, крем для наружного применения     1 шт",
    "producer": "Лекко ЗАО, Россия",
    "active_component": "",
    "qrcode": [
      4602196002460,
      4603671003071
    ],
    "url": "https://www.eapteka.ru/goods/id212320/"
  },
  {
    "name": "Кветиапин таблетки покрыт.плен.об. 25 мг, 60 шт.",
    "producer": "Канонфарма продакшн ЗАО, Россия",
    "active_component": "Кветиапин",
    "qrcode": [
      4606486008972,
      4606486025573
    ],
    "url": "https://www.eapteka.ru/goods/id214225/"
  },
  {
    "name": "Либексин Муко сироп 50 мг/мл, 125 мл",
    "producer": "Sanofi А.Наттерманн энд Сие ГмбХ, Германия",
    "active_component": "Карбоцистеин",
    "qrcode": [
      3582910038573,
      3582910069331
    ],
    "url": "https://www.eapteka.ru/goods/id207833/"
  },
  {
    "name": "Энап Р, раствор для инъекций 1,25 мг/мл 1 5 шт",
    "producer": "КРКА дд Ново место, Словения",
    "active_component": "Эналаприлат",
    "qrcode": [
      3838989500542
    ],
    "url": "https://www.eapteka.ru/goods/id98878/"
  },
  {
    "name": "Эторелекс, таблетки покрыт.плен.об. 90 мг 28 шт",
    "producer": "Фармасинтез АО, Россия",
    "active_component": "Эторикоксиб",
    "qrcode": [
      4605310013120
    ],
    "url": "https://www.eapteka.ru/goods/id492248/"
  },
  {
    "name": "Аллегра, таблетки покрыт.плен.об. 120 мг 10 шт",
    "producer": "Санофи Винтроп Индустрия, Франция",
    "active_component": "Фексофенадин",
    "qrcode": [
      3582910067061,
      3582910069706
    ],
    "url": "https://www.eapteka.ru/goods/id226985/"
  },
  {
    "name": "Сыворотка противостолбнячная лошадиная очищенная концентрированная жидкая, ампулы 3000 ме , 5 шт.",
    "producer": "Микроген НПО, Россия",
    "active_component": "Антитоксин столбнячный",
    "qrcode": [
      4602789001603,
      4600488003201
    ],
    "url": "https://www.eapteka.ru/goods/id42761/"
  },
  {
    "name": "Биопрост, суппозитории ректальные 10 шт",
    "producer": "Интелфарм, Россия",
    "active_component": "",
    "qrcode": [
      4607038321808
    ],
    "url": "https://www.eapteka.ru/goods/id209986/"
  },
  {
    "name": "Вилдегра таблетки пролонг. д-я покрыт.плен.об. 50 мг, 10 шт.",
    "producer": "Озон, Россия",
    "active_component": "Силденафил",
    "qrcode": [
      4680020180911
    ],
    "url": "https://www.eapteka.ru/goods/id294305/"
  },
  {
    "name": "Фарматекс, крем для наружного применения     1 шт",
    "producer": "Иннотек Интернасиональ, Франция",
    "active_component": "Бензалкония хлорид",
    "qrcode": [
      3400970001040,
      3614250000412
    ],
    "url": "https://www.eapteka.ru/goods/id102718/"
  },
  {
    "name": "Флорин форте, порошок д/приг р-ра д/приема внутрь 850 мг   30 шт",
    "producer": "ПроБиоФарм, Россия",
    "active_component": "Бифидобактерии бифидум, Лактобактерии плантарум",
    "qrcode": [
      4600561030353,
      "-",
      4640107660101
    ],
    "url": "https://www.eapteka.ru/goods/id211433/"
  },
  {
    "name": "Кальций-Д3 Никомед таблетки жевательные мята, 120 шт.",
    "producer": "Такеда Фармасьютикалс ООО, Россия",
    "active_component": "Кальция карбонат, Колекальциферол",
    "qrcode": [
      4602156000413,
      4601026310096
    ],
    "url": "https://www.eapteka.ru/goods/id280412/"
  },
  {
    "name": "Ферлатум Фол, флаконы 15 мл, 10 шт.",
    "producer": "Италфармако С.п.А., Италия",
    "active_component": "Железа протеинсукцинилат",
    "qrcode": [
      8024790141004,
      8024790124915,
      4650062750564
    ],
    "url": "https://www.eapteka.ru/goods/id209958/"
  },
  {
    "name": "Омник, капсулы с модифицированным высвобождением 0,4 мг   30 шт",
    "producer": "ФКП Армавирская биофабрика, Россия",
    "active_component": "Тамсулозин",
    "qrcode": [
      4607098451675,
      104650075360,
      4607085319476,
      4607085319315,
      4650075360545,
      4606556000271
    ],
    "url": "https://www.eapteka.ru/goods/id34217/"
  },
  {
    "name": "Вапигель гель вагинальный 5 мл,, 7 шт.",
    "producer": "ИнБио, Россия",
    "active_component": "Молочная кислота",
    "qrcode": [
      4678599080008
    ],
    "url": "https://www.eapteka.ru/goods/id336676/"
  },
  {
    "name": "Тадалафил-СЗ, таблетки покрыт.плен.об. 5 мг 30 шт",
    "producer": "Северная Звезда, Россия",
    "active_component": "Тадалафил",
    "qrcode": [
      4690655018046,
      4690655022449
    ],
    "url": "https://www.eapteka.ru/goods/id297016/"
  },
  {
    "name": "Тилорон, таблетки покрыт.плен.об. 125 мг 10 шт",
    "producer": "Озон, Россия",
    "active_component": "Тилорон",
    "qrcode": [
      4680020186340
    ],
    "url": "https://www.eapteka.ru/goods/id484034/"
  },
  {
    "name": "Креон 10000, капсулы кишечнорастворимые 10000 ед 50 шт",
    "producer": "Эбботт Лэбораториз ГмбХ, Германия",
    "active_component": "Панкреатин",
    "qrcode": [
      8002660030160
    ],
    "url": "https://www.eapteka.ru/goods/id321279/"
  },
  {
    "name": "Розистарк, таблетки покрыт.плен.об. 20 мг 28 шт",
    "producer": "Белупо,лекарства и косметика д.д, Хорватия",
    "active_component": "Розувастатин",
    "qrcode": [
      3850343018562
    ],
    "url": "https://www.eapteka.ru/goods/id241050/"
  },
  {
    "name": "Розувастатин, таблетки покрыт.плен.об. 10 мг 30 шт",
    "producer": "Изварино Фарма, Россия",
    "active_component": "Розувастатин",
    "qrcode": [
      4660007701513
    ],
    "url": "https://www.eapteka.ru/goods/id266680/"
  }
]