[
  {
    "name": "Магне B6 форте, таблетки покрыт.плен.об. 40 шт",
    "producer": "Хиноин Завод Фармацевтических и Химических пр-тов, Венгрия",
    "active_component": "Магний, Пиридоксин",
    "qrcode": [
      3582910094982
    ],
    "url": "https://www.eapteka.ru/goods/id311689/"
  },
  {
    "name": "Мемоплант, таблетки 40 мг 30 шт",
    "producer": "Доктор Вильмар Швабе ГмбХ & Ко. КГ, Германия",
    "active_component": "Гинкго двулопастного листьев экстракт",
    "qrcode": [
      4029916000016
    ],
    "url": "https://www.eapteka.ru/goods/id23383/"
  },
  {
    "name": "Вольтарен Эмульгель, гель для наружного применения 1 % 100 г",
    "producer": "ГСК Консьюмер Хелскер С.А., Швейцария",
    "active_component": "Диклофенак",
    "qrcode": [
      1,
      "-",
      4607045191883,
      4607045191890
    ],
    "url": "https://www.eapteka.ru/goods/id212432/"
  },
  {
    "name": "Витридинол таблетки покрыт.плен. об. 120 мг, 112 шт.",
    "producer": "Велфарм, Россия",
    "active_component": "Висмута трикалия дицитрат",
    "qrcode": [
      4650099784341
    ],
    "url": "https://www.eapteka.ru/goods/id480162/"
  },
  {
    "name": "Компливит Кальций Д3 форте, таблетки жевательные мятные, 120 шт.",
    "producer": "Фармстандарт-УфаВИТА, Россия",
    "active_component": "Кальция карбонат, Колекальциферол",
    "qrcode": [
      4601808008197
    ],
    "url": "https://www.eapteka.ru/goods/id338074/"
  },
  {
    "name": "Аргакол средство для заживления ран мультинаправленного действия, 35 г",
    "producer": "ВДС ООО, Россия",
    "active_component": "",
    "qrcode": [
      4607034473631
    ],
    "url": "https://www.eapteka.ru/goods/id269718/"
  },
  {
    "name": "Гентос, таблетки   40 шт",
    "producer": "Рихард Биттнер АГ, Австрия",
    "active_component": "Гомеопатический состав",
    "qrcode": [
      9005441704006,
      5350586000426
    ],
    "url": "https://www.eapteka.ru/goods/id212157/"
  },
  {
    "name": "Занидип-Рекордати, таблетки покрыт.плен.об. 20 мг 28",
    "producer": "Рекордати химическая и фармацевтическая индустрия, Италия",
    "active_component": "Лерканидипин",
    "qrcode": [
      5391519920886
    ],
    "url": "https://www.eapteka.ru/goods/id216521/"
  },
  {
    "name": "Систейн Баланс, капли глазные     1 шт",
    "producer": "Alcon-Couvreur, Бельгия",
    "active_component": "Полиэтиленгликоль, Пропиленгликоль, Гидроксипропилгуар",
    "qrcode": [
      8427324883775
    ],
    "url": "https://www.eapteka.ru/goods/id216494/"
  },
  {
    "name": "Эффекс Силденафил таблетки покрыт.плен.об. 100 мг, таблетки покрыт.плен.об. 100 мг 15 шт",
    "producer": "Эвалар, Россия",
    "active_component": "Силденафил",
    "qrcode": [
      4602242005230
    ],
    "url": "https://www.eapteka.ru/goods/id276942/"
  },
  {
    "name": "Алексан р-р для инъекций 50 мг/мл 20 мл флакон, 1 шт.",
    "producer": "Эбеве Фарма, Австрия",
    "active_component": "Цитарабин",
    "qrcode": [
      9088882447244,
      7613421038571
    ],
    "url": "https://www.eapteka.ru/goods/id269323/"
  },
  {
    "name": "Листата мини, таблетки покрыт.плен.об. 60 мг 20 шт",
    "producer": "Изварино Фарма, Россия",
    "active_component": "Орлистат",
    "qrcode": [
      4660007705764
    ],
    "url": "https://www.eapteka.ru/goods/id484913/"
  },
  {
    "name": "Фурасол, раствор для местного применения 100 мг/1 г    15 шт",
    "producer": "Олайнфарм, Латвия",
    "active_component": "Фуразидин",
    "qrcode": [
      4750258314102
    ],
    "url": "https://www.eapteka.ru/goods/id227720/"
  },
  {
    "name": "Лефлобакт Форте таблетки покрыт.плен.об. 750 мг, 10 шт.",
    "producer": "Синтез ОАО, Россия",
    "active_component": "Левофлоксацин",
    "qrcode": [
      4602565027230
    ],
    "url": "https://www.eapteka.ru/goods/id499326/"
  },
  {
    "name": "Ламизил, крем для наружного применения 1 % 15 г 1 шт",
    "producer": "ГСК Консьюмер Хелскер С.А., Швейцария",
    "active_component": "Тербинафин",
    "qrcode": [
      4607045190282
    ],
    "url": "https://www.eapteka.ru/goods/id104685/"
  },
  {
    "name": "Лактонорм, капсулы вагинальные     14 шт",
    "producer": "Лекко ЗАО, Россия",
    "active_component": "Лактобактерии ацидофильные",
    "qrcode": [
      4603671002692
    ],
    "url": "https://www.eapteka.ru/goods/id218000/"
  },
  {
    "name": "Релифипин гель, гель для рект. и наружного применения 20 мг/г+3 мг/г  20 г 1 шт",
    "producer": "Ц.П.М. КонтрактФарма ГмбХ, Германия",
    "active_component": "",
    "qrcode": [
      4250369508792
    ],
    "url": "https://www.eapteka.ru/goods/id510491/"
  },
  {
    "name": "Тонзилотрен, таблетки 60 шт",
    "producer": "Дойче Хомеопати-Унион, Германия",
    "active_component": "Гомеопатический состав",
    "qrcode": [
      4029917000244
    ],
    "url": "https://www.eapteka.ru/goods/id23320/"
  },
  {
    "name": "Тримедат Форте, таблетки   20 шт",
    "producer": "Валента Фарм, Россия",
    "active_component": "Тримебутин",
    "qrcode": [
      4602193012479
    ],
    "url": "https://www.eapteka.ru/goods/id299819/"
  },
  {
    "name": "Венолайф Дуо, таблетки покрыт.плен.об. 500 мг 30 шт",
    "producer": "Акрихин ХФК АО, Россия",
    "active_component": "Очищенная микронизированная флавоноидная фракция (диосмин ,  флавоноиды в пересчете на гесперидин)",
    "qrcode": [
      4601969008777
    ],
    "url": "https://www.eapteka.ru/goods/id331597/"
  }
]