[
  {
    "name": "Здравсити Контроль веса (Не полней) чай 2 г фильт-пакетики, 20 шт.",
    "producer": "СТ-Медифарм, Россия",
    "active_component": "",
    "qrcode": [
      4605126006002
    ],
    "url": "https://www.eapteka.ru/goods/id316515/"
  },
  {
    "name": "Акридерм, крем для наружного применения 0,05 % 15 г 1 шт",
    "producer": "Акрихин ХФК АО, Россия",
    "active_component": "Бетаметазон",
    "qrcode": [
      4601969003574
    ],
    "url": "https://www.eapteka.ru/goods/id248711/"
  },
  {
    "name": "Форметин, таблетки 500 мг 60 шт",
    "producer": "Фармстандарт-Лексредства, Россия",
    "active_component": "Метформин",
    "qrcode": [
      4601669004062,
      4602196002514
    ],
    "url": "https://www.eapteka.ru/goods/id220278/"
  },
  {
    "name": "Дибазол раствор для в/в и в/м введ.10 мг/мл 1 мл амп, 10 шт.",
    "producer": "Дальхимфарм, Россия",
    "active_component": "Бендазол",
    "qrcode": [
      4602824006495
    ],
    "url": "https://www.eapteka.ru/goods/id53877/"
  },
  {
    "name": "Здравсити Хороший сон (Спокойной ночи) фиточай 2 г фильт-пакетики, 20 шт.",
    "producer": "СТ-Медифарм, Россия",
    "active_component": "",
    "qrcode": [
      4605126006033
    ],
    "url": "https://www.eapteka.ru/goods/id316504/"
  },
  {
    "name": "Дротаверин-СОЛОфарм, раствор для в/в и в/м введ. 20 мг/мл 2мл амп 10 шт",
    "producer": "Гротекс ООО, Россия",
    "active_component": "Дротаверин",
    "qrcode": [
      4680013249755
    ],
    "url": "https://www.eapteka.ru/goods/id298227/"
  },
  {
    "name": "Гидрокортизон-Пос, мазь для наружного применения 2,5 % 2,5 г 1 шт",
    "producer": "Хемомонт Д.О.О, Черногория",
    "active_component": "Гидрокортизон",
    "qrcode": [
      4031626710093,
      4031626000439
    ],
    "url": "https://www.eapteka.ru/goods/id124312/"
  },
  {
    "name": "Цефтазидим порошок д/пригот. р-ра для в/в и в/м введ.1 г, 1 шт.",
    "producer": "Рафарма АО, Россия",
    "active_component": "Цефтазидим",
    "qrcode": [
      4660007811267
    ],
    "url": "https://www.eapteka.ru/goods/id512609/"
  },
  {
    "name": "Ринорус, спрей назальный 0,05 % 20 мл 1 шт",
    "producer": "Синтез ОАО, Россия",
    "active_component": "Ксилометазолин",
    "qrcode": [
      4602565019594
    ],
    "url": "https://www.eapteka.ru/goods/id242283/"
  },
  {
    "name": "Дуба кора, сырье растительное     1 шт",
    "producer": "Фирма Здоровье, Россия",
    "active_component": "",
    "qrcode": [
      4601214000020
    ],
    "url": "https://www.eapteka.ru/goods/id242385/"
  },
  {
    "name": "Здравсити Бруснифит травяной сбор натуральный 2 г фильт-пакетики, 20 шт.",
    "producer": "СТ-Медифарм, Россия",
    "active_component": "",
    "qrcode": [
      4605126005982
    ],
    "url": "https://www.eapteka.ru/goods/id316503/"
  },
  {
    "name": "Белодерм, крем для наружного применения 0,05 % 15 г 1 шт",
    "producer": "Белупо,лекарства и косметика д.д, Хорватия",
    "active_component": "Бетаметазон",
    "qrcode": [
      3850343035453
    ],
    "url": "https://www.eapteka.ru/goods/id205012/"
  },
  {
    "name": "Мерифатин таблетки покрыт. плен. об. 500 мг, 60 шт.",
    "producer": "Фармасинтез-Тюмень, Россия",
    "active_component": "Метформин",
    "qrcode": [
      4620017862864,
      4620017862925,
      4605310023518
    ],
    "url": "https://www.eapteka.ru/goods/id338594/"
  },
  {
    "name": "Боярышник, настойка 25 мл",
    "producer": "Флора Кавказа, Россия",
    "active_component": "Боярышника плоды",
    "qrcode": [
      4606367000033
    ],
    "url": "https://www.eapteka.ru/goods/id233514/"
  },
  {
    "name": "Ведикардол, таблетки 6.25 мг, 30 шт.",
    "producer": "Синтез ОАО, Россия",
    "active_component": "Карведилол",
    "qrcode": [
      4602565009557
    ],
    "url": "https://www.eapteka.ru/goods/id211284/"
  },
  {
    "name": "Энап, таблетки 10 мг 20 шт",
    "producer": "КРКА дд Ново место, Словения",
    "active_component": "Эналаприл",
    "qrcode": [
      4607055131824,
      4605635000171
    ],
    "url": "https://www.eapteka.ru/goods/id98842/"
  },
  {
    "name": "Моносан, таблетки 20 мг 30 шт",
    "producer": "ПРО.МЕД.ЦС Прага, Чешская Республика",
    "active_component": "Изосорбида мононитрат",
    "qrcode": [
      8595026402331
    ],
    "url": "https://www.eapteka.ru/goods/id103894/"
  },
  {
    "name": "Бом-Бенге, мазь для наружного применения 25 г   1 шт",
    "producer": "Самарамедпром, Россия",
    "active_component": "",
    "qrcode": [
      4603933004242,
      "-",
      4603933007038
    ],
    "url": "https://www.eapteka.ru/goods/id234011/"
  },
  {
    "name": "Цифран, таблетки 500 мг 10 шт",
    "producer": "Сан Фармасьютикал Индастриз Лтд, Индия",
    "active_component": "Ципрофлоксацин",
    "qrcode": [
      4601764000051,
      4601764000058
    ],
    "url": "https://www.eapteka.ru/goods/id29190/"
  },
  {
    "name": "Метронидазол Renewal, таблетки 250 мг 24 шт",
    "producer": "Обновление ПФК АО, Россия",
    "active_component": "Метронидазол",
    "qrcode": [
      4603988013688
    ],
    "url": "https://www.eapteka.ru/goods/id257425/"
  }
]