[
  {
    "name": "Лактонорм, капсулы вагинальные     14 шт",
    "producer": "Лекко ЗАО, Россия",
    "active_component": "Лактобактерии ацидофильные",
    "qrcode": [
      4603671002692
    ],
    "url": "https://www.eapteka.ru/goods/id218000/"
  },
  {
    "name": "Релифипин гель, гель для рект. и наружного применения 20 мг/г+3 мг/г  20 г 1 шт",
    "producer": "Ц.П.М. КонтрактФарма ГмбХ, Германия",
    "active_component": "",
    "qrcode": [
      4250369508792
    ],
    "url": "https://www.eapteka.ru/goods/id510491/"
  },
  {
    "name": "Тонзилотрен, таблетки 60 шт",
    "producer": "Дойче Хомеопати-Унион, Германия",
    "active_component": "Гомеопатический состав",
    "qrcode": [
      4029917000244
    ],
    "url": "https://www.eapteka.ru/goods/id23320/"
  },
  {
    "name": "Тримедат Форте, таблетки   20 шт",
    "producer": "Валента Фарм, Россия",
    "active_component": "Тримебутин",
    "qrcode": [
      4602193012479
    ],
    "url": "https://www.eapteka.ru/goods/id299819/"
  },
  {
    "name": "Венолайф Дуо, таблетки покрыт.плен.об. 500 мг 30 шт",
    "producer": "Акрихин ХФК АО, Россия",
    "active_component": "Очищенная микронизированная флавоноидная фракция (диосмин ,  флавоноиды в пересчете на гесперидин)",
    "qrcode": [
      4601969008777
    ],
    "url": "https://www.eapteka.ru/goods/id331597/"
  },
  {
    "name": "Визмед, гидрогель офтальмологический 0,18% 0,3 мл 20 шт.",
    "producer": "ТРБ Чемедика АГ, Германия",
    "active_component": "Натрия гиалуронат",
    "qrcode": [
      4028694000133,
      4028694000782
    ],
    "url": "https://www.eapteka.ru/goods/id212283/"
  },
  {
    "name": "Валерианахель, капли для приема внутрь 30 мл 1 шт",
    "producer": "Biologische Heilmittel Heel, Германия",
    "active_component": "Гомеопатический состав",
    "qrcode": [
      4601654000017,
      4047642014954
    ],
    "url": "https://www.eapteka.ru/goods/id22893/"
  },
  {
    "name": "Небилонг, таблетки 5 мг 30 шт",
    "producer": "Микро Лабс Лтд, Индия",
    "active_component": "Небиволол",
    "qrcode": [
      8901302092125,
      8901302166878
    ],
    "url": "https://www.eapteka.ru/goods/id217358/"
  },
  {
    "name": "Флексавен 450 мг+50 мг таблетки, 60 шт.",
    "producer": "Биотерра, Беларусь",
    "active_component": "",
    "qrcode": [
      "-",
      4606454976494,
      4812845002028
    ],
    "url": "https://www.eapteka.ru/goods/id506284/"
  },
  {
    "name": "Никоретте жевательная резинка Морозная Мята 2 мг, 30 шт.",
    "producer": "МакНил АБ, Швеция",
    "active_component": "Никотин",
    "qrcode": [
      3574660589436
    ],
    "url": "https://www.eapteka.ru/goods/id214387/"
  },
  {
    "name": "Реаферон-ЕС-Липинт, флаконы 500000 ме, 5 шт.",
    "producer": "Вектор-Медика АО, Россия",
    "active_component": "Интерферон альфа-2b",
    "qrcode": [
      4605635003240
    ],
    "url": "https://www.eapteka.ru/goods/id207549/"
  },
  {
    "name": "Нутрикомп Диабет ликвид пластиковая бутылка, 500 мл",
    "producer": "Б.Браун Мельзунген АГ, Швейцария",
    "active_component": "",
    "qrcode": [
      4030539184939
    ],
    "url": "https://www.eapteka.ru/goods/id211165/"
  },
  {
    "name": "Бактериофаг дизентерийный поливалентный, флаконы 20 мл, 4 шт.",
    "producer": "Микроген НПО, Россия",
    "active_component": "Бактериофаг дизентерийный",
    "qrcode": [
      4602784002803
    ],
    "url": "https://www.eapteka.ru/goods/id228558/"
  },
  {
    "name": "Троксерутин Вертекс, капсулы     100 шт",
    "producer": "Вертекс, Россия",
    "active_component": "Троксерутин",
    "qrcode": [
      4607003249496
    ],
    "url": "https://www.eapteka.ru/goods/id513589/"
  },
  {
    "name": "Суматриптан Канон таблетки покрыт.плен.об. 100 мг, таблетки покрыт.плен.об. 100 мг 10 шт",
    "producer": "Канонфарма продакшн ЗАО, Россия",
    "active_component": "Суматриптан",
    "qrcode": [
      4606486027850,
      4606486004929
    ],
    "url": "https://www.eapteka.ru/goods/id275682/"
  },
  {
    "name": "Никоретте жевательная резинка Свежие Фрукты 2 мг, 30 шт.",
    "producer": "МакНил АБ, Швеция",
    "active_component": "Никотин",
    "qrcode": [
      3574660468601
    ],
    "url": "https://www.eapteka.ru/goods/id203685/"
  },
  {
    "name": "Орлистат-Акрихин, капсулы 60 мг 42 шт",
    "producer": "Польфарма АО, Польша",
    "active_component": "Орлистат",
    "qrcode": [
      5903060611313,
      5903060616325
    ],
    "url": "https://www.eapteka.ru/goods/id294526/"
  },
  {
    "name": "Перлинганит, раствор для инъекций 0,1 % 10 мл 10 шт",
    "producer": "UCB Farma, Бельгия",
    "active_component": "Нитроглицерин",
    "qrcode": [
      5450557011663,
      4030729003408
    ],
    "url": "https://www.eapteka.ru/goods/id25489/"
  },
  {
    "name": "Фелодип, таблетки с пролонг.высвобож покрыт.плен.об 5 мг 30 шт",
    "producer": "Клоке Фарма-Сервис ГмбХ, Германия",
    "active_component": "Фелодипин",
    "qrcode": [
      8594737247118,
      8594737222016
    ],
    "url": "https://www.eapteka.ru/goods/id205774/"
  },
  {
    "name": "Розувастатин, таблетки покрыт.плен.об. 10 мг 30 шт",
    "producer": "Р-Фарм Новоселки, Россия",
    "active_component": "Розувастатин",
    "qrcode": [
      4630157810397
    ],
    "url": "https://www.eapteka.ru/goods/id513985/"
  }
]