[
  {
    "name": "Актовегин раствор для инъекций, 40 мг/мл ампулы 5 мл 5 шт.",
    "producer": "Такеда Фармасьютикалс ООО, Россия",
    "active_component": "Депротеинизированный гемодериват крови телят",
    "qrcode": [
      4602156000024,
      9003638023831,
      4602156000864
    ],
    "url": "https://www.eapteka.ru/goods/id18256/"
  },
  {
    "name": "Ирифрин БК, глазные капли 2,5% 4 мл 15 шт.",
    "producer": "Сентисс Фарма Пвт.Лтд, Индия",
    "active_component": "Фенилэфрин",
    "qrcode": [
      8901236014002,
      8901236014009
    ],
    "url": "https://www.eapteka.ru/goods/id225744/"
  },
  {
    "name": "Пролатан, капли глазные 0,005 % 2,5 мл 1 шт",
    "producer": "Сентисс Фарма Пвт.Лтд, Индия",
    "active_component": "Латанопрост",
    "qrcode": [
      8901236017959,
      8901236017956
    ],
    "url": "https://www.eapteka.ru/goods/id250650/"
  },
  {
    "name": "Эбрантил, раствор для инъекций 5 мг/мл 5 мл 5 шт",
    "producer": "Такеда ГмбХ, Германия",
    "active_component": "Урапидил",
    "qrcode": [
      4031083002779,
      4011548031001
    ],
    "url": "https://www.eapteka.ru/goods/id212587/"
  },
  {
    "name": "Никоретте жевательная резинка Свежая Мята 2 мг, 30 шт.",
    "producer": "МакНил АБ, Швеция",
    "active_component": "Никотин",
    "qrcode": [
      3574660436174
    ],
    "url": "https://www.eapteka.ru/goods/id211978/"
  },
  {
    "name": "Бенфогамма 150 таблетки покрыт.об., 30 шт.",
    "producer": "Мауэрманн-Арцнаймиттель КГ, Германия",
    "active_component": "Бенфотиамин",
    "qrcode": [
      4030674000491
    ],
    "url": "https://www.eapteka.ru/goods/id123906/"
  },
  {
    "name": "Педикулен Ультра спрей, 150 мл",
    "producer": "Витакапитал, Россия",
    "active_component": "",
    "qrcode": [
      4620002180775
    ],
    "url": "https://www.eapteka.ru/goods/id222007/"
  },
  {
    "name": "АнвиМакс Клюква, пакетики 5 г, 24 шт.",
    "producer": "ФармВилар НПО, Россия",
    "active_component": "Парацетамол, Аскорбиновая кислота, Римантадин, Рутозид, Лоратадин, Кальция глюконат",
    "qrcode": [
      4605964004642
    ],
    "url": "https://www.eapteka.ru/goods/id227544/"
  },
  {
    "name": "Витамин Д3 таблетки для рассасывания 600 МЕ со вкусом мяты, 90 шт.",
    "producer": "PharmaEstica Manufacturin, Эстония",
    "active_component": "",
    "qrcode": [
      4742077001820
    ],
    "url": "https://www.eapteka.ru/goods/id500962/"
  },
  {
    "name": "Сатерекс, таблетки покрыт.плен.об. 30 мг 28 шт",
    "producer": "Фармасинтез-Тюмень, Россия",
    "active_component": "Гозоглиптин",
    "qrcode": [
      4620017863397
    ],
    "url": "https://www.eapteka.ru/goods/id338596/"
  },
  {
    "name": "Никоретте жевательная резинка Свежая Мята 4 мг, 30 шт.",
    "producer": "МакНил АБ, Швеция",
    "active_component": "Никотин",
    "qrcode": [
      3574660436181
    ],
    "url": "https://www.eapteka.ru/goods/id211979/"
  },
  {
    "name": "Бронхо-Ваксом детский, капсулы 3,5 мг 10 шт",
    "producer": "ОМ Фарма, Швейцария",
    "active_component": "",
    "qrcode": [
      7640107470974
    ],
    "url": "https://www.eapteka.ru/goods/id116450/"
  },
  {
    "name": "Элькар, раствор для приема внутрь 300 мг/мл 100 мл 1 шт",
    "producer": "Пик-Фарма, Россия",
    "active_component": "Левокарнитин",
    "qrcode": [
      4650057490123,
      4630016120308
    ],
    "url": "https://www.eapteka.ru/goods/id212781/"
  },
  {
    "name": "Климадинон, капли для приема внутрь 50 мл",
    "producer": "Бионорика СЕ, Германия",
    "active_component": "Цимицифуги кистевидной корневищ экстракт",
    "qrcode": [
      4029799117047
    ],
    "url": "https://www.eapteka.ru/goods/id23022/"
  },
  {
    "name": "Ирузид, таблетки 20 мг+12,5 мг, 30 шт.",
    "producer": "Белупо,лекарства и косметика д.д, Хорватия",
    "active_component": "",
    "qrcode": [
      3850343040433
    ],
    "url": "https://www.eapteka.ru/goods/id206969/"
  },
  {
    "name": "Эдарби, таблетки 40 мг 28 шт",
    "producer": "Такеда Айлэнд Лимитед, Ирландия",
    "active_component": "Азилсартана медоксомил",
    "qrcode": [
      5702589307208,
      4601026310126
    ],
    "url": "https://www.eapteka.ru/goods/id228031/"
  },
  {
    "name": "Эгитромб, таблетки покрыт.плен.об. 75 мг 28 шт",
    "producer": "ЭГИС, Венгрия",
    "active_component": "Клопидогрел",
    "qrcode": [
      5995327124988
    ],
    "url": "https://www.eapteka.ru/goods/id211417/"
  },
  {
    "name": "Момат Рино Адванс, спрей назальный дозированный 140 мкг+50 мкг/доза 150 доз 1 шт",
    "producer": "Гленмарк Фармасьютикалз Лтд, Индия",
    "active_component": "Азеластин, Мометазон",
    "qrcode": [
      "-",
      8904091127177
    ],
    "url": "https://www.eapteka.ru/goods/id255897/"
  },
  {
    "name": "Венлафаксин Органика таблетки покрыт.плен.об. 75 мг, 30 шт.",
    "producer": "Органика, Россия",
    "active_component": "Венлафаксин",
    "qrcode": [
      4602424007151,
      4602424007175
    ],
    "url": "https://www.eapteka.ru/goods/id295399/"
  },
  {
    "name": "Мертенил, таблетки покрыт.плен.об. 5 мг 30 шт",
    "producer": "Гедеон Рихтер-Рус, Россия",
    "active_component": "Розувастатин",
    "qrcode": [
      4605469002518
    ],
    "url": "https://www.eapteka.ru/goods/id212494/"
  }
]