[
  {
    "name": "Кондронова, капсулы 30 шт",
    "producer": "Панацея Биотек, Индия",
    "active_component": "Глюкозамин, Хондроитина сульфат",
    "qrcode": [
      8901168415038,
      8901168415035
    ],
    "url": "https://www.eapteka.ru/goods/id207533/"
  },
  {
    "name": "Релиф Ультра, суппозитории ректальные     10 шт",
    "producer": "Институт де Ангели С.р.Л, Италия",
    "active_component": "Гидрокортизона, Цинка сульфата",
    "qrcode": [
      4250369509072
    ],
    "url": "https://www.eapteka.ru/goods/id513277/"
  },
  {
    "name": "Гинкоум, капсулы 40 мг 90 шт",
    "producer": "Эвалар, Россия",
    "active_component": "Гинкго двулопастного листьев экстракт",
    "qrcode": [
      4602242003953
    ],
    "url": "https://www.eapteka.ru/goods/id277751/"
  },
  {
    "name": "Легалон 140, капсулы 140 мг 30 шт",
    "producer": "Мадаус ГмбХ, Германия",
    "active_component": "Расторопши пятнистой плодов экстракт",
    "qrcode": [
      4019338607375,
      4030041001144
    ],
    "url": "https://www.eapteka.ru/goods/id217941/"
  },
  {
    "name": "Галавит, суппозитории ректальные 50 мг 5 шт",
    "producer": "Сэлвим, Россия",
    "active_component": "Аминодигидрофталазиндион натрия",
    "qrcode": [
      4650065960076
    ],
    "url": "https://www.eapteka.ru/goods/id302168/"
  },
  {
    "name": "Розукард, таблетки покрыт.плен.об. 10 мг 30 шт",
    "producer": "Зентива к.с, Чешская Республика",
    "active_component": "Розувастатин",
    "qrcode": [
      8594739205390,
      8594739224735
    ],
    "url": "https://www.eapteka.ru/goods/id216098/"
  },
  {
    "name": "Гормель СН, капли для приема внутрь , 30 мл",
    "producer": "Biologische Heilmittel Heel, Германия",
    "active_component": "Гомеопатический состав",
    "qrcode": [
      4601654000871,
      4047642014497
    ],
    "url": "https://www.eapteka.ru/goods/id22914/"
  },
  {
    "name": "Гленцет, таблетки 5 мг 14 шт",
    "producer": "Гленмарк Фармасьютикалз Лтд, Индия",
    "active_component": "Левоцетиризин",
    "qrcode": [
      8904091149032
    ],
    "url": "https://www.eapteka.ru/goods/id217932/"
  },
  {
    "name": "Артрозан р-р для в/мыш. введ. 6 мг/мл 2,5 мл полимер.ампулы, 10 шт.",
    "producer": "Фармстандарт-УфаВИТА, Россия",
    "active_component": "Мелоксикам",
    "qrcode": [
      4601808014679
    ],
    "url": "https://www.eapteka.ru/goods/id512623/"
  },
  {
    "name": "Эстролет, таблетки покрыт.плен.об. 2,5 мг 30 шт",
    "producer": "Фармстандарт-Лексредства, Россия",
    "active_component": "Летрозол",
    "qrcode": [
      4601808011104,
      4630008130568,
      "-"
    ],
    "url": "https://www.eapteka.ru/goods/id242909/"
  },
  {
    "name": "Лимфомиозот, раствор для в/м введ.1,1 мл амп инд уп 5 шт",
    "producer": "Biologische Heilmittel Heel, Германия",
    "active_component": "Гомеопатический состав",
    "qrcode": [
      4601654000932,
      4047642014558,
      4047642018112
    ],
    "url": "https://www.eapteka.ru/goods/id206187/"
  },
  {
    "name": "Ременс, таблетки   36 шт",
    "producer": "Рихард Биттнер АГ, Австрия",
    "active_component": "Гомеопатический состав",
    "qrcode": [
      9005441703658,
      5350586000464
    ],
    "url": "https://www.eapteka.ru/goods/id210356/"
  },
  {
    "name": "Пантогам Актив, капсулы 300 мг 60 шт",
    "producer": "Пик-Фарма, Россия",
    "active_component": "D,L-гопантеновая кислота",
    "qrcode": [
      4630016120162
    ],
    "url": "https://www.eapteka.ru/goods/id212753/"
  },
  {
    "name": "Кетонал, крем для наружного применения 5 % 100 г",
    "producer": "Салютас Фарма ГмбХ, Германия",
    "active_component": "Кетопрофен",
    "qrcode": [
      4030855506415,
      7613421051648
    ],
    "url": "https://www.eapteka.ru/goods/id287839/"
  },
  {
    "name": "Рафамин, таблетки для рассасывания   20 шт",
    "producer": "Материа Медика Холдинг, Россия",
    "active_component": "",
    "qrcode": [
      4607009584447
    ],
    "url": "https://www.eapteka.ru/goods/id514167/"
  },
  {
    "name": "Билобил Интенс, капсулы 120 мг 20 шт",
    "producer": "КРКА дд Ново место, Словения",
    "active_component": "Гинкго двулопастного листьев экстракт",
    "qrcode": [
      3838989630034,
      3838989735593
    ],
    "url": "https://www.eapteka.ru/goods/id227733/"
  },
  {
    "name": "Галидор, таблетки 100 мг 50 шт.",
    "producer": "ЭГИС, Венгрия",
    "active_component": "Бенциклан",
    "qrcode": [
      5995327206219
    ],
    "url": "https://www.eapteka.ru/goods/id21801/"
  },
  {
    "name": "Комбифлокс, таблетки покрыт.плен.об. 500 мг+200 мг 10 шт",
    "producer": "Микро Лабс Лтд, Индия",
    "active_component": "Орнидазол, Офлоксацин",
    "qrcode": [
      8901302093504,
      8901302166557
    ],
    "url": "https://www.eapteka.ru/goods/id221325/"
  },
  {
    "name": "Монтелар, таблетки жевательные 4 мг   14 шт",
    "producer": "Генвеон Илач Санайи Ве Тиджарет Аноним Ширкети, Турция",
    "active_component": "Монтелукаст",
    "qrcode": [
      8699516089825,
      7613421046415
    ],
    "url": "https://www.eapteka.ru/goods/id219739/"
  },
  {
    "name": "Динамико Лонг, 1 шт.",
    "producer": "Тева Фармацевтические Предприятия Лтд, Израиль",
    "active_component": "Тадалафил",
    "qrcode": [
      7290106065291
    ],
    "url": "https://www.eapteka.ru/goods/id300010/"
  }
]