[
  {
    "name": "Фозикард Н, таблетки 12,5 мг+20 мг  28 шт",
    "producer": "Здравле ХФЗ АД, Сербия",
    "active_component": "Гидрохлоротиазид, Фозиноприл",
    "qrcode": [
      4607141998584,
      4630013790689
    ],
    "url": "https://www.eapteka.ru/goods/id208663/"
  },
  {
    "name": "Ко-Дальнева таблетки 5мг+2,5мг+8 мг 30 шт., упак.",
    "producer": "КРКА-РУС, Россия",
    "active_component": "Амлодипин, Индапамид, Периндоприл",
    "qrcode": [
      4610017700051
    ],
    "url": "https://www.eapteka.ru/goods/id247497/"
  },
  {
    "name": "Тиолипон, таблетки покрыт.плен.об. 600 мг 30 шт",
    "producer": "Биосинтез, Россия",
    "active_component": "Тиоктовая кислота",
    "qrcode": [
      4602884012238
    ],
    "url": "https://www.eapteka.ru/goods/id224958/"
  },
  {
    "name": "Ордисс, таблетки 16 мг 30 шт",
    "producer": "Плива Хрватска д.о.о., Хорватия",
    "active_component": "Кандесартан",
    "qrcode": [
      7290106064478
    ],
    "url": "https://www.eapteka.ru/goods/id265394/"
  },
  {
    "name": "Предизин, таблетки 35 г мг 60 шт",
    "producer": "Гедеон Рихтер, Венгрия",
    "active_component": "Триметазидин",
    "qrcode": [
      5997001302316,
      5997001308530
    ],
    "url": "https://www.eapteka.ru/goods/id212827/"
  },
  {
    "name": "Гепатрин-детокс напиток саше 10 шт., упак.",
    "producer": "Эвалар, Россия",
    "active_component": "",
    "qrcode": [
      4602242008217
    ],
    "url": "https://www.eapteka.ru/goods/id247342/"
  },
  {
    "name": "Назаваль спрей, 500 мг 200 доз",
    "producer": "Назалезе, Великобритания",
    "active_component": "",
    "qrcode": [
      5060045001337
    ],
    "url": "https://www.eapteka.ru/goods/id211962/"
  },
  {
    "name": "Простаплант, капсулы     30 шт",
    "producer": "Доктор Вильмар Швабе ГмбХ & Ко. КГ, Германия",
    "active_component": "Пальмы ползучей плодов экстракт",
    "qrcode": [
      4029916000023
    ],
    "url": "https://www.eapteka.ru/goods/id23389/"
  },
  {
    "name": "Лидамитол, раствор для в/в и в/м введ.100 мг/мл +2,5 мг/мл 1 мл 10 шт",
    "producer": "Гротекс ООО, Россия",
    "active_component": "Толперизон, Лидокаин",
    "qrcode": [
      4670028224311
    ],
    "url": "https://www.eapteka.ru/goods/id334440/"
  },
  {
    "name": "Кеналог 40 суспензия для инъекций 40 мг/мл 1 мл амп., 5 шт.",
    "producer": "КРКА дд Ново место, Словения",
    "active_component": "Триамцинолон",
    "qrcode": [
      3838989543945
    ],
    "url": "https://www.eapteka.ru/goods/id98820/"
  },
  {
    "name": "Нольпаза, таблетки 40 мг 56 шт",
    "producer": "КРКА-РУС, Россия",
    "active_component": "Пантопразол",
    "qrcode": [
      4610017700358,
      "-",
      3838989647049
    ],
    "url": "https://www.eapteka.ru/goods/id238715/"
  },
  {
    "name": "Диециклен, таблетки покрыт.плен.об. 2 мг+0,03 мг 21 шт.",
    "producer": "Лабораториос Леон Фарма С.А, Испания",
    "active_component": "",
    "qrcode": [
      8437009433218
    ],
    "url": "https://www.eapteka.ru/goods/id241598/"
  },
  {
    "name": "Комфодерм, мазь для наружного применения 0,1 % 30 г 1 шт",
    "producer": "Акрихин ХФК АО, Россия",
    "active_component": "Метилпреднизолона ацепонат",
    "qrcode": [
      4601969007565,
      46019690076
    ],
    "url": "https://www.eapteka.ru/goods/id265554/"
  },
  {
    "name": "Энап-НЛ, таблетки 12,5 мг+10 мг  60 шт",
    "producer": "КРКА дд Ново место, Словения",
    "active_component": "Гидрохлоротиазид, Эналаприл",
    "qrcode": [
      4607055137260,
      3838989666262
    ],
    "url": "https://www.eapteka.ru/goods/id250744/"
  },
  {
    "name": "Венолек таблетки  покрыт.плен.об. 500 мг, 30 шт.",
    "producer": "Канонфарма продакшн ЗАО, Россия",
    "active_component": "Диосмин",
    "qrcode": [
      4606486012788,
      4630030920014,
      4606486040088
    ],
    "url": "https://www.eapteka.ru/goods/id228037/"
  },
  {
    "name": "Леветирацетам таблетки покрыт.плен.об. 500 мг, 30 шт.",
    "producer": "Озон, Россия",
    "active_component": "Леветирацетам",
    "qrcode": [
      4680020183004
    ],
    "url": "https://www.eapteka.ru/goods/id484694/"
  },
  {
    "name": "Флорин форте, капсулы 30 шт",
    "producer": "ПроБиоФарм, Россия",
    "active_component": "Бифидобактерии бифидум, Лактобактерии плантарум",
    "qrcode": [
      4600561030681,
      4640107660255
    ],
    "url": "https://www.eapteka.ru/goods/id270768/"
  },
  {
    "name": "Тимоген, раствор для в/м введ. 0,01 % 1 мл 10 шт",
    "producer": "Цитомед МБНПК, Россия",
    "active_component": "Альфа-Глутамил-Триптофан",
    "qrcode": [
      4606603000094
    ],
    "url": "https://www.eapteka.ru/goods/id241955/"
  },
  {
    "name": "Розулип, таблетки покрыт.плен.об. 5 мг 28 шт",
    "producer": "ЭГИС, Венгрия",
    "active_component": "Розувастатин",
    "qrcode": [
      5995327139937
    ],
    "url": "https://www.eapteka.ru/goods/id215038/"
  },
  {
    "name": "Месакол, таблетки покрыт.кишечнораств.об. 400 мг 50 шт",
    "producer": "Сан Фармасьютикал Индастриз Лтд, Индия",
    "active_component": "Месалазин",
    "qrcode": [
      8901127001098,
      8901127024216
    ],
    "url": "https://www.eapteka.ru/goods/id207965/"
  }
]