[
  {
    "name": "Апитонус П таблетки 500 мг, 60 шт.",
    "producer": "Парафарм, Россия",
    "active_component": "",
    "qrcode": [
      4605920000381
    ],
    "url": "https://www.eapteka.ru/goods/id498509/"
  },
  {
    "name": "Агалатес, таблетки 0.5 мг, 2 шт.",
    "producer": "Тева Чешские Предприятия с.р.о., Чешская Республика",
    "active_component": "Каберголин",
    "qrcode": [
      8594737200717
    ],
    "url": "https://www.eapteka.ru/goods/id212618/"
  },
  {
    "name": "Максигра, таблетки покрыт.плен.об. 50 мг 4 шт",
    "producer": "Польфарма АО, Польша",
    "active_component": "Силденафил",
    "qrcode": [
      5903060009240
    ],
    "url": "https://www.eapteka.ru/goods/id231166/"
  },
  {
    "name": "Телмиста, таблетки 40 мг 84 шт",
    "producer": "КРКА дд Ново место, Словения",
    "active_component": "Телмисартан",
    "qrcode": [
      3838989682347
    ],
    "url": "https://www.eapteka.ru/goods/id439757/"
  },
  {
    "name": "Ко-Вамлосет, таблетки покрыт.плен.об. 5 мг+160 мг 30 шт",
    "producer": "КРКА-РУС, Россия",
    "active_component": "",
    "qrcode": [
      4610017700921
    ],
    "url": "https://www.eapteka.ru/goods/id439751/"
  },
  {
    "name": "Диосмин таблетки покрыт.плен.об. 600 мг, 30 шт.",
    "producer": "Озон, Россия",
    "active_component": "Диосмин",
    "qrcode": [
      4680020180041
    ],
    "url": "https://www.eapteka.ru/goods/id484017/"
  },
  {
    "name": "Найзилат, таблетки покрыт.плен.об. 600 мг 20 шт",
    "producer": "Д-р Редди`с, Индия",
    "active_component": "Амтолметин гуацил",
    "qrcode": [
      8901148223820,
      8901148080970
    ],
    "url": "https://www.eapteka.ru/goods/id225745/"
  },
  {
    "name": "Монтелар, таблетки жевательные 5 мг   14 шт",
    "producer": "Генвеон Илач Санайи Ве Тиджарет Аноним Ширкети, Турция",
    "active_component": "Монтелукаст",
    "qrcode": [
      8699516089849,
      7613421046453
    ],
    "url": "https://www.eapteka.ru/goods/id219738/"
  },
  {
    "name": "Периндоприл ПЛЮС Индапамид, таблетки покрыт.плен.об. 2,5 мг+8 мг  30 шт",
    "producer": "Изварино Фарма, Россия",
    "active_component": "Индапамид, Периндоприл",
    "qrcode": [
      4660007701827
    ],
    "url": "https://www.eapteka.ru/goods/id266676/"
  },
  {
    "name": "Мовалис, раствор для в/м введ. 15 мг/1,5 мл 1,5 мл амп 3 шт",
    "producer": "Берингер Ингельхайм Эспана С.А., Испания",
    "active_component": "Мелоксикам",
    "qrcode": [
      9006968002293
    ],
    "url": "https://www.eapteka.ru/goods/id206575/"
  },
  {
    "name": "Эритромицин, лиофилизат д/приг р-ра для в/в введ. 100 мг 50 шт",
    "producer": "Синтез ОАО, Россия",
    "active_component": "Эритромицин",
    "qrcode": [
      4602565013872,
      "-",
      4602565013875
    ],
    "url": "https://www.eapteka.ru/goods/id496847/"
  },
  {
    "name": "Новобисмол таблетки покрыт.плен.об. 120 мг, 112 шт.",
    "producer": "Фармпроект, Россия",
    "active_component": "Висмута трикалия дицитрат",
    "qrcode": [
      4607019011148,
      4605077013821
    ],
    "url": "https://www.eapteka.ru/goods/id224549/"
  },
  {
    "name": "Экспортал, порошок д/приг р-ра д/приема внутрь     20 шт",
    "producer": "ФармВилар НПО, Россия",
    "active_component": "Лактитол",
    "qrcode": [
      4607013860216,
      4610017501542
    ],
    "url": "https://www.eapteka.ru/goods/id211627/"
  },
  {
    "name": "Нормоспектрум Форте, капсулы 500 мг 20 шт.",
    "producer": "Амфита, Россия",
    "active_component": "",
    "qrcode": [
      4612742620185
    ],
    "url": "https://www.eapteka.ru/goods/id242884/"
  },
  {
    "name": "Белогент, крем для наружного применения 40 г 1 шт",
    "producer": "Белупо,лекарства и косметика д.д, Хорватия",
    "active_component": "Бетаметазон, Гентамицин",
    "qrcode": [
      3850343001380
    ],
    "url": "https://www.eapteka.ru/goods/id217907/"
  },
  {
    "name": "Окутиарз раствор офтальмологический увлажняющий, 10 мл",
    "producer": "И.Ком.Медикал ГмбХ, Германия",
    "active_component": "Натрия гиалуронат",
    "qrcode": [
      6419716604602,
      6419716605388
    ],
    "url": "https://www.eapteka.ru/goods/id269704/"
  },
  {
    "name": "Систейн средство офтальмологическое, гель глазной   10 мл 1 шт",
    "producer": "Alcon-Couvreur, Бельгия",
    "active_component": "Полиэтиленгликоль, Пропиленгликоль, Гидроксипропилгуар",
    "qrcode": [
      8427324890445
    ],
    "url": "https://www.eapteka.ru/goods/id230227/"
  },
  {
    "name": "Комфодерм М2, крем для наружного применения 30 г 1 шт",
    "producer": "Акрихин ХФК АО, Россия",
    "active_component": "Метилпреднизолона ацепонат, Мочевина",
    "qrcode": [
      4601969007251,
      "-"
    ],
    "url": "https://www.eapteka.ru/goods/id250535/"
  },
  {
    "name": "Эскулюс композитум, капли для приема внутрь     1 шт",
    "producer": "Biologische Heilmittel Heel, Германия",
    "active_component": "Гомеопатический состав",
    "qrcode": [
      4601654000093,
      4047642014220
    ],
    "url": "https://www.eapteka.ru/goods/id22995/"
  },
  {
    "name": "Ирузид, таблетки 10 мг+12,5 мг, 30 шт.",
    "producer": "Белупо,лекарства и косметика д.д, Хорватия",
    "active_component": "",
    "qrcode": [
      3850343040440
    ],
    "url": "https://www.eapteka.ru/goods/id215591/"
  }
]