[
  {
    "name": "Сермион, таблетки покрыт.об. 10 мг   50 шт",
    "producer": "Пфайзер Италия С.р.Л., Италия",
    "active_component": "Ницерголин",
    "qrcode": [
      4601955000075,
      "-",
      4607131044994
    ],
    "url": "https://www.eapteka.ru/goods/id204151/"
  },
  {
    "name": "Ломексин, крем для наружного применения 2 % 78 г 1 шт",
    "producer": "Рекордати химическая и фармацевтическая индустрия, Италия",
    "active_component": "Фентиконазол",
    "qrcode": [
      5391519920077
    ],
    "url": "https://www.eapteka.ru/goods/id218078/"
  },
  {
    "name": "Травапресс, капли глазные 0,04 мг/мл 2,5 мл 1 шт",
    "producer": "К.О.Ромфарм Компани С.Р.Л., Румыния",
    "active_component": "Травопрост",
    "qrcode": [
      5944728002395
    ],
    "url": "https://www.eapteka.ru/goods/id301600/"
  },
  {
    "name": "Релиф Адванс, суппозитории ректальные     10 шт",
    "producer": "Институт де Ангели С.р.Л, Италия",
    "active_component": "Бензокаин",
    "qrcode": [
      4250369509065
    ],
    "url": "https://www.eapteka.ru/goods/id513275/"
  },
  {
    "name": "Фуцикорт, крем вагинальный 15 г 1 шт",
    "producer": "ЛЕО Лэбораторис Лимитед, Ирландия",
    "active_component": "Бетаметазон ,  Фузидовая кислота",
    "qrcode": [
      5702191009903
    ],
    "url": "https://www.eapteka.ru/goods/id204765/"
  },
  {
    "name": "Ликопрофит, капсулы, 30 шт.",
    "producer": "ВТФ ООО, Россия",
    "active_component": "",
    "qrcode": [
      4607013589261
    ],
    "url": "https://www.eapteka.ru/goods/id208741/"
  },
  {
    "name": "Мизол Эвалар спрей противогрибковый 1%, 50 мл",
    "producer": "Эвалар, Россия",
    "active_component": "Нафтифин",
    "qrcode": [
      4602242022183
    ],
    "url": "https://www.eapteka.ru/goods/id494839/"
  },
  {
    "name": "Иберогаст, капли для приема внутрь, 50 мл",
    "producer": "Байер Биттерфельд ГмбХ, Германия",
    "active_component": "Препарат растительного происхождения",
    "qrcode": [
      4039581002024
    ],
    "url": "https://www.eapteka.ru/goods/id226989/"
  },
  {
    "name": "Гринтерол, капсулы 250 мг 50 шт",
    "producer": "Гриндекс АО, Латвия",
    "active_component": "Урсодезоксихолевая кислота",
    "qrcode": [
      4750232002322
    ],
    "url": "https://www.eapteka.ru/goods/id244632/"
  },
  {
    "name": "Гинепристон, таблетки 10 мг, 1 шт.",
    "producer": "Нижфарм АО, Россия",
    "active_component": "Мифепристон",
    "qrcode": [
      4607024944363
    ],
    "url": "https://www.eapteka.ru/goods/id208685/"
  },
  {
    "name": "Белосалик лосьон р-р для наружного применения спрей, 50 мл",
    "producer": "Белупо,лекарства и косметика д.д, Хорватия",
    "active_component": "Бетаметазон, Салициловая кислота",
    "qrcode": [
      3850343032315
    ],
    "url": "https://www.eapteka.ru/goods/id217911/"
  },
  {
    "name": "Афлодерм, мазь для наружного применения 0,05 % 40 г 1 шт",
    "producer": "Белупо,лекарства и косметика д.д, Хорватия",
    "active_component": "Алклометазон",
    "qrcode": [
      3850343035446
    ],
    "url": "https://www.eapteka.ru/goods/id204448/"
  },
  {
    "name": "Эгипрес, капсулы 10 мг+5 мг    30 шт",
    "producer": "ЭГИС, Венгрия",
    "active_component": "Амлодипин, Рамиприл",
    "qrcode": [
      5995327143750
    ],
    "url": "https://www.eapteka.ru/goods/id227688/"
  },
  {
    "name": "Экватор, таблетки 5 мг+10 мг  30 шт",
    "producer": "Гедеон Рихтер-Рус, Россия",
    "active_component": "Амлодипин, Лизиноприл",
    "qrcode": [
      4605469004475
    ],
    "url": "https://www.eapteka.ru/goods/id513740/"
  },
  {
    "name": "Эторикоксиб-Тева, таблетки покрыт.плен.об. 60 мг 28 шт",
    "producer": "Тева Фармасьютикал Воркс Прайвэт Лимитед Компани, Венгрия",
    "active_component": "Эторикоксиб",
    "qrcode": [
      5995377301483
    ],
    "url": "https://www.eapteka.ru/goods/id501515/"
  },
  {
    "name": "Мелофлекс Ромфарм, раствор для в/м введ.10 мг/мл 1,5 мл амп 5шт",
    "producer": "К.О.Ромфарм Компани С.Р.Л., Румыния",
    "active_component": "Мелоксикам",
    "qrcode": [
      5944728001596
    ],
    "url": "https://www.eapteka.ru/goods/id221869/"
  },
  {
    "name": "Кветиапин таблетки покрыт.плен.об. 200 мг, 60 шт.",
    "producer": "Озон, Россия",
    "active_component": "Кветиапин",
    "qrcode": [
      4680020181000
    ],
    "url": "https://www.eapteka.ru/goods/id504037/"
  },
  {
    "name": "Турбослим экспресс-похудение, капсулы 18 шт. и саше 3 шт.",
    "producer": "Эвалар, Россия",
    "active_component": "",
    "qrcode": [
      4602242004899
    ],
    "url": "https://www.eapteka.ru/goods/id210084/"
  },
  {
    "name": "Мемантин Канон таблетки покрыт.плен.об. 10 мг, 30 шт.",
    "producer": "Канонфарма продакшн ЗАО, Россия",
    "active_component": "Мемантин",
    "qrcode": [
      4606486013228,
      4606486013143
    ],
    "url": "https://www.eapteka.ru/goods/id216499/"
  },
  {
    "name": "Галидор раствор для в/в и в/м введ. 25 мг/мл 2 мл амп, 10 шт.",
    "producer": "ЭГИС, Венгрия",
    "active_component": "Бенциклан",
    "qrcode": [
      5995327206042
    ],
    "url": "https://www.eapteka.ru/goods/id21720/"
  }
]