[
  {
    "name": "Гинофорт, крем вагинальный 20 мг/г 5 г 1 шт",
    "producer": "Гедеон Рихтер, Венгрия",
    "active_component": "",
    "qrcode": [
      5997001360729,
      5997001327043
    ],
    "url": "https://www.eapteka.ru/goods/id207951/"
  },
  {
    "name": "Урсодез, капсулы 500 мг   30 шт",
    "producer": "Северная Звезда, Россия",
    "active_component": "Урсодезоксихолевая кислота",
    "qrcode": [
      4690655012358
    ],
    "url": "https://www.eapteka.ru/goods/id265909/"
  },
  {
    "name": "Бифидумбактерин жидкий на гидролизате коллагена 10 мл флаконы, 10 шт.",
    "producer": "Био Лонг Лайф, Россия",
    "active_component": "Бифидобактерии бифидум",
    "qrcode": [
      4612733520227,
      "-"
    ],
    "url": "https://www.eapteka.ru/goods/id241903/"
  },
  {
    "name": "Телпрес, таблетки 80 мг 56 шт",
    "producer": "Лабораториос Ликонса С.А., Испания",
    "active_component": "Телмисартан",
    "qrcode": [
      4650069651567
    ],
    "url": "https://www.eapteka.ru/goods/id469485/"
  },
  {
    "name": "Танакан, раствор для приема внутрь     1 шт",
    "producer": "Бофур Ипсен Индастри, Франция",
    "active_component": "Гинкго двулопастного листьев экстракт",
    "qrcode": [
      3582181632401,
      3665585000899
    ],
    "url": "https://www.eapteka.ru/goods/id102462/"
  },
  {
    "name": "Легалон 70, капсулы 70 мг 60 шт",
    "producer": "Мадаус ГмбХ, Германия",
    "active_component": "Расторопши пятнистой плодов экстракт",
    "qrcode": [
      4030041001137,
      4019338607368
    ],
    "url": "https://www.eapteka.ru/goods/id204298/"
  },
  {
    "name": "Ламиктал, таблетки 25 мг, 30 шт.",
    "producer": "ГлаксоСмитКляйн Фармасьютикалз С.А., Польша",
    "active_component": "Ламотриджин",
    "qrcode": [
      4607008133448,
      5900008011303
    ],
    "url": "https://www.eapteka.ru/goods/id21092/"
  },
  {
    "name": "Гинофлор Э, таблетки вагинальные   6 шт",
    "producer": "Мединова АГ, Швейцария",
    "active_component": "Лактобактерии ацидофильные лиофилизат, Эстриол",
    "qrcode": [
      7640135180098,
      5997001308745
    ],
    "url": "https://www.eapteka.ru/goods/id213430/"
  },
  {
    "name": "Престилол, таблетки покрыт.плен.об. 5 мг+5 мг  30 шт",
    "producer": "Сервье, Россия",
    "active_component": "Бисопролол, Периндоприл",
    "qrcode": [
      3594454200026
    ],
    "url": "https://www.eapteka.ru/goods/id336340/"
  },
  {
    "name": "Урдокса, капсулы 250 мг   50 шт",
    "producer": "Фармпроект, Россия",
    "active_component": "Урсодезоксихолевая кислота",
    "qrcode": [
      4607019010738,
      4605077011773
    ],
    "url": "https://www.eapteka.ru/goods/id212137/"
  },
  {
    "name": "Винкристин-Тева р-р для в/вен. введ. 1 мг/мл 2 мл флаконы, 1 шт.",
    "producer": "Фармахеми Б.В., Нидерланды",
    "active_component": "Винкристин",
    "qrcode": [
      8711218550004
    ],
    "url": "https://www.eapteka.ru/goods/id27449/"
  },
  {
    "name": "Минолексин, капсулы 50 мг   20 шт",
    "producer": "Авва Рус, Россия",
    "active_component": "Миноциклин",
    "qrcode": [
      4607003669294
    ],
    "url": "https://www.eapteka.ru/goods/id223891/"
  },
  {
    "name": "Розувастатин-СЗ, таблетки покрыт.плен.об. 10 мг 90 шт",
    "producer": "Северная Звезда, Россия",
    "active_component": "Розувастатин",
    "qrcode": [
      4690655014727,
      4690655025259,
      4690655021350
    ],
    "url": "https://www.eapteka.ru/goods/id275780/"
  },
  {
    "name": "Корнерегель, гель глазной 5 % 10 г 1 шт",
    "producer": "Др. Герхард Манн ХФП, Германия",
    "active_component": "Декспантенол",
    "qrcode": [
      4030571000082
    ],
    "url": "https://www.eapteka.ru/goods/id108684/"
  },
  {
    "name": "Уротол, таблетки покрыт.плен.об. 1 мг 56 шт",
    "producer": "Зентива к.с, Чешская Республика",
    "active_component": "Толтеродин",
    "qrcode": [
      8594739224667,
      8594739201897
    ],
    "url": "https://www.eapteka.ru/goods/id212129/"
  },
  {
    "name": "Бонадэ таблетки покрыт.плен.об. 2 мг+0,03 мг, 21 шт.",
    "producer": "Хаупт Фарма Мюнстер Гмбх, Германия",
    "active_component": "",
    "qrcode": [
      3582910090861,
      8594739213135
    ],
    "url": "https://www.eapteka.ru/goods/id231101/"
  },
  {
    "name": "Сервитель, таблетки 100 мг 60 шт",
    "producer": "Белупо,лекарства и косметика д.д, Хорватия",
    "active_component": "Кветиапин",
    "qrcode": [
      3850343061704
    ],
    "url": "https://www.eapteka.ru/goods/id215268/"
  },
  {
    "name": "ГепатоЛипинт липосомированные эссенциальные фосфолипиды капсулы 209 мг, 60 шт.",
    "producer": "Вектор-Медика АО, Россия",
    "active_component": "",
    "qrcode": [
      4605635006272,
      4605635006364
    ],
    "url": "https://www.eapteka.ru/goods/id492841/"
  },
  {
    "name": "Эскапел, таблетки 1,5 мг 1 шт",
    "producer": "Гедеон Рихтер, Венгрия",
    "active_component": "Левоноргестрел",
    "qrcode": [
      5997001360484
    ],
    "url": "https://www.eapteka.ru/goods/id207825/"
  },
  {
    "name": "Мукосат раствор для в/м и в/сустав введен.100 мг/мл 2 мл ампулы, раствор для в/м и в/суставного введ 100 мг/мл 2 мл 5 шт",
    "producer": "Синтез/Эллара, Россия",
    "active_component": "Хондроитина сульфат",
    "qrcode": [
      4670008163760,
      "-",
      4602565015473
    ],
    "url": "https://www.eapteka.ru/goods/id234935/"
  }
]