[
  {
    "name": "Нутриэн Энергия жидкое (зондовое) лечебное питание, 1 л",
    "producer": "Инфаприм ЗАО, Россия",
    "active_component": "",
    "qrcode": [
      4600490620793
    ],
    "url": "https://www.eapteka.ru/goods/id497453/"
  },
  {
    "name": "Доппельгерц Актив витамины для больных диабетом, таблетки, 60 шт.",
    "producer": "Квайссер Фарма, Германия",
    "active_component": "",
    "qrcode": [
      4009932554762
    ],
    "url": "https://www.eapteka.ru/goods/id212729/"
  },
  {
    "name": "Кардиолип таблетки покрыт.плен.об. 10 мг, 60 шт.",
    "producer": "Алси Фарма, Россия",
    "active_component": "Розувастатин",
    "qrcode": [
      4607011634093
    ],
    "url": "https://www.eapteka.ru/goods/id312362/"
  },
  {
    "name": "Урсолив, капсулы 250 мг   50 шт",
    "producer": "Авва Рус, Россия",
    "active_component": "Урсодезоксихолевая кислота",
    "qrcode": [
      4607003668969,
      4680020232221
    ],
    "url": "https://www.eapteka.ru/goods/id213477/"
  },
  {
    "name": "Омник Окас, таблетки с пролонг.высвобож покрыт.об 0,4 мг   30 шт",
    "producer": "ФКП Армавирская биофабрика, Россия",
    "active_component": "Тамсулозин",
    "qrcode": [
      4606556000387,
      "-",
      4650075360576,
      4606556003241,
      4607098452023
    ],
    "url": "https://www.eapteka.ru/goods/id208374/"
  },
  {
    "name": "Микодерил, крем для наружного применения 1 % 30 г 1 шт",
    "producer": "Лекко ЗАО, Россия",
    "active_component": "Нафтифин",
    "qrcode": [
      4603671003125
    ],
    "url": "https://www.eapteka.ru/goods/id302094/"
  },
  {
    "name": "Сейзар, таблетки 50 мг 30 шт",
    "producer": "Алкалоид АД Скопье, Республика Северная Македония",
    "active_component": "Ламотриджин",
    "qrcode": [
      5310001155278,
      5310001271701
    ],
    "url": "https://www.eapteka.ru/goods/id212325/"
  },
  {
    "name": "Найсулид, гранулы д/приг суспензии для приема внутрь 100 мг   30 шт",
    "producer": "Фармпроект, Россия",
    "active_component": "Нимесулид",
    "qrcode": [
      4605077012947
    ],
    "url": "https://www.eapteka.ru/goods/id325795/"
  },
  {
    "name": "Эстрокад, суппозитории вагинальные 0,5 мг 10 шт",
    "producer": "Др.Каде фармацевтическая фабрика ГмбХ, Германия",
    "active_component": "Эстриол",
    "qrcode": [
      4043027240079
    ],
    "url": "https://www.eapteka.ru/goods/id211411/"
  },
  {
    "name": "Фастум, гель для наружного применения 2,5 % 100 г",
    "producer": "А.Менарини Мэнюфекчеринг Лоджистикс энд Сервисиз С, Италия",
    "active_component": "Кетопрофен",
    "qrcode": [
      4013054009383
    ],
    "url": "https://www.eapteka.ru/goods/id211385/"
  },
  {
    "name": "Ингавирин, капсулы 90 мг 10 шт",
    "producer": "Валента Фарм, Россия",
    "active_component": "Имидазолилэтанамид пентандиовой кислоты",
    "qrcode": [
      4602193012837,
      "-",
      104602193012
    ],
    "url": "https://www.eapteka.ru/goods/id336663/"
  },
  {
    "name": "Витамины для больных диабетом, таблетки 90 шт.",
    "producer": "Верваг Фарма ГмбХ и Ко. КГ, Германия",
    "active_component": "",
    "qrcode": [
      4030674004604
    ],
    "url": "https://www.eapteka.ru/goods/id217927/"
  },
  {
    "name": "Тингрекс, таблетки покрыт.плен.об. 10 мг 30 шт",
    "producer": "Гриндекс АО, Латвия",
    "active_component": "Мемантин",
    "qrcode": [
      4750232003640
    ],
    "url": "https://www.eapteka.ru/goods/id509250/"
  },
  {
    "name": "Love Botanica Успокоительный комплекс капсулы, 60 шт",
    "producer": "Фармакор Продакшн, Россия",
    "active_component": "",
    "qrcode": [
      4603569001066
    ],
    "url": "https://www.eapteka.ru/goods/id514727/"
  },
  {
    "name": "Амоксиклав порошок д/приг.р-ра для в/в введ.1000 мг+200 мг фл, 5 шт.",
    "producer": "Сандоз ГмбХ, Австрия",
    "active_component": "Амоксициллин, Клавулановая кислота",
    "qrcode": [
      9002260019854
    ],
    "url": "https://www.eapteka.ru/goods/id99106/"
  },
  {
    "name": "Диротон Плюс, капсулы с модифиц высвобож 1,5 мг+20 мг 28 шт",
    "producer": "Гедеон Рихтер, Венгрия",
    "active_component": "Индапамид, Лизиноприл",
    "qrcode": [
      4605469003454,
      4605469004444
    ],
    "url": "https://www.eapteka.ru/goods/id354871/"
  },
  {
    "name": "Телпрес Плюс, таблетки 40 мг+12,5 мг  56 шт",
    "producer": "Лабораториос Ликонса С.А., Испания",
    "active_component": "Гидрохлоротиазид, Телмисартан",
    "qrcode": [
      4650069651574
    ],
    "url": "https://www.eapteka.ru/goods/id469486/"
  },
  {
    "name": "Экселон, капсулы 3 мг   28 шт",
    "producer": "Новартис Фармасьютикал C.A., Испания",
    "active_component": "Ривастигмин",
    "qrcode": [
      4603695000155,
      4603695006201
    ],
    "url": "https://www.eapteka.ru/goods/id104649/"
  },
  {
    "name": "Галавит, таблетки подъязычные 25 мг 20 шт",
    "producer": "Сэлвим, Россия",
    "active_component": "Аминодигидрофталазиндион натрия",
    "qrcode": [
      4650065960052
    ],
    "url": "https://www.eapteka.ru/goods/id212159/"
  },
  {
    "name": "Орунгамин, капсулы 100 мг   14 шт",
    "producer": "Озон, Россия",
    "active_component": "Итраконазол",
    "qrcode": [
      4680020181741,
      4680020180720
    ],
    "url": "https://www.eapteka.ru/goods/id341414/"
  }
]