[
  {
    "name": "Орунгамин, капсулы 100 мг   14 шт",
    "producer": "Озон, Россия",
    "active_component": "Итраконазол",
    "qrcode": [
      4680020181741,
      4680020180720
    ],
    "url": "https://www.eapteka.ru/goods/id341414/"
  },
  {
    "name": "Бикана, таблетки покрыт.плен.об. 50 мг 28 шт.",
    "producer": "Натива, Россия",
    "active_component": "Бикалутамид",
    "qrcode": [
      4601808011456,
      4601808011470,
      4630008130117
    ],
    "url": "https://www.eapteka.ru/goods/id261432/"
  },
  {
    "name": "Вальсакор, таблетки покрыт.плен.об. 320 мг 30 шт.",
    "producer": "КРКА-РУС, Россия",
    "active_component": "Валсартан",
    "qrcode": [
      3838989650674
    ],
    "url": "https://www.eapteka.ru/goods/id327981/"
  },
  {
    "name": "Эссенциале форте Н, капсулы 300 мг   30 шт",
    "producer": "Sanofi А.Наттерманн энд Сие ГмбХ, Германия",
    "active_component": "Фосфолипиды",
    "qrcode": [
      4030113617792,
      3664798032321,
      "-",
      3582910077305
    ],
    "url": "https://www.eapteka.ru/goods/id25153/"
  },
  {
    "name": "Зилт, таблетки покрыт.плен.об. 75 г 28 шт",
    "producer": "КРКА-РУС, Россия",
    "active_component": "Клопидогрел",
    "qrcode": [
      4607055130827
    ],
    "url": "https://www.eapteka.ru/goods/id208403/"
  },
  {
    "name": "ОКИ, флаконы , 150 мл",
    "producer": "Домпе Фармачеутичи С.п.А., Италия",
    "active_component": "Кетопрофен",
    "qrcode": [
      8024825000290,
      8024825000078
    ],
    "url": "https://www.eapteka.ru/goods/id113493/"
  },
  {
    "name": "Элицея Ку-таб, таблетки диспергируемые 10 мг   28 шт",
    "producer": "КРКА дд Ново место, Словения",
    "active_component": "Эсциталопрам",
    "qrcode": [
      3838989663575
    ],
    "url": "https://www.eapteka.ru/goods/id327989/"
  },
  {
    "name": "Аморолфин лак для ногтей лекарственный 5%, 2,5 мл",
    "producer": "Тульская фармфабрика, Россия",
    "active_component": "Аморолфин",
    "qrcode": [
      4603905014248,
      4603905015801
    ],
    "url": "https://www.eapteka.ru/goods/id441242/"
  },
  {
    "name": "Либексин Муко сироп для детей 20 мг/мл, 125 мл",
    "producer": "Sanofi А.Наттерманн энд Сие ГмбХ, Германия",
    "active_component": "Карбоцистеин",
    "qrcode": [
      3582910069324,
      3582910038566
    ],
    "url": "https://www.eapteka.ru/goods/id233417/"
  },
  {
    "name": "Цитозар НоваМедика лиофилизат д/приг.р-ра для иньекций 1000 мг флаконы, 1 шт.",
    "producer": "Актавис Италия С.п.А., Италия",
    "active_component": "Цитарабин",
    "qrcode": [
      4680043210039,
      "-"
    ],
    "url": "https://www.eapteka.ru/goods/id490248/"
  },
  {
    "name": "Препидил, гель интрацервикальный 0,5 мг/3 г    1 шт",
    "producer": "Пфайзер, Пуэрто-Рико",
    "active_component": "Динопростон",
    "qrcode": [
      4601951000109,
      4607131045168
    ],
    "url": "https://www.eapteka.ru/goods/id113563/"
  },
  {
    "name": "Эректогенон капсулы 0,5 г, 15 шт.",
    "producer": "ВИС ООО, Россия",
    "active_component": "",
    "qrcode": [
      4607039974355,
      4607039975529
    ],
    "url": "https://www.eapteka.ru/goods/id227672/"
  },
  {
    "name": "Декспантенол-Вертекс, мазь для наружного применения 5 % 100 г 1 шт",
    "producer": "Вертекс, Россия",
    "active_component": "Декспантенол",
    "qrcode": [
      4607003249908,
      4607003248895
    ],
    "url": "https://www.eapteka.ru/goods/id296991/"
  },
  {
    "name": "Кето плюс, шампунь 60 мл 1 шт",
    "producer": "Гленмарк Фармасьютикалз Лтд, Индия",
    "active_component": "Кетоконазол, Пиритион цинк",
    "qrcode": [
      8904091113910,
      8904091113915,
      8901091000752
    ],
    "url": "https://www.eapteka.ru/goods/id205851/"
  },
  {
    "name": "Никоретте жевательная резинка Свежие Фрукты 4 мг, 30 шт.",
    "producer": "МакНил АБ, Швеция",
    "active_component": "Никотин",
    "qrcode": [
      3574660468618
    ],
    "url": "https://www.eapteka.ru/goods/id203688/"
  },
  {
    "name": "Эриус, сироп 2,5 мг/5 мл  60 мл 1 шт",
    "producer": "Шеринг-Плау Лабо Н.В., Бельгия",
    "active_component": "Дезлоратадин",
    "qrcode": [
      4602210001264,
      4250369506408
    ],
    "url": "https://www.eapteka.ru/goods/id207393/"
  },
  {
    "name": "Кансалазин, таблетки пролонг действия 500 мг 50 шт",
    "producer": "Канонфарма продакшн ЗАО, Россия",
    "active_component": "Месалазин",
    "qrcode": [
      4630030920175,
      4606486011903
    ],
    "url": "https://www.eapteka.ru/goods/id216517/"
  },
  {
    "name": "Ксизал, таблетки 5 мг 14 шт",
    "producer": "ЮСБ Фаршим С.А., Швейцария",
    "active_component": "Левоцетиризин",
    "qrcode": [
      4603149000465,
      5413787104659
    ],
    "url": "https://www.eapteka.ru/goods/id208556/"
  },
  {
    "name": "Тадалафил-СЗ, таблетки покрыт.плен.об. 5 мг 28 шт",
    "producer": "Северная Звезда, Россия",
    "active_component": "Тадалафил",
    "qrcode": [
      4690655018077
    ],
    "url": "https://www.eapteka.ru/goods/id327649/"
  },
  {
    "name": "Мертенил, таблетки покрыт.плен.об. 10 мг 30 шт",
    "producer": "Гедеон Рихтер-Рус, Россия",
    "active_component": "Розувастатин",
    "qrcode": [
      4605469002525
    ],
    "url": "https://www.eapteka.ru/goods/id212493/"
  }
]