[
  {
    "name": "Аркоксиа, таблетки покрыт.плен.об. 120 мг 7 шт",
    "producer": "Рови Фарма Индастриал Сервисиз С.А., Испания",
    "active_component": "Эторикоксиб",
    "qrcode": [
      8711141828560,
      4602210003374
    ],
    "url": "https://www.eapteka.ru/goods/id211280/"
  },
  {
    "name": "Тержинан, таблетки вагинальные     10 шт",
    "producer": "Лаборатории Бушара-Рекордати, Франция",
    "active_component": "Тернидазол, Неомицина сульфат, Нистатин, Преднизолона натрия метасульфобензоат",
    "qrcode": [
      3592751842130,
      5391519924013
    ],
    "url": "https://www.eapteka.ru/goods/id119123/"
  },
  {
    "name": "Диосмин таблетки покрыт.плен.об. 600 мг, 30 шт.",
    "producer": "Вертекс, Россия",
    "active_component": "Диосмин",
    "qrcode": [
      4607003248994,
      4670033321036,
      "-",
      4670033322453
    ],
    "url": "https://www.eapteka.ru/goods/id296992/"
  },
  {
    "name": "Фреймитус, таблетки покрыт.плен.об. 5 мг 28 шт",
    "producer": "Озон, Россия",
    "active_component": "Тадалафил",
    "qrcode": [
      4680020182625
    ],
    "url": "https://www.eapteka.ru/goods/id352714/"
  },
  {
    "name": "Мастодинон, капли для приема внутрь , 50 мл",
    "producer": "Бионорика СЕ, Германия",
    "active_component": "Гомеопатический состав",
    "qrcode": [
      4029799119706
    ],
    "url": "https://www.eapteka.ru/goods/id23024/"
  },
  {
    "name": "Мебикар, таблетки 500 мг 20",
    "producer": "Татхимфармпрепараты, Россия",
    "active_component": "Тетраметилтетраазабициклооктандион",
    "qrcode": [
      4604060995755
    ],
    "url": "https://www.eapteka.ru/goods/id289551/"
  },
  {
    "name": "Нафтодерил раствор для наружного применения 1 %, 20 мл",
    "producer": "Кировская фармфабрика, Россия",
    "active_component": "Нафтифин",
    "qrcode": [
      4603256009948
    ],
    "url": "https://www.eapteka.ru/goods/id495410/"
  },
  {
    "name": "АнвиМакс Лимон, пакетики 5 г, 24 шт.",
    "producer": "ФармВилар НПО, Россия",
    "active_component": "Парацетамол, Аскорбиновая кислота, Римантадин, Рутозид, Лоратадин, Кальция глюконат",
    "qrcode": [
      4605964003942,
      4605964003782
    ],
    "url": "https://www.eapteka.ru/goods/id221496/"
  },
  {
    "name": "Селенцин, таблетки   60 шт",
    "producer": "Алкой фарм ООО, Россия",
    "active_component": "Гомеопатический состав",
    "qrcode": [
      4605048004421
    ],
    "url": "https://www.eapteka.ru/goods/id217330/"
  },
  {
    "name": "Этоксидол, таблетки жевательные 100 мг   20 шт",
    "producer": "Синтез ОАО, Россия",
    "active_component": "Этилметилгидроксипиридина малат",
    "qrcode": [
      4602565016906
    ],
    "url": "https://www.eapteka.ru/goods/id224688/"
  },
  {
    "name": "Пепсан-Р гель для приема внутрь 10 г саше, 30 шт.",
    "producer": "Фарматис, Франция",
    "active_component": "Диметикон, Гвайзулен",
    "qrcode": [
      3760001050103
    ],
    "url": "https://www.eapteka.ru/goods/id212754/"
  },
  {
    "name": "Полижинакс, капсулы вагинальные     12 шт",
    "producer": "Иннотек Интернасиональ, Франция",
    "active_component": "Неомицин, Нистатин, Полимиксин B",
    "qrcode": [
      3400970000968,
      "-",
      3614250000368
    ],
    "url": "https://www.eapteka.ru/goods/id207513/"
  },
  {
    "name": "Катионорм капли глазные, 10 мл",
    "producer": "Лаборатуар Фармастер, Франция",
    "active_component": "Минеральные масла, тилоксапол, глицерин, полоксамер 188, трометамин, трис гидрохлорид, очищ.вода",
    "qrcode": [
      6419716604442
    ],
    "url": "https://www.eapteka.ru/goods/id224562/"
  },
  {
    "name": "Хелидониум-гомаккорд H, капли для приема внутрь     1 шт",
    "producer": "Biologische Heilmittel Heel, Германия",
    "active_component": "Гомеопатический состав",
    "qrcode": [
      4601654001007,
      4047642014299
    ],
    "url": "https://www.eapteka.ru/goods/id22976/"
  },
  {
    "name": "Леркамен Дуо, таблетки покрыт.плен.об.10 мг+20 мг 28 шт",
    "producer": "Рекордати химическая и фармацевтическая индустрия, Италия",
    "active_component": "Лерканидипин, Эналаприл",
    "qrcode": [
      5391519922163
    ],
    "url": "https://www.eapteka.ru/goods/id314534/"
  },
  {
    "name": "Конкор АМ, таблетки 10 мг+5 мг 30 шт.",
    "producer": "ЭГИС, Венгрия",
    "active_component": "",
    "qrcode": [
      4027269303174
    ],
    "url": "https://www.eapteka.ru/goods/id221221/"
  },
  {
    "name": "Никоретте жевательная резинка Морозная Мята 4 мг, 30 шт.",
    "producer": "МакНил АБ, Швеция",
    "active_component": "Никотин",
    "qrcode": [
      3574660588859
    ],
    "url": "https://www.eapteka.ru/goods/id214386/"
  },
  {
    "name": "Хондролон, лиофилизат д/приг.р-ра для в/м введ. 100 мг амп.10 шт",
    "producer": "Микроген НПО, Россия",
    "active_component": "Хондроитина сульфат",
    "qrcode": [
      4602784003497,
      4600488003324,
      4600488003331,
      4605260003202
    ],
    "url": "https://www.eapteka.ru/goods/id233457/"
  },
  {
    "name": "Урцевел, капсулы 250 мг   50 шт",
    "producer": "Велфарм, Россия",
    "active_component": "Урсодезоксихолевая кислота",
    "qrcode": [
      4650099784884
    ],
    "url": "https://www.eapteka.ru/goods/id503212/"
  },
  {
    "name": "Гидрасек, капсулы 100 мг 10 шт",
    "producer": "Софартекс, Франция",
    "active_component": "Рацекадотрил",
    "qrcode": [
      8002660027580,
      8002660032911
    ],
    "url": "https://www.eapteka.ru/goods/id297056/"
  }
]