[
  {
    "name": "Аспирин кардио, таблетки 300 мг 20 шт",
    "producer": "Байер Биттерфельд ГмбХ, Германия",
    "active_component": "Ацетилсалициловая кислота",
    "qrcode": [
      4008500127261
    ],
    "url": "https://www.eapteka.ru/goods/id22679/"
  },
  {
    "name": "Трихопол, таблетки 250 мг 20 шт",
    "producer": "Польфарма АО, Польша",
    "active_component": "Метронидазол",
    "qrcode": [
      5903060006126
    ],
    "url": "https://www.eapteka.ru/goods/id34727/"
  },
  {
    "name": "Метформин, таблетки 500 мг 60 шт",
    "producer": "Озон, Россия",
    "active_component": "Метформин",
    "qrcode": [
      4607027767471,
      4607027764449,
      "-"
    ],
    "url": "https://www.eapteka.ru/goods/id233722/"
  },
  {
    "name": "Лизиноприл, таблетки 10 мг, 20 шт.",
    "producer": "Алкалоид АД Скопье, Республика Северная Македония",
    "active_component": "Лизиноприл",
    "qrcode": [
      5310001216672
    ],
    "url": "https://www.eapteka.ru/goods/id294424/"
  },
  {
    "name": "Родиолы экстракт жидкий, экстракт для приема внутрь     1 шт",
    "producer": "Вифитех, Россия",
    "active_component": "",
    "qrcode": [
      4605180005379
    ],
    "url": "https://www.eapteka.ru/goods/id233344/"
  },
  {
    "name": "Аскофен-П, таблетки 200 мг+200 мг+40 мг  10 шт",
    "producer": "Фармстандарт-Лексредства, Россия",
    "active_component": "Ацетилсалициловая кислота, Кофеин, Парацетамол",
    "qrcode": [
      4601669002464,
      4601669000392,
      "-"
    ],
    "url": "https://www.eapteka.ru/goods/id35040/"
  },
  {
    "name": "Кеторолак-Солофарм раствор для в/в и в/м введ.30 мг/мл 1 мл амп, 10 шт.",
    "producer": "Гротекс ООО, Россия",
    "active_component": "Кеторолак",
    "qrcode": [
      4680013245719
    ],
    "url": "https://www.eapteka.ru/goods/id287686/"
  },
  {
    "name": "Скипидарная, мазь для наружного применения 20 % 25 г 1 шт",
    "producer": "Московская ФФ, Россия",
    "active_component": "Скипидар живичный",
    "qrcode": [
      4601429004516
    ],
    "url": "https://www.eapteka.ru/goods/id66783/"
  },
  {
    "name": "Кеторолак раствор для в/в и в/м введ.30 мг/мл 1 мл ампулы, 10 шт.",
    "producer": "Озон, Россия",
    "active_component": "Кеторолак",
    "qrcode": [
      4607027767730
    ],
    "url": "https://www.eapteka.ru/goods/id484688/"
  },
  {
    "name": "Ибупрофен гель 5%, 50 г",
    "producer": "Вертекс, Россия",
    "active_component": "Ибупрофен",
    "qrcode": [
      4670033320022,
      "-",
      4607003245634
    ],
    "url": "https://www.eapteka.ru/goods/id221966/"
  },
  {
    "name": "Пирантел, суспензия для приема внутрь 250 мг/5 мл  15 мл 1 шт",
    "producer": "Озон, Россия",
    "active_component": "Пирантел",
    "qrcode": [
      4607027768577
    ],
    "url": "https://www.eapteka.ru/goods/id484699/"
  },
  {
    "name": "Гастрозол, капсулы 20 мг, 14 шт.",
    "producer": "Фармстандарт-Лексредства, Россия",
    "active_component": "Омепразол",
    "qrcode": [
      4601669005854
    ],
    "url": "https://www.eapteka.ru/goods/id36205/"
  },
  {
    "name": "Вазелиновое масло, 25 мл",
    "producer": "Тульская фармфабрика, Россия",
    "active_component": "Парафин жидкий",
    "qrcode": [
      4603905000371,
      "-"
    ],
    "url": "https://www.eapteka.ru/goods/id235314/"
  },
  {
    "name": "Калия йодид, таблетки 100 мкг 100 шт",
    "producer": "Алиум АО, Россия",
    "active_component": "Калия йодид",
    "qrcode": [
      4605077003303,
      4605077017102
    ],
    "url": "https://www.eapteka.ru/goods/id229520/"
  },
  {
    "name": "Лафракс, капли глазные и ушные 0,3 % фл 5 мл",
    "producer": "Гротекс ООО, Россия",
    "active_component": "Офлоксацин",
    "qrcode": [
      4670028229057
    ],
    "url": "https://www.eapteka.ru/goods/id492092/"
  },
  {
    "name": "Йод флаконы 5% с крышкой-лопаткой, 10 мл",
    "producer": "Московская ФФ, Россия",
    "active_component": "",
    "qrcode": [
      4601429000983,
      4601429000457
    ],
    "url": "https://www.eapteka.ru/goods/id66380/"
  },
  {
    "name": "Эналаприл, таблетки 10 мг 20 шт",
    "producer": "Изварино Фарма, Россия",
    "active_component": "Эналаприл",
    "qrcode": [
      4660007700325,
      4660007700349
    ],
    "url": "https://www.eapteka.ru/goods/id266684/"
  },
  {
    "name": "Валидол, таблетки 60 мг 10 шт",
    "producer": "Татхимфармпрепараты, Россия",
    "active_component": "Левоментола раствор в ментил изовалерате",
    "qrcode": [
      4604060021218,
      4604060002507
    ],
    "url": "https://www.eapteka.ru/goods/id86179/"
  },
  {
    "name": "Дротаверин Renewal, таблетки 40 мг 28 шт",
    "producer": "Обновление ПФК АО, Россия",
    "active_component": "Дротаверин",
    "qrcode": [
      4603988012834
    ],
    "url": "https://www.eapteka.ru/goods/id250495/"
  },
  {
    "name": "Фамотидин, таблетки покрыт.плен.об. 40 мг 30 шт",
    "producer": "Хемофарм ООО, Россия",
    "active_component": "Фамотидин",
    "qrcode": [
      4607143560451,
      "-"
    ],
    "url": "https://www.eapteka.ru/goods/id105297/"
  }
]