[
  {
    "name": "Суппортан, пакет, 500 мл",
    "producer": "Фрезениус Каби Дойчланд ГмбХ, Германия",
    "active_component": "",
    "qrcode": [
      4086000007610,
      4051895022444
    ],
    "url": "https://www.eapteka.ru/goods/id209417/"
  },
  {
    "name": "Диксин р-р для внутриполостного введения и наруж прим 10 мг/мл 10 мл ампулы, 10 шт",
    "producer": "Озон, Россия",
    "active_component": "",
    "qrcode": [
      4607027768843
    ],
    "url": "https://www.eapteka.ru/goods/id504024/"
  },
  {
    "name": "Тералиджен, таблетки покрыт.плен.об. 5 мг 25 шт",
    "producer": "Валента Фарм, Россия",
    "active_component": "Алимемазин",
    "qrcode": [
      4602193011649,
      4602193010499,
      4602193013841
    ],
    "url": "https://www.eapteka.ru/goods/id216217/"
  },
  {
    "name": "Дувитекс К Витамин Д3 2000 МЕ капсулы, 30 шт.",
    "producer": "BonPharma, Шотландия",
    "active_component": "",
    "qrcode": [
      4850011670367
    ],
    "url": "https://www.eapteka.ru/goods/id502567/"
  },
  {
    "name": "Телзап АМ, таблетки 5 мг+40 мг  56 шт",
    "producer": "Зентива к.с, Чешская Республика",
    "active_component": "Амлодипин, Телмисартан",
    "qrcode": [
      3664798012699
    ],
    "url": "https://www.eapteka.ru/goods/id511072/"
  },
  {
    "name": "Иплерон таблетки покрыт. плен. об. 25 мг, 30 шт.",
    "producer": "Синтон Испания С.Л., Испания",
    "active_component": "Эплеренон",
    "qrcode": [
      4630019880315,
      4640076420157
    ],
    "url": "https://www.eapteka.ru/goods/id339016/"
  },
  {
    "name": "Ревалгин, таблетки   100 шт",
    "producer": "Шрея Лайф Саенсиз Пвт.Лтд, Индия",
    "active_component": "Метамизол натрия, Питофенон, Фенпивериния бромид",
    "qrcode": [
      8906000570302
    ],
    "url": "https://www.eapteka.ru/goods/id238306/"
  },
  {
    "name": "Тримедат, порошок д/приг суспензии для приема внутрь     1 шт",
    "producer": "Абди Ибрахим Иляч Санайи ве Тидж. А.Ш., Турция",
    "active_component": "Тримебутин",
    "qrcode": [
      4602193014497
    ],
    "url": "https://www.eapteka.ru/goods/id510406/"
  },
  {
    "name": "Костарокс, таблетки покрыт.плен.об. 60 мг 28 шт",
    "producer": "Кадила Фармасьютикалз Лтд, Индия",
    "active_component": "Эторикоксиб",
    "qrcode": [
      4030855509546
    ],
    "url": "https://www.eapteka.ru/goods/id299220/"
  },
  {
    "name": "Анвимакс порошок для раствора для приема внутрь, черная смородина 5г 24 шт.",
    "producer": "ФармВилар НПО, Россия",
    "active_component": "Парацетамол, Аскорбиновая кислота, Римантадин, Рутозид, Лоратадин, Кальция глюконат",
    "qrcode": [
      4605964003973
    ],
    "url": "https://www.eapteka.ru/goods/id250383/"
  },
  {
    "name": "Раеном, таблетки покрыт.плен.об. 7,5 мг 56 шт",
    "producer": "Гедеон Рихтер, Венгрия",
    "active_component": "Ивабрадин",
    "qrcode": [
      5997001307526
    ],
    "url": "https://www.eapteka.ru/goods/id276214/"
  },
  {
    "name": "Ламизил Дермгель, гель для наружного применения 1 % 15 г",
    "producer": "ГСК Консьюмер Хелскер С.А., Швейцария",
    "active_component": "Тербинафин",
    "qrcode": [
      4607045190114
    ],
    "url": "https://www.eapteka.ru/goods/id205999/"
  },
  {
    "name": "Пурегон-пен ручка-инжектор для введения лекарственных средств, 1 шт.",
    "producer": "Becton Dickinson, США",
    "active_component": "Аминокислоты и пребиотические волокна",
    "qrcode": [
      4601910000676
    ],
    "url": "https://www.eapteka.ru/goods/id208543/"
  },
  {
    "name": "Урсодез, капсулы 250 мг   50 шт",
    "producer": "Северная Звезда, Россия",
    "active_component": "Урсодезоксихолевая кислота",
    "qrcode": [
      4660007840830
    ],
    "url": "https://www.eapteka.ru/goods/id220967/"
  },
  {
    "name": "Линдинет 30, таблетки покрыт.об. 21 шт",
    "producer": "Гедеон Рихтер, Венгрия",
    "active_component": "Гестоден, Этинилэстрадиол",
    "qrcode": [
      5997001359778,
      5997001326923,
      5997001371695
    ],
    "url": "https://www.eapteka.ru/goods/id206787/"
  },
  {
    "name": "Педикулен Ультра набор спрей , гребень и лупа, 1 уп.",
    "producer": "Витакапитал, Россия",
    "active_component": "",
    "qrcode": [
      4620002181611,
      4620002180775,
      "-"
    ],
    "url": "https://www.eapteka.ru/goods/id222005/"
  },
  {
    "name": "Нормомед, таблетки 500 мг   20 шт",
    "producer": "Обнинская ХФК, Россия",
    "active_component": "Инозин Пранобекс",
    "qrcode": [
      4607024945377
    ],
    "url": "https://www.eapteka.ru/goods/id308373/"
  },
  {
    "name": "Везикар таблетки покрыт.плен.об. 5 мг, 30 шт.",
    "producer": "Астеллас Фарма Юроп Б.В., Нидерланды",
    "active_component": "Солифенацин",
    "qrcode": [
      4607098450098,
      4607098452399
    ],
    "url": "https://www.eapteka.ru/goods/id208372/"
  },
  {
    "name": "Галвус, таблетки 50 мг 28 шт",
    "producer": "Новартис Нева ООО, Россия",
    "active_component": "Вилдаглиптин",
    "qrcode": [
      4650069870111,
      "-"
    ],
    "url": "https://www.eapteka.ru/goods/id211353/"
  },
  {
    "name": "Мастопол, таблетки гомеопатические   60 шт",
    "producer": "Алкой фарм ООО, Россия",
    "active_component": "Гомеопатический состав",
    "qrcode": [
      4605048004865
    ],
    "url": "https://www.eapteka.ru/goods/id216274/"
  }
]