[
  {
    "name": "Антигриппин, таблетки шипучие д/д, 30 шт.",
    "producer": "Натур Продукт Фарма, Польша",
    "active_component": "",
    "qrcode": [
      4607013581104,
      8717627103206
    ],
    "url": "https://www.eapteka.ru/goods/id205800/"
  },
  {
    "name": "Гроприносин, таблетки 500 мг 20 шт",
    "producer": "Гедеон Рихтер, Венгрия",
    "active_component": "Инозин Пранобекс",
    "qrcode": [
      5997001302538
    ],
    "url": "https://www.eapteka.ru/goods/id217934/"
  },
  {
    "name": "Осельтамивир, капсулы 75 мг   10 шт",
    "producer": "Изварино Фарма, Россия",
    "active_component": "Осельтамивир",
    "qrcode": [
      4660007705207
    ],
    "url": "https://www.eapteka.ru/goods/id350494/"
  },
  {
    "name": "Карницетин капсулы 295 мг, 60 шт.",
    "producer": "Пик-Фарма, Россия",
    "active_component": "Ацетилкарнитин",
    "qrcode": [
      4630016120216
    ],
    "url": "https://www.eapteka.ru/goods/id212821/"
  },
  {
    "name": "Темпалгин, таблетки   100 шт",
    "producer": "Софарма, Болгария",
    "active_component": "Метамизол натрия, Триацетонамин-4-толуолсульфонат",
    "qrcode": [
      3800010643450
    ],
    "url": "https://www.eapteka.ru/goods/id113549/"
  },
  {
    "name": "Нутриэн Стандарт лечебное (энтеральное) питание, сухая смесь, 350 г",
    "producer": "Инфаприм ЗАО, Россия",
    "active_component": "",
    "qrcode": [
      4600490617038
    ],
    "url": "https://www.eapteka.ru/goods/id211168/"
  },
  {
    "name": "Азикс-дерм, крем для наружного применения 20 % 30 г 1 шт",
    "producer": "Сан Фармасьютикал Индастриз Лтд, Индия",
    "active_component": "Азелаиновая кислота",
    "qrcode": [
      4601764006060
    ],
    "url": "https://www.eapteka.ru/goods/id222259/"
  },
  {
    "name": "Глиатилин, капсулы 400 мг, 14 шт.",
    "producer": "Каталент Италия С.П.А., Италия",
    "active_component": "Холина альфосцерат",
    "qrcode": [
      4603569310021,
      "-",
      4603569000038
    ],
    "url": "https://www.eapteka.ru/goods/id124319/"
  },
  {
    "name": "Микразим, капсулы 25000 ед 40 шт",
    "producer": "Авва Рус, Россия",
    "active_component": "Панкреатин",
    "qrcode": [
      4680020232580
    ],
    "url": "https://www.eapteka.ru/goods/id500754/"
  },
  {
    "name": "Кветиапин таблетки покрыт.плен.об. 25 мг, 60 шт.",
    "producer": "МЭЗ, Россия",
    "active_component": "Кветиапин",
    "qrcode": [
      4602676009330
    ],
    "url": "https://www.eapteka.ru/goods/id362121/"
  },
  {
    "name": "Монтелар, таблетки покрыт.плен.об. 10 мг 14 шт",
    "producer": "Генвеон Илач Санайи Ве Тиджарет Аноним Ширкети, Турция",
    "active_component": "Монтелукаст",
    "qrcode": [
      8699516099862,
      7613421046422
    ],
    "url": "https://www.eapteka.ru/goods/id219740/"
  },
  {
    "name": "Холоксан, порошок д/приг р-ра для инфузий 0,5 г 1 шт",
    "producer": "Бакстер Онкология ГмбХ, Германия",
    "active_component": "Ифосфамид",
    "qrcode": [
      5413760229669
    ],
    "url": "https://www.eapteka.ru/goods/id203252/"
  },
  {
    "name": "Далацин, суппозитории вагинальные 100 мг 3 шт.",
    "producer": "Пфайзер, Пуэрто-Рико",
    "active_component": "Клиндамицин",
    "qrcode": [
      "PAA064100",
      "-",
      11404200,
      4607131044758,
      300097667019
    ],
    "url": "https://www.eapteka.ru/goods/id205444/"
  },
  {
    "name": "Эгипрес, капсулы 5 мг+10 мг    30 шт",
    "producer": "ЭГИС, Венгрия",
    "active_component": "Амлодипин, Рамиприл",
    "qrcode": [
      5995327143743
    ],
    "url": "https://www.eapteka.ru/goods/id227687/"
  },
  {
    "name": "Берлитион 300, таблетки покрыт.плен.об. 300 мг 30 шт",
    "producer": "Хаупт Фарма Вольфратсхаузен ГмбХ, Германия",
    "active_component": "Тиоктовая кислота",
    "qrcode": [
      4630011650046,
      4013054008652
    ],
    "url": "https://www.eapteka.ru/goods/id22381/"
  },
  {
    "name": "Панавир, гель для наружного применения     1 шт",
    "producer": "Зеленая Дубрава, Россия",
    "active_component": "",
    "qrcode": [
      4605370002485
    ],
    "url": "https://www.eapteka.ru/goods/id211700/"
  },
  {
    "name": "Рабелок, таблетки покрыт.кишечнораств.об. 20 мг   28 шт",
    "producer": "",
    "active_component": "Рабепразол",
    "qrcode": [
      8901149031783,
      8901149031780
    ],
    "url": "https://www.eapteka.ru/goods/id492867/"
  },
  {
    "name": "Кальций-Д3 Никомед таблетки жевательные клубника-арбуз, 120 шт.",
    "producer": "Такеда Фармасьютикалс ООО, Россия",
    "active_component": "Кальция карбонат, Колекальциферол",
    "qrcode": [
      7038310001106,
      4602156000581,
      4601026310119
    ],
    "url": "https://www.eapteka.ru/goods/id299829/"
  },
  {
    "name": "Nutricia Нутризон Энергия смесь с пищевыми волокнами, 1000 мл",
    "producer": "Истра-Нутриция ДП АО, Россия",
    "active_component": "",
    "qrcode": [
      8716900575495,
      8712400660969,
      8716900575488,
      8712400160964
    ],
    "url": "https://www.eapteka.ru/goods/id209783/"
  },
  {
    "name": "Бетмига таблетки пролонг действия покрыт.плен.об. 50 мг, 10 шт.",
    "producer": "Авара Фармасьютикал Текнолоджис Инк, США",
    "active_component": "Мирабегрон",
    "qrcode": [
      4607098451385,
      4607098452344
    ],
    "url": "https://www.eapteka.ru/goods/id263976/"
  }
]