[
  {
    "name": "Дузофарм таблетки покрыт.плен.об. 50 мг, 60 шт.",
    "producer": "Софарма, Болгария",
    "active_component": "Нафтидрофурил",
    "qrcode": [
      3800041903295,
      4630019880100
    ],
    "url": "https://www.eapteka.ru/goods/id267832/"
  },
  {
    "name": "Занидип-Рекордати, таблетки покрыт.плен.об.10 мг 56 шт.",
    "producer": "Рекордати химическая и фармацевтическая индустрия, Италия",
    "active_component": "Лерканидипин",
    "qrcode": [
      5391519921807
    ],
    "url": "https://www.eapteka.ru/goods/id295348/"
  },
  {
    "name": "Леветирацетам Канон таблетки покрыт.плен.об. 1000 мг, 30 шт.",
    "producer": "Канонфарма продакшн ЗАО, Россия",
    "active_component": "Леветирацетам",
    "qrcode": [
      4606486013112
    ],
    "url": "https://www.eapteka.ru/goods/id227707/"
  },
  {
    "name": "Микразим, капсулы 25000 ед 50 шт",
    "producer": "Авва Рус, Россия",
    "active_component": "Панкреатин",
    "qrcode": [
      4607003664787,
      4680020230999
    ],
    "url": "https://www.eapteka.ru/goods/id213173/"
  },
  {
    "name": "Роксатенз-инда, таблетки покрыт.плен.об. 2,5 мг+8 мг+10 мг  30 шт",
    "producer": "КРКА дд Ново место, Словения",
    "active_component": "Индапамид, Периндоприл, Розувастатин",
    "qrcode": [
      3838989721701
    ],
    "url": "https://www.eapteka.ru/goods/id484453/"
  },
  {
    "name": "Пимафуцин, таблетки покрыт.кишечнораств.об. 100 мг 20 шт",
    "producer": "Хаупт Фарма Вюльфинг ГмбХ, Германия",
    "active_component": "Натамицин",
    "qrcode": [
      5702191012729,
      4607098450463,
      4605286000896,
      5702191025927
    ],
    "url": "https://www.eapteka.ru/goods/id34210/"
  },
  {
    "name": "Тилорам, таблетки покрыт.плен.об. 125 мг 10 шт",
    "producer": "Озон, Россия",
    "active_component": "Тилорон",
    "qrcode": [
      4607027765392
    ],
    "url": "https://www.eapteka.ru/goods/id352740/"
  },
  {
    "name": "Минирин, таблетки 0,1 мг 30 шт",
    "producer": "Ферринг ГмбХ, Швейцария",
    "active_component": "Десмопрессин",
    "qrcode": [
      4603583000137,
      4603583000762
    ],
    "url": "https://www.eapteka.ru/goods/id205403/"
  },
  {
    "name": "Бринекс-М, капли глазные 1 % 5 мл",
    "producer": "Сентисс Фарма Пвт.Лтд, Индия",
    "active_component": "Бринзоламид",
    "qrcode": [
      8901236020119,
      8901236020116
    ],
    "url": "https://www.eapteka.ru/goods/id359648/"
  },
  {
    "name": "Клензит-С, гель для наружного применения 15 г 1 шт",
    "producer": "Гленмарк Фармасьютикалз Лтд, Индия",
    "active_component": "Адапален, Клиндамицин",
    "qrcode": [
      8904091143801,
      8904091160430
    ],
    "url": "https://www.eapteka.ru/goods/id214236/"
  },
  {
    "name": "Бикситор таблетки покрыт. плен.об. 60 мг, 30 шт.",
    "producer": "АЕТ Лабораториз Прайвет Лимитед/Хемофарм ООО, Индия",
    "active_component": "Эторикоксиб",
    "qrcode": [
      4607143561014
    ],
    "url": "https://www.eapteka.ru/goods/id494365/"
  },
  {
    "name": "Версатис, пластырь 5 шт",
    "producer": "Тейкоку Сейяку Ко. Лтд., Япония",
    "active_component": "Лидокаин",
    "qrcode": [
      4032129023611,
      4032129007055
    ],
    "url": "https://www.eapteka.ru/goods/id208478/"
  },
  {
    "name": "Урсосан, капсулы 250 мг   50 шт",
    "producer": "ФКП Армавирская биофабрика, Россия",
    "active_component": "Урсодезоксихолевая кислота",
    "qrcode": [
      4607085319940,
      8595026463356
    ],
    "url": "https://www.eapteka.ru/goods/id125704/"
  },
  {
    "name": "Гипоксен, капсулы 250 мг 30 шт",
    "producer": "Корпорация Олифен, Россия",
    "active_component": "Полидигидроксифенилентиосульфонат натрия",
    "qrcode": [
      4605080000757,
      4605080000634
    ],
    "url": "https://www.eapteka.ru/goods/id124318/"
  },
  {
    "name": "Педикулен Ультра шампунь, 200 мл",
    "producer": "Биофармрус, Россия",
    "active_component": "",
    "qrcode": [
      4620002183691
    ],
    "url": "https://www.eapteka.ru/goods/id231385/"
  },
  {
    "name": "Вайрова таблетки покрыт.плен.об. 500 мг, 10 шт.",
    "producer": "Сан Фармасьютикал Индастриз Лтд, Индия",
    "active_component": "Валацикловир",
    "qrcode": [
      4601764005414
    ],
    "url": "https://www.eapteka.ru/goods/id223974/"
  },
  {
    "name": "Розувастатин-СЗ, таблетки покрыт.плен.об. 20 мг 60 шт",
    "producer": "Северная Звезда, Россия",
    "active_component": "Розувастатин",
    "qrcode": [
      4690655014741,
      4690655021367
    ],
    "url": "https://www.eapteka.ru/goods/id265903/"
  },
  {
    "name": "Амелотекс р-р для в/м введ. 10 мг/мл 1,5 мл ампулы, 10 шт.",
    "producer": "ФармФирма Сотекс, Россия",
    "active_component": "Мелоксикам",
    "qrcode": [
      4605964002686
    ],
    "url": "https://www.eapteka.ru/goods/id512579/"
  },
  {
    "name": "Клопидогрел-СЗ, таблетки покрыт.плен.об. 75 мг, 60 шт.",
    "producer": "Северная Звезда, Россия",
    "active_component": "Клопидогрел",
    "qrcode": [
      4690655006302
    ],
    "url": "https://www.eapteka.ru/goods/id265895/"
  },
  {
    "name": "БиоГая ОРС порошок для р-ра для приема внутрь, 7 шт",
    "producer": "БиоГая Продакшн АБ, Винделваген, Швеция",
    "active_component": "",
    "qrcode": [
      7350012551483,
      7350012553661
    ],
    "url": "https://www.eapteka.ru/goods/id253506/"
  }
]