[
  {
    "name": "Триазавирин, капсулы     10 шт",
    "producer": "Завод Медсинтез, Россия",
    "active_component": "Метилтионитрооксодигидротриазолотриазинид натрия",
    "qrcode": [
      4607069222518
    ],
    "url": "https://www.eapteka.ru/goods/id499916/"
  },
  {
    "name": "Овипол Клио, суппозитории вагинальные 0,5 мг 15 шт",
    "producer": "Фармаприм, Молдова",
    "active_component": "Эстриол",
    "qrcode": [
      4840456002205,
      "-",
      4601969009507
    ],
    "url": "https://www.eapteka.ru/goods/id227063/"
  },
  {
    "name": "Ломексин, капсулы вагинальные 1000 мг, 1 шт",
    "producer": "Рекордати химическая и фармацевтическая индустрия, Италия",
    "active_component": "Фентиконазол",
    "qrcode": [
      5391519920732
    ],
    "url": "https://www.eapteka.ru/goods/id216528/"
  },
  {
    "name": "Бимоптик Плюс капли глазные 0,3 мг/мл+5 мг/мл флаконы, 3 мл",
    "producer": "К.О.Ромфарм Компани С.Р.Л., Румыния",
    "active_component": "Биматопрост, Тимолол",
    "qrcode": [
      5944728003651
    ],
    "url": "https://www.eapteka.ru/goods/id504286/"
  },
  {
    "name": "Люффель спрей гомеопатический, 20 мл",
    "producer": "Biologische Heilmittel Heel, Германия",
    "active_component": "Гомеопатический состав",
    "qrcode": [
      4601654000864,
      4047642014527
    ],
    "url": "https://www.eapteka.ru/goods/id206789/"
  },
  {
    "name": "Долобене гель, 90 г",
    "producer": "Меркле ГмбХ, Германия",
    "active_component": "Гепарин натрия, Декспантенол, Диметилсульфоксид",
    "qrcode": [
      4030096119344
    ],
    "url": "https://www.eapteka.ru/goods/id300016/"
  },
  {
    "name": "Меркаптопурин таблетки 50 мг 25 шт., упак.",
    "producer": "Белмедпрепараты, Беларусь",
    "active_component": "Меркаптопурин",
    "qrcode": [
      4810133006215
    ],
    "url": "https://www.eapteka.ru/goods/id247005/"
  },
  {
    "name": "Небиволол-Тева, таблетки 5 мг 56 шт",
    "producer": "Балканфарма - Дупница АД, Болгария",
    "active_component": "Небиволол",
    "qrcode": [
      4630013791143
    ],
    "url": "https://www.eapteka.ru/goods/id512722/"
  },
  {
    "name": "Розувастатин-Вертекс, таблетки покрыт.плен.об. 20 мг 30 шт",
    "producer": "Вертекс, Россия",
    "active_component": "Розувастатин",
    "qrcode": [
      4607003248970,
      4670033320350,
      "-"
    ],
    "url": "https://www.eapteka.ru/goods/id296997/"
  },
  {
    "name": "Неванак, капли глазные 0,1 % 5 мл 1 шт",
    "producer": "Alcon-Couvreur, Бельгия",
    "active_component": "Непафенак",
    "qrcode": [
      5413895021381,
      7613421035686,
      2711177547295
    ],
    "url": "https://www.eapteka.ru/goods/id218170/"
  },
  {
    "name": "Косилон спрей для наружного применения 2%, 60 мл",
    "producer": "Босналек, Босния и Герцеговина",
    "active_component": "Миноксидил",
    "qrcode": [
      3870010005091
    ],
    "url": "https://www.eapteka.ru/goods/id211605/"
  },
  {
    "name": "Мегадексан таблетки 10 мг, 60 шт.",
    "producer": "Озон, Россия",
    "active_component": "Дексаметазон",
    "qrcode": [
      4607027764890
    ],
    "url": "https://www.eapteka.ru/goods/id495049/"
  },
  {
    "name": "Нутриэн Стандарт с пищевыми волокнами лечебное (энтеральное) питание, сухая смесь, 350 г",
    "producer": "Инфаприм ЗАО, Россия",
    "active_component": "",
    "qrcode": [
      4600490617083
    ],
    "url": "https://www.eapteka.ru/goods/id212878/"
  },
  {
    "name": "Эквапресс, капсулы с модифиц высвобож 5 мг+1,5 мг+20 мг    28 шт",
    "producer": "Гедеон Рихтер, Венгрия",
    "active_component": "Амлодипин, Индапамид, Лизиноприл",
    "qrcode": [
      4605469003829
    ],
    "url": "https://www.eapteka.ru/goods/id354875/"
  },
  {
    "name": "Тизоптан, капли глазные 0,3 мг+5 мг/мл  3 мл 1 шт",
    "producer": "Сентисс Фарма Пвт.Лтд, Индия",
    "active_component": "Биматопрост, Тимолол",
    "qrcode": [
      8901236020133,
      8901236020130,
      "-"
    ],
    "url": "https://www.eapteka.ru/goods/id359759/"
  },
  {
    "name": "Тиоцетам, р-р для в/вен.и в/мыш.введ.25мг+100мг 5мл амп 10шт",
    "producer": "Галичфарм, Украина",
    "active_component": "",
    "qrcode": [
      8606107942605,
      4823000804739,
      4823000801646
    ],
    "url": "https://www.eapteka.ru/goods/id228450/"
  },
  {
    "name": "Артро-Фрейм Глюкозамин Хондроитин 600мг+300мг капсулы, 60 шт.",
    "producer": "В-МИН ООО, Россия",
    "active_component": "",
    "qrcode": [
      4607085233246
    ],
    "url": "https://www.eapteka.ru/goods/id506119/"
  },
  {
    "name": "Магне B6 р-р для приема внутрь 10 мл ампулы, 10 шт.",
    "producer": "Кооперасьон Фармасетик Франсэз, Франция",
    "active_component": "Магний, Пиридоксин",
    "qrcode": [
      3582910026723,
      3582910026722
    ],
    "url": "https://www.eapteka.ru/goods/id103403/"
  },
  {
    "name": "Ксалатамакс, глазные капли 0.005%, 2,5 мл",
    "producer": "ЯДРАН-ГАЛЕНСКИ ЛАБОРАТОРИЙ а.о., Хорватия",
    "active_component": "Латанопрост",
    "qrcode": [
      8002660014368
    ],
    "url": "https://www.eapteka.ru/goods/id215442/"
  },
  {
    "name": "Теночек, таблетки   28 шт",
    "producer": "Ипка Лабораториз Лимитед, Индия",
    "active_component": "Амлодипин, Атенолол",
    "qrcode": [
      8901079004703
    ],
    "url": "https://www.eapteka.ru/goods/id207720/"
  }
]