[
  {
    "name": "Левофлоксацин таблетки покрыт.плен.об. 750 мг, 10 шт.",
    "producer": "Озон, Россия",
    "active_component": "Левофлоксацин",
    "qrcode": [
      4680020180690,
      4607027768621
    ],
    "url": "https://www.eapteka.ru/goods/id499265/"
  },
  {
    "name": "Энтерол, капсулы 250 мг   30 шт",
    "producer": "Биокодекс, Франция",
    "active_component": "",
    "qrcode": [
      35833166693,
      3583316669217
    ],
    "url": "https://www.eapteka.ru/goods/id262313/"
  },
  {
    "name": "Флувир порошок 3.93 г саше 10 шт., упак.",
    "producer": "Пробиотикал С.п.А., Швейцария",
    "active_component": "",
    "qrcode": [
      7640158261002
    ],
    "url": "https://www.eapteka.ru/goods/id253503/"
  },
  {
    "name": "Пронтосан, гель для наружного применения 30 мл 1 шт",
    "producer": "Б.Браун Мельзунген АГ, Швейцария",
    "active_component": "Ундициленовый Амидопропил-Бетаин",
    "qrcode": [
      4046963423933
    ],
    "url": "https://www.eapteka.ru/goods/id213087/"
  },
  {
    "name": "Энцетрон-СОЛОфарм, раствор для приема внутрь 100 мг/мл 10 5 шт",
    "producer": "Гротекс ООО, Россия",
    "active_component": "Цитиколин",
    "qrcode": [
      4670028220771
    ],
    "url": "https://www.eapteka.ru/goods/id334435/"
  },
  {
    "name": "Роксера, таблетки покрыт.плен.об. 15 мг 30 шт",
    "producer": "КРКА-РУС, Россия",
    "active_component": "Розувастатин",
    "qrcode": [
      3838989582463,
      4610017701195
    ],
    "url": "https://www.eapteka.ru/goods/id215274/"
  },
  {
    "name": "Силденафил-СЗ, таблетки покрыт.плен.об. 100 мг 20 шт",
    "producer": "Северная Звезда, Россия",
    "active_component": "Силденафил",
    "qrcode": [
      4690655014949
    ],
    "url": "https://www.eapteka.ru/goods/id264639/"
  },
  {
    "name": "Дипросалик, мазь для наружного применения 30 г   1 шт",
    "producer": "Байер Биттерфельд ГмбХ, Германия",
    "active_component": "Бетаметазон, Салициловая кислота",
    "qrcode": [
      4250369506385,
      4602210000021
    ],
    "url": "https://www.eapteka.ru/goods/id20502/"
  },
  {
    "name": "Небилонг АМ, таблетки 5 мг+5 мг  30 шт",
    "producer": "Микро Лабс Лтд, Индия",
    "active_component": "Амлодипин, Небиволол",
    "qrcode": [
      8901302094150
    ],
    "url": "https://www.eapteka.ru/goods/id222671/"
  },
  {
    "name": "Заласта Ку-таб таблетки, диспергируемые в полости рта 10 мг, 28 шт.",
    "producer": "Словения",
    "active_component": "Оланзапин",
    "qrcode": [
      3838989562779
    ],
    "url": "https://www.eapteka.ru/goods/id216822/"
  },
  {
    "name": "КИП лиофилизат для приготовления раствора для приема внутрь 300 мг 1 доза флакон, 5 шт.",
    "producer": "ИЦБТ ООО, Россия",
    "active_component": "",
    "qrcode": [
      4631140804676,
      4640072190016
    ],
    "url": "https://www.eapteka.ru/goods/id301457/"
  },
  {
    "name": "Эспумизан Бэби, капли для приема внутрь 100 мг/мл 50 мл 1 шт",
    "producer": "Берлин-Хеми АГ, Германия",
    "active_component": "Симетикон",
    "qrcode": [
      4013054017494
    ],
    "url": "https://www.eapteka.ru/goods/id277946/"
  },
  {
    "name": "Эспумизан, капсулы 40 мг   50 шт",
    "producer": "Каталент Германия Эбербах ГмбХ, Германия",
    "active_component": "Симетикон",
    "qrcode": [
      4013054002001
    ],
    "url": "https://www.eapteka.ru/goods/id22351/"
  },
  {
    "name": "Липотан блокатор жира и калорий таблетки 500 мг, 30 шт.",
    "producer": "Аклен, Россия",
    "active_component": "",
    "qrcode": [
      4627074811590
    ],
    "url": "https://www.eapteka.ru/goods/id317488/"
  },
  {
    "name": "Уротол, таблетки покрыт.плен.об. 2 мг 56 шт",
    "producer": "Зентива к.с, Чешская Республика",
    "active_component": "Толтеродин",
    "qrcode": [
      8594739224674,
      8594739201910
    ],
    "url": "https://www.eapteka.ru/goods/id212130/"
  },
  {
    "name": "Гепамин, пакеты 5 г, 20 шт.",
    "producer": "Академия Т, Россия",
    "active_component": "",
    "qrcode": [
      4607055680049
    ],
    "url": "https://www.eapteka.ru/goods/id225921/"
  },
  {
    "name": "Релиф Про суппозитории ректальные 40 мг+1 мг, 10 шт.",
    "producer": "Институт де Ангели С.р.Л, Италия",
    "active_component": "Лидокаин, Флуокортолон",
    "qrcode": [
      4250369509119
    ],
    "url": "https://www.eapteka.ru/goods/id513278/"
  },
  {
    "name": "Скинорен, гель для наружного применения 15 % 15 г 1 шт",
    "producer": "ЛЕО Фарма Мануфэкчуринг Итали С.р.л, Италия",
    "active_component": "Азелаиновая кислота",
    "qrcode": [
      4260085521210,
      5702191024562
    ],
    "url": "https://www.eapteka.ru/goods/id207517/"
  },
  {
    "name": "Ганатон таблетки покрыт.плен.об. 50 мг, 40 шт.",
    "producer": "Майлан ЕПД Г.К, Япония",
    "active_component": "Итоприд",
    "qrcode": [
      8002660000101
    ],
    "url": "https://www.eapteka.ru/goods/id209875/"
  },
  {
    "name": "Салофальк, таблетки покрыт.плен.об. 500 мг 50 шт",
    "producer": "Др Фальк, Германия",
    "active_component": "Месалазин",
    "qrcode": [
      4032717000055,
      4032717998536
    ],
    "url": "https://www.eapteka.ru/goods/id23333/"
  }
]