[
  {
    "name": "Хондроитин-Вертекс, капсулы   250 мг 50 шт",
    "producer": "Вертекс, Россия",
    "active_component": "Хондроитина сульфат",
    "qrcode": [
      4607003245580,
      4670033321050
    ],
    "url": "https://www.eapteka.ru/goods/id230942/"
  },
  {
    "name": "Монтелукаст-Вертекс, таблетки покрыт.плен.об. 10 мг 30 шт",
    "producer": "Вертекс, Россия",
    "active_component": "Монтелукаст",
    "qrcode": [
      4607003248215,
      4670033321517
    ],
    "url": "https://www.eapteka.ru/goods/id263215/"
  },
  {
    "name": "Хаврикс суспензия для в/м введ 720 ЕД, 1 доза 0,5 мл шприцы 1 шт.",
    "producer": "ГлаксоСмитКляйн Байолоджикалз с.а., Бельгия",
    "active_component": "Вакцина для профилактики вирусного гепатита А",
    "qrcode": [
      4607008131246
    ],
    "url": "https://www.eapteka.ru/goods/id110225/"
  },
  {
    "name": "Энап-Н, таблетки 25 мг+10 мг  60 шт",
    "producer": "КРКА дд Ново место, Словения",
    "active_component": "Гидрохлоротиазид, Эналаприл",
    "qrcode": [
      4607055136683,
      3838989666255
    ],
    "url": "https://www.eapteka.ru/goods/id250743/"
  },
  {
    "name": "Мелаксен, таблетки покрыт.плен.об. 3 мг 24 шт",
    "producer": "Юнифарм, США",
    "active_component": "Мелатонин",
    "qrcode": [
      3629001624243,
      4630121500194
    ],
    "url": "https://www.eapteka.ru/goods/id99955/"
  },
  {
    "name": "Магнелис В6, таблетки покрыт.об.   120 шт",
    "producer": "Фармстандарт-УфаВИТА, Россия",
    "active_component": "Магний, Пиридоксин",
    "qrcode": [
      4601808013481,
      "-",
      4601808014075
    ],
    "url": "https://www.eapteka.ru/goods/id338076/"
  },
  {
    "name": "Ксалатан, капли глазные 0,005 % 2,5 мл 1 шт",
    "producer": "Пфайзер, Пуэрто-Рико",
    "active_component": "Латанопрост",
    "qrcode": [
      4601951000475,
      4607131045106
    ],
    "url": "https://www.eapteka.ru/goods/id105136/"
  },
  {
    "name": "Феррум Лек, таблетки жевательные 100 мг   90 шт",
    "producer": "Лек д.д., Словения",
    "active_component": "",
    "qrcode": [
      3838957072910
    ],
    "url": "https://www.eapteka.ru/goods/id268812/"
  },
  {
    "name": "Назонекс, спрей назальный дозированный 50 мкг/доза 60 доз 1 шт",
    "producer": "Шеринг-Плау Лабо Н.В., Бельгия",
    "active_component": "Мометазон",
    "qrcode": [
      4601969006988
    ],
    "url": "https://www.eapteka.ru/goods/id215167/"
  },
  {
    "name": "Альфаган Р, капли глазные 0,15 % 5 мл",
    "producer": "Аллерган Фармасьютикэлз Айэрлэнд, Ирландия",
    "active_component": "Бримонидин",
    "qrcode": [
      5016007202809
    ],
    "url": "https://www.eapteka.ru/goods/id214447/"
  },
  {
    "name": "Лориста Н, таблетки покрыт.плен.об. 50 мг+12,5 мг 60 шт",
    "producer": "КРКА-РУС, Россия",
    "active_component": "Гидрохлоротиазид, Лозартан",
    "qrcode": [
      4607055136218,
      3838989541286
    ],
    "url": "https://www.eapteka.ru/goods/id211991/"
  },
  {
    "name": "Кардосал 10, таблетки покрыт.плен.об.10 мг 28 шт",
    "producer": "Даичи Санкио Юроуп ГмбХ, Германия",
    "active_component": "Олмесартана медоксомил",
    "qrcode": [
      4013054010006
    ],
    "url": "https://www.eapteka.ru/goods/id212597/"
  },
  {
    "name": "Эгипрес, капсулы 10 мг+10 мг    30 шт",
    "producer": "ЭГИС, Венгрия",
    "active_component": "Амлодипин, Рамиприл",
    "qrcode": [
      5995327143767
    ],
    "url": "https://www.eapteka.ru/goods/id227686/"
  },
  {
    "name": "Мемантин таблетки покрыт.плен.об. 10 мг, 30 шт.",
    "producer": "Изварино Фарма, Россия",
    "active_component": "Мемантин",
    "qrcode": [
      4660007704682
    ],
    "url": "https://www.eapteka.ru/goods/id350496/"
  },
  {
    "name": "Линдинет 20, таблетки покрыт.об. 21 шт",
    "producer": "Гедеон Рихтер, Венгрия",
    "active_component": "",
    "qrcode": [
      5997001359761,
      5997001326916,
      5997001371718
    ],
    "url": "https://www.eapteka.ru/goods/id206785/"
  },
  {
    "name": "Контролок, таблетки кишечнораст.покрыт.плен.об. 40 мг 28 шт",
    "producer": "Такеда ГмбХ, Германия",
    "active_component": "Пантопразол",
    "qrcode": [
      4031083002687
    ],
    "url": "https://www.eapteka.ru/goods/id23252/"
  },
  {
    "name": "Плавикс, таблетки покрыт.плен.об. 75 мг 28 шт",
    "producer": "Санофи Винтроп Индустрия, Франция",
    "active_component": "Клопидогрел",
    "qrcode": [
      3582910014188,
      3664798039160
    ],
    "url": "https://www.eapteka.ru/goods/id113404/"
  },
  {
    "name": "Сеалекс Силденафил таблетки покрыт.плен.об 100 мг, таблетки покрыт.плен.об. 100 мг 4 шт",
    "producer": "Оксфорд Лабораториз Пвт. Лтд., Индия",
    "active_component": "Силденафил",
    "qrcode": [
      8902034113652
    ],
    "url": "https://www.eapteka.ru/goods/id335904/"
  },
  {
    "name": "Делсия таблетки покрыт.плен.об. 3 мг+0,03 мг, таблетки покрыт.плен.об. 3 мг+0,03 мг 21 шт",
    "producer": "Сан Фармасьютикал Индастриз Лтд, Индия",
    "active_component": "Дроспиренон, Этинилэстрадиол",
    "qrcode": [
      8901127018225
    ],
    "url": "https://www.eapteka.ru/goods/id308419/"
  },
  {
    "name": "Паранит Репеллент, спрей, 100 мл",
    "producer": "Медженикс Бенилюкс НВ, Бельгия",
    "active_component": "",
    "qrcode": [
      5391520941351
    ],
    "url": "https://www.eapteka.ru/goods/id242371/"
  }
]