[
  {
    "name": "КИП лиофилизат для пригот р-ра для приема внутрь 300 мг 1 доза флаконы, 5 шт.",
    "producer": "Микроген НПО, Россия",
    "active_component": "",
    "qrcode": [
      4605021001461
    ],
    "url": "https://www.eapteka.ru/goods/id204088/"
  },
  {
    "name": "Эндоксан, таблетки покрыт.об. 50 мг   50 шт",
    "producer": "Прасфарма СЛ, Испания",
    "active_component": "Циклофосфамид",
    "qrcode": [
      5413760232096
    ],
    "url": "https://www.eapteka.ru/goods/id22594/"
  },
  {
    "name": "Финастерид-Тева, таблетки покрыт.плен.об. 5 мг 90 шт",
    "producer": "Тева Фармасьютикал Воркс Прайвэт Лимитед Компани, Венгрия",
    "active_component": "Финастерид",
    "qrcode": [
      5995377484025
    ],
    "url": "https://www.eapteka.ru/goods/id513273/"
  },
  {
    "name": "Конкор АМ, таблетки 5 мг+10 мг 30 шт.",
    "producer": "Россия",
    "active_component": "",
    "qrcode": [
      4027269303181
    ],
    "url": "https://www.eapteka.ru/goods/id221220/"
  },
  {
    "name": "Калмирекс р-р для в/мыш. и в/вен. введ. 2.5 мг/мл+100 мг/мл ампулы, 10 шт",
    "producer": "ФармФирма Сотекс, Россия",
    "active_component": "Лидокаин, Толперизон",
    "qrcode": [
      4605964005991
    ],
    "url": "https://www.eapteka.ru/goods/id304560/"
  },
  {
    "name": "Лименда суппозитории вагинальные 750 мг+200 мг, 7 шт.",
    "producer": "Уорлд Медицин Илач Сан ве Тидж А.Ш., Турция",
    "active_component": "Метронидазол, Миконазол",
    "qrcode": [
      8680199900712
    ],
    "url": "https://www.eapteka.ru/goods/id514135/"
  },
  {
    "name": "Супироцин-Б, мазь   15 г 1 шт",
    "producer": "Гленмарк Фармасьютикалз Лтд, Индия",
    "active_component": "Бетаметазон, Мупироцин",
    "qrcode": [
      8904091150502
    ],
    "url": "https://www.eapteka.ru/goods/id221708/"
  },
  {
    "name": "Лотонел таблетки 10 мг, 60 шт.",
    "producer": "Вертекс, Россия",
    "active_component": "Торасемид",
    "qrcode": [
      4607003248666
    ],
    "url": "https://www.eapteka.ru/goods/id263195/"
  },
  {
    "name": "Эторикоксиб-Тева, таблетки покрыт.плен.об. 90 мг 28 шт",
    "producer": "Тева Фармасьютикал Воркс Прайвэт Лимитед Компани, Венгрия",
    "active_component": "Эторикоксиб",
    "qrcode": [
      5995377131011
    ],
    "url": "https://www.eapteka.ru/goods/id501514/"
  },
  {
    "name": "Уропрост-Д, суппозитории ректальные 6 мг 10 шт",
    "producer": "Альтфарм, Россия",
    "active_component": "Простаты экстракт",
    "qrcode": [
      4607035440601
    ],
    "url": "https://www.eapteka.ru/goods/id294656/"
  },
  {
    "name": "Бактериофаг колипротейный раствор для перорального, местного и наружного применения фл, 100 мл",
    "producer": "Микроген НПО, Россия",
    "active_component": "Бактериофаг колипротейный",
    "qrcode": [
      4605021001645,
      "-"
    ],
    "url": "https://www.eapteka.ru/goods/id113653/"
  },
  {
    "name": "Пантогам, таблетки 500 мг 50 шт",
    "producer": "Пик-Фарма, Россия",
    "active_component": "Гопантеновая кислота",
    "qrcode": [
      4650057490208,
      4630016120117
    ],
    "url": "https://www.eapteka.ru/goods/id221216/"
  },
  {
    "name": "Циклодинон, таблетки покрыт.плен.об. 30 шт",
    "producer": "Роттендорф Фарма ГмбХ, Германия",
    "active_component": "",
    "qrcode": [
      4029799139735
    ],
    "url": "https://www.eapteka.ru/goods/id209722/"
  },
  {
    "name": "Холитилин, капсулы 400 мг   28 шт",
    "producer": "Канонфарма продакшн ЗАО, Россия",
    "active_component": "Холина альфосцерат",
    "qrcode": [
      4606486041641,
      4606486041610
    ],
    "url": "https://www.eapteka.ru/goods/id512563/"
  },
  {
    "name": "Крем-карандаш ГЕМ 10 шт., упак.",
    "producer": "Адонис, Россия",
    "active_component": "",
    "qrcode": [
      4680007361265
    ],
    "url": "https://www.eapteka.ru/goods/id266617/"
  },
  {
    "name": "Гинкго Билоба Эвалар таблетки 120 мг, 60 шт.",
    "producer": "Эвалар, Россия",
    "active_component": "",
    "qrcode": [
      4602242007999
    ],
    "url": "https://www.eapteka.ru/goods/id236933/"
  },
  {
    "name": "Розувастатин, таблетки покрыт.плен.об. 20 мг 30 шт",
    "producer": "Р-Фарм Новоселки, Россия",
    "active_component": "Розувастатин",
    "qrcode": [
      4630157810410
    ],
    "url": "https://www.eapteka.ru/goods/id513947/"
  },
  {
    "name": "Клензит, гель для наружного применения 0,1 % 30 г 1 шт",
    "producer": "Гленмарк Фармасьютикалз Лтд, Индия",
    "active_component": "Адапален",
    "qrcode": [
      8904091103119
    ],
    "url": "https://www.eapteka.ru/goods/id214233/"
  },
  {
    "name": "Аммифурин, таблетки 20 мг 50 шт",
    "producer": "Фармцентр ВИЛАР АО, Россия",
    "active_component": "Амми большой плодов фурокумарины",
    "qrcode": [
      4602329001162,
      4602329001605
    ],
    "url": "https://www.eapteka.ru/goods/id47451/"
  },
  {
    "name": "Энтерол, капсулы 250 мг   30 шт",
    "producer": "Биокодекс, Франция",
    "active_component": "",
    "qrcode": [
      3583316669309
    ],
    "url": "https://www.eapteka.ru/goods/id102749/"
  }
]